txn_id,timestamp,sender_id,receiver_id,amount,merchant_category,device_type,city,hour_of_day,is_fraud,fraud_pattern
TXN100001,2026-09-01 00:02:00,USER101984,MERCH200601,13635.17,P2P Transfer,iOS,Kolkata,0,1,odd_hour_high_amount
TXN100002,2026-09-01 00:08:13,USER100913,USER102304,420.06,Healthcare,Android,Mumbai,0,0,
TXN100003,2026-09-01 00:36:17,USER100590,USER102747,340.28,Food & Dining,iOS,Jaipur,0,0,
TXN100004,2026-09-01 01:33:00,USER102310,MERCH200784,35092.67,Fuel,Android,Pune,1,1,odd_hour_high_amount
TXN100005,2026-09-01 01:50:00,USER102272,USER102795,44914.75,Fuel,iOS,Patna,1,1,odd_hour_high_amount
TXN100006,2026-09-01 01:51:10,USER100636,USER100105,279.16,Food & Dining,Android,Hyderabad,1,0,
TXN100007,2026-09-01 01:54:08,USER102971,USER100390,1547.69,Shopping,Android,Chennai,1,0,
TXN100008,2026-09-01 02:10:00,USER101715,USER102602,5367.1,P2P Transfer,Android,Pune,2,1,velocity_burst
TXN100009,2026-09-01 02:12:00,USER102217,USER100063,49075.39,Entertainment,Android,Delhi,2,1,odd_hour_high_amount
TXN100010,2026-09-01 02:26:00,USER102480,USER102265,33457.2,Shopping,Android,Pune,2,1,odd_hour_high_amount
TXN100011,2026-09-01 02:56:00,USER101040,USER102950,15080.37,Shopping,iOS,Delhi,2,1,odd_hour_high_amount
TXN100012,2026-09-01 03:03:43,USER102332,USER101856,164.35,Shopping,Android,Kolkata,3,0,
TXN100013,2026-09-01 03:37:00,USER101133,USER101842,36196.67,Shopping,Android,Delhi,3,1,odd_hour_high_amount
TXN100014,2026-09-01 04:07:00,USER102666,USER101899,6591.25,P2P Transfer,Android,Delhi,4,1,velocity_burst
TXN100015,2026-09-01 05:33:30,USER100761,USER100922,824.34,Mobile Recharge,Android,Pune,5,0,
TXN100016,2026-09-01 06:14:56,USER101266,USER102616,49.56,Food & Dining,Android,Mumbai,6,0,
TXN100017,2026-09-01 06:22:38,USER101703,USER101237,376.14,Shopping,Android,Patna,6,0,
TXN100018,2026-09-01 06:27:27,USER100751,MERCH200207,241.15,Grocery,Android,Mumbai,6,0,
TXN100019,2026-09-01 06:30:25,USER100710,MERCH201106,1565.78,Food & Dining,Android,Chennai,6,0,
TXN100020,2026-09-01 06:44:06,USER100480,USER102648,769.74,Entertainment,Android,Bengaluru,6,0,
TXN100021,2026-09-01 06:45:44,USER100989,USER101049,113.38,Shopping,Android,Bengaluru,6,0,
TXN100022,2026-09-01 07:05:42,USER101708,USER100188,501.66,Travel,Android,Mumbai,7,0,
TXN100023,2026-09-01 07:09:03,USER101145,MERCH201185,133.45,Mobile Recharge,Android,Hyderabad,7,0,
TXN100024,2026-09-01 07:09:13,USER101827,USER102834,577.82,Grocery,Android,Kolkata,7,0,
TXN100025,2026-09-01 07:16:50,USER101944,MERCH200116,1034.09,Healthcare,Android,Ahmedabad,7,0,
TXN100026,2026-09-01 07:23:47,USER100786,USER101405,916.61,Grocery,iOS,Delhi,7,0,
TXN100027,2026-09-01 07:25:12,USER102627,MERCH201460,324.59,Fuel,iOS,Kolkata,7,0,
TXN100028,2026-09-01 07:25:19,USER102575,MERCH200986,1506.98,Travel,Android,Indore,7,0,
TXN100029,2026-09-01 07:29:00,USER101473,USER102614,478.95,Healthcare,iOS,Jaipur,7,0,
TXN100030,2026-09-01 07:30:36,USER100834,MERCH200963,412.1,Entertainment,Android,Indore,7,0,
TXN100031,2026-09-01 07:32:23,USER101079,MERCH200202,68.72,P2P Transfer,iOS,Chennai,7,0,
TXN100032,2026-09-01 07:34:53,USER100782,MERCH201107,1534.39,Shopping,Android,Delhi,7,0,
TXN100033,2026-09-01 07:38:39,USER100202,MERCH200524,165.7,Fuel,Android,Ahmedabad,7,0,
TXN100034,2026-09-01 07:39:43,USER101282,MERCH200679,384.5,Travel,Android,Kolkata,7,0,
TXN100035,2026-09-01 07:46:38,USER100236,USER100037,238.56,Entertainment,Android,Chennai,7,0,
TXN100036,2026-09-01 07:53:20,USER100720,USER100066,1663.26,P2P Transfer,Android,Mumbai,7,0,
TXN100037,2026-09-01 07:57:27,USER102603,MERCH200132,212.26,Entertainment,Android,Bengaluru,7,0,
TXN100038,2026-09-01 08:02:14,USER102141,USER102394,195.15,Entertainment,Android,Pune,8,0,
TXN100039,2026-09-01 08:05:18,USER100630,USER101920,163.58,Travel,Android,Lucknow,8,0,
TXN100040,2026-09-01 08:05:18,USER101940,MERCH200828,210.22,Travel,Android,Patna,8,0,
TXN100041,2026-09-01 08:05:35,USER100701,USER100551,516.47,Grocery,Android,Bengaluru,8,0,
TXN100042,2026-09-01 08:06:15,USER100878,USER102236,85.25,Travel,iOS,Bengaluru,8,0,
TXN100043,2026-09-01 08:06:34,USER101907,MERCH201400,2953.41,Travel,Android,Pune,8,0,
TXN100044,2026-09-01 08:06:58,USER102519,USER101132,253.05,P2P Transfer,iOS,Bengaluru,8,0,
TXN100045,2026-09-01 08:07:28,USER100209,USER101611,359.27,Shopping,iOS,Mumbai,8,0,
TXN100046,2026-09-01 08:07:32,USER101529,USER102700,722.01,Entertainment,Android,Hyderabad,8,0,
TXN100047,2026-09-01 08:08:17,USER101995,USER101625,81.59,Grocery,Android,Chennai,8,0,
TXN100048,2026-09-01 08:09:22,USER100787,USER102290,136.14,Fuel,Android,Delhi,8,0,
TXN100049,2026-09-01 08:10:03,USER102870,USER101261,1456.54,Food & Dining,Android,Mumbai,8,0,
TXN100050,2026-09-01 08:10:28,USER100693,USER102945,344.43,Entertainment,Android,Mumbai,8,0,
TXN100051,2026-09-01 08:11:21,USER102361,USER100959,305.96,Travel,Android,Mumbai,8,0,
TXN100052,2026-09-01 08:15:12,USER101045,USER102209,592.97,Grocery,Android,Hyderabad,8,0,
TXN100053,2026-09-01 08:16:38,USER100189,MERCH201089,2483.33,Travel,Android,Bengaluru,8,0,
TXN100054,2026-09-01 08:17:57,USER101789,MERCH200568,134.34,Utility Bills,Android,Delhi,8,0,
TXN100055,2026-09-01 08:19:13,USER101413,USER100570,169.68,Fuel,Android,Delhi,8,0,
TXN100056,2026-09-01 08:21:40,USER101631,USER100238,494.95,Mobile Recharge,Android,Jaipur,8,0,
TXN100057,2026-09-01 08:25:04,USER102033,MERCH200858,2099.47,Fuel,Android,Ahmedabad,8,0,
TXN100058,2026-09-01 08:37:00,USER102358,USER100470,176.43,Shopping,Android,Delhi,8,0,
TXN100059,2026-09-01 08:39:29,USER100353,USER102468,910.01,Grocery,Android,Jaipur,8,0,
TXN100060,2026-09-01 08:39:54,USER101973,USER100358,795.3,Healthcare,Android,Chennai,8,0,
TXN100061,2026-09-01 08:42:56,USER101794,USER101292,314.01,Food & Dining,iOS,Jaipur,8,0,
TXN100062,2026-09-01 08:43:16,USER100045,MERCH200869,188.25,Shopping,Android,Delhi,8,0,
TXN100063,2026-09-01 08:44:12,USER100587,USER100875,117.11,Mobile Recharge,Android,Delhi,8,0,
TXN100064,2026-09-01 08:44:52,USER102939,USER102379,197.78,Grocery,Android,Patna,8,0,
TXN100065,2026-09-01 08:46:49,USER102374,USER101654,202.12,Healthcare,Android,Bengaluru,8,0,
TXN100066,2026-09-01 08:49:05,USER101144,USER100031,146.53,Shopping,Android,Delhi,8,0,
TXN100067,2026-09-01 08:49:12,USER100486,USER102717,224.61,P2P Transfer,Android,Patna,8,0,
TXN100068,2026-09-01 08:52:01,USER102974,USER102605,1643.14,Healthcare,Android,Patna,8,0,
TXN100069,2026-09-01 08:52:08,USER101460,MERCH201248,374.45,Utility Bills,Android,Bengaluru,8,0,
TXN100070,2026-09-01 08:53:27,USER101569,USER100842,1035.87,Mobile Recharge,Android,Mumbai,8,0,
TXN100071,2026-09-01 08:58:02,USER102510,MERCH200183,162.73,Healthcare,Android,Lucknow,8,0,
TXN100072,2026-09-01 08:58:17,USER100242,USER100962,1163.15,Fuel,iOS,Mumbai,8,0,
TXN100073,2026-09-01 09:04:45,USER101814,USER102203,396.41,Entertainment,Android,Kolkata,9,0,
TXN100074,2026-09-01 09:04:47,USER100102,USER102819,1735.02,Travel,Android,Chennai,9,0,
TXN100075,2026-09-01 09:05:03,USER101208,MERCH201440,592.34,Fuel,Android,Pune,9,0,
TXN100076,2026-09-01 09:05:26,USER102658,USER100691,415.12,Healthcare,iOS,Ahmedabad,9,0,
TXN100077,2026-09-01 09:05:39,USER100294,USER101040,275.06,Fuel,Android,Delhi,9,0,
TXN100078,2026-09-01 09:05:45,USER101711,MERCH201000,999.1,Healthcare,Android,Delhi,9,0,
TXN100079,2026-09-01 09:05:51,USER101114,MERCH200111,347.17,Healthcare,iOS,Chennai,9,0,
TXN100080,2026-09-01 09:06:23,USER101603,USER102947,912.22,Travel,iOS,Kolkata,9,0,
TXN100081,2026-09-01 09:06:53,USER102270,USER101911,20435.59,Healthcare,New Device,Kolkata,9,1,new_device_high
TXN100082,2026-09-01 09:08:45,USER102216,USER100872,176.11,Entertainment,Android,Kolkata,9,0,
TXN100083,2026-09-01 09:15:08,USER100158,USER102762,548.3,Food & Dining,Android,Pune,9,0,
TXN100084,2026-09-01 09:16:36,USER100137,USER101043,198.58,P2P Transfer,iOS,Kolkata,9,0,
TXN100085,2026-09-01 09:16:43,USER102214,MERCH200257,274.84,Utility Bills,Android,Lucknow,9,0,
TXN100086,2026-09-01 09:16:47,USER102919,MERCH200647,727.66,Shopping,Android,Mumbai,9,0,
TXN100087,2026-09-01 09:17:08,USER101373,MERCH200692,943.96,Fuel,Android,Hyderabad,9,0,
TXN100088,2026-09-01 09:17:24,USER102666,MERCH200334,309.26,Mobile Recharge,iOS,Kolkata,9,0,
TXN100089,2026-09-01 09:17:34,USER100423,USER101629,177.73,Shopping,Android,Hyderabad,9,0,
TXN100090,2026-09-01 09:18:36,USER102299,USER100491,540.45,Fuel,Android,Hyderabad,9,0,
TXN100091,2026-09-01 09:20:53,USER101312,USER101435,615.89,Entertainment,Android,Pune,9,0,
TXN100092,2026-09-01 09:21:19,USER102193,USER102497,1675.69,Utility Bills,Android,Kolkata,9,0,
TXN100093,2026-09-01 09:21:25,USER102318,MERCH200348,25000.0,Shopping,Android,Patna,9,1,round_number
TXN100094,2026-09-01 09:21:58,USER100358,USER100692,824.27,Food & Dining,Android,Mumbai,9,0,
TXN100095,2026-09-01 09:23:01,USER101058,USER100239,88.16,Fuel,Android,Mumbai,9,0,
TXN100096,2026-09-01 09:25:12,USER100073,MERCH200219,479.15,Entertainment,Android,Patna,9,0,
TXN100097,2026-09-01 09:26:33,USER101661,MERCH200148,225.3,Utility Bills,Android,Jaipur,9,0,
TXN100098,2026-09-01 09:26:34,USER102114,USER101623,2295.24,Travel,Android,Chennai,9,0,
TXN100099,2026-09-01 09:28:41,USER100448,USER102116,195.41,Shopping,Android,Chennai,9,0,
TXN100100,2026-09-01 09:31:07,USER100096,MERCH200733,244.24,Mobile Recharge,iOS,Delhi,9,0,
TXN100101,2026-09-01 09:33:04,USER100034,MERCH201220,393.8,Fuel,Android,Lucknow,9,0,
TXN100102,2026-09-01 09:36:59,USER100966,USER102047,120.53,Healthcare,Android,Delhi,9,0,
TXN100103,2026-09-01 09:38:28,USER102524,USER102293,516.33,Travel,iOS,Delhi,9,0,
TXN100104,2026-09-01 09:38:42,USER102010,MERCH200387,218.86,Fuel,Android,Pune,9,0,
TXN100105,2026-09-01 09:39:47,USER101816,USER100486,534.0,P2P Transfer,Android,Ahmedabad,9,0,
TXN100106,2026-09-01 09:41:18,USER101474,USER100692,1771.29,Shopping,Android,Jaipur,9,0,
TXN100107,2026-09-01 09:43:12,USER100843,USER100794,143.92,Travel,iOS,Mumbai,9,0,
TXN100108,2026-09-01 09:43:17,USER101655,MERCH200675,63.26,Mobile Recharge,Android,Mumbai,9,0,
TXN100109,2026-09-01 09:43:57,USER102141,USER100422,598.8,Shopping,Android,Indore,9,0,
TXN100110,2026-09-01 09:45:58,USER101759,MERCH200377,237.34,Healthcare,Android,Mumbai,9,0,
TXN100111,2026-09-01 09:51:28,USER100337,MERCH201293,260.02,Entertainment,Android,Jaipur,9,0,
TXN100112,2026-09-01 09:54:15,USER100378,USER102470,123.44,Travel,Android,Chennai,9,0,
TXN100113,2026-09-01 09:55:01,USER100740,USER100709,100000.0,Fuel,iOS,Mumbai,9,1,round_number
TXN100114,2026-09-01 09:55:39,USER102237,USER101733,110.63,Fuel,Android,Bengaluru,9,0,
TXN100115,2026-09-01 09:55:52,USER101958,USER101854,323.16,Fuel,Android,Lucknow,9,0,
TXN100116,2026-09-01 09:59:23,USER102995,MERCH200578,147.43,Healthcare,Android,Mumbai,9,0,
TXN100117,2026-09-01 09:59:30,USER101348,USER102198,154.83,Fuel,Android,Mumbai,9,0,
TXN100118,2026-09-01 10:01:18,USER100904,USER102290,106.47,Healthcare,Android,Mumbai,10,0,
TXN100119,2026-09-01 10:02:02,USER102131,USER101999,224.8,Mobile Recharge,Android,Patna,10,0,
TXN100120,2026-09-01 10:04:22,USER101402,USER101988,323.82,Entertainment,iOS,Mumbai,10,0,
TXN100121,2026-09-01 10:07:05,USER100167,MERCH201492,1354.08,Travel,iOS,Mumbai,10,0,
TXN100122,2026-09-01 10:07:23,USER102375,USER101133,856.07,Mobile Recharge,Android,Bengaluru,10,0,
TXN100123,2026-09-01 10:09:00,USER100250,USER100027,282.91,Shopping,Android,Kolkata,10,0,
TXN100124,2026-09-01 10:09:34,USER101060,USER102071,134.97,Shopping,Android,Mumbai,10,0,
TXN100125,2026-09-01 10:11:28,USER100151,USER100225,411.97,Entertainment,Android,Chennai,10,0,
TXN100126,2026-09-01 10:13:59,USER102537,USER102359,565.4,P2P Transfer,Android,Ahmedabad,10,0,
TXN100127,2026-09-01 10:14:00,USER101646,USER101634,1396.89,Entertainment,Android,Pune,10,0,
TXN100128,2026-09-01 10:14:40,USER100160,USER100074,251.79,Healthcare,Android,Mumbai,10,0,
TXN100129,2026-09-01 10:16:51,USER101935,USER102440,158.63,P2P Transfer,Android,Pune,10,0,
TXN100130,2026-09-01 10:17:13,USER101052,USER100095,535.93,Fuel,Android,Delhi,10,0,
TXN100131,2026-09-01 10:17:17,USER101091,USER101735,172.99,P2P Transfer,Android,Hyderabad,10,0,
TXN100132,2026-09-01 10:17:27,USER101655,USER100937,471.36,P2P Transfer,Android,Bengaluru,10,0,
TXN100133,2026-09-01 10:18:08,USER101557,MERCH200762,924.31,Travel,Android,Mumbai,10,0,
TXN100134,2026-09-01 10:18:26,USER101676,USER100368,46.27,Travel,Android,Chennai,10,0,
TXN100135,2026-09-01 10:18:42,USER101071,USER102164,426.24,Entertainment,iOS,Pune,10,0,
TXN100136,2026-09-01 10:18:58,USER101401,USER102030,793.85,P2P Transfer,Android,Ahmedabad,10,0,
TXN100137,2026-09-01 10:18:59,USER102607,MERCH200345,527.56,Shopping,Android,Pune,10,0,
TXN100138,2026-09-01 10:19:03,USER100860,USER102350,390.76,Entertainment,Android,Jaipur,10,0,
TXN100139,2026-09-01 10:22:13,USER100228,USER102882,372.81,Fuel,Android,Hyderabad,10,0,
TXN100140,2026-09-01 10:22:18,USER100914,MERCH200000,519.55,Travel,Android,Chennai,10,0,
TXN100141,2026-09-01 10:23:26,USER100544,MERCH200389,66.05,Mobile Recharge,iOS,Pune,10,0,
TXN100142,2026-09-01 10:24:26,USER102889,USER100781,428.14,Travel,Android,Pune,10,0,
TXN100143,2026-09-01 10:25:31,USER102890,USER100607,629.09,Mobile Recharge,Android,Mumbai,10,0,
TXN100144,2026-09-01 10:27:00,USER100626,USER102319,280.25,Utility Bills,Android,Indore,10,0,
TXN100145,2026-09-01 10:28:55,USER100733,MERCH200593,938.59,Food & Dining,Android,Delhi,10,0,
TXN100146,2026-09-01 10:29:37,USER101741,USER101773,111.1,Utility Bills,Android,Jaipur,10,0,
TXN100147,2026-09-01 10:31:56,USER100988,MERCH200565,99.12,Travel,Android,Ahmedabad,10,0,
TXN100148,2026-09-01 10:32:06,USER102622,MERCH200393,409.42,Travel,Android,Indore,10,0,
TXN100149,2026-09-01 10:33:23,USER100950,USER101179,141.28,P2P Transfer,iOS,Patna,10,0,
TXN100150,2026-09-01 10:35:04,USER102541,USER100822,322.83,Mobile Recharge,Android,Bengaluru,10,0,
TXN100151,2026-09-01 10:39:43,USER102744,MERCH201330,2501.91,P2P Transfer,Android,Mumbai,10,0,
TXN100152,2026-09-01 10:39:53,USER100869,MERCH200798,310.25,P2P Transfer,Android,Delhi,10,0,
TXN100153,2026-09-01 10:43:41,USER100036,MERCH200893,1370.29,Travel,iOS,Hyderabad,10,0,
TXN100154,2026-09-01 10:44:12,USER100975,USER101831,536.92,Fuel,Android,Mumbai,10,0,
TXN100155,2026-09-01 10:46:00,USER101103,USER101773,634.34,Grocery,Android,Jaipur,10,0,
TXN100156,2026-09-01 10:47:32,USER100044,USER102717,147.52,Mobile Recharge,Android,Hyderabad,10,0,
TXN100157,2026-09-01 10:48:03,USER102395,USER100873,62.5,Healthcare,Android,Jaipur,10,0,
TXN100158,2026-09-01 10:50:39,USER101206,USER102325,285.0,Travel,Android,Indore,10,0,
TXN100159,2026-09-01 10:50:50,USER100895,MERCH200510,341.79,Fuel,Android,Indore,10,0,
TXN100160,2026-09-01 10:51:32,USER100025,MERCH200862,205.73,Mobile Recharge,Android,Pune,10,0,
TXN100161,2026-09-01 10:51:45,USER100671,USER100871,367.74,Fuel,Android,Chennai,10,0,
TXN100162,2026-09-01 10:52:09,USER102020,MERCH201151,529.61,Entertainment,Android,Mumbai,10,0,
TXN100163,2026-09-01 10:52:17,USER100841,USER100683,664.97,Mobile Recharge,iOS,Chennai,10,0,
TXN100164,2026-09-01 10:52:36,USER102744,USER100038,889.13,Entertainment,Android,Kolkata,10,0,
TXN100165,2026-09-01 10:54:22,USER100460,USER101842,169.79,Healthcare,Android,Pune,10,0,
TXN100166,2026-09-01 10:54:32,USER100937,MERCH201173,673.07,Food & Dining,Android,Hyderabad,10,0,
TXN100167,2026-09-01 10:55:06,USER102749,MERCH200859,261.79,Food & Dining,Android,Kolkata,10,0,
TXN100168,2026-09-01 10:56:52,USER100713,USER100151,432.82,Entertainment,Android,Indore,10,0,
TXN100169,2026-09-01 10:57:10,USER102105,USER102232,478.9,Fuel,Android,Mumbai,10,0,
TXN100170,2026-09-01 10:57:12,USER100074,MERCH200409,1525.87,Food & Dining,Android,Bengaluru,10,0,
TXN100171,2026-09-01 10:57:57,USER102420,USER100753,537.17,Grocery,Android,Pune,10,0,
TXN100172,2026-09-01 10:59:41,USER101701,MERCH200125,120.96,Shopping,Android,Pune,10,0,
TXN100173,2026-09-01 10:59:53,USER101532,USER100812,67.24,Shopping,Android,Bengaluru,10,0,
TXN100174,2026-09-01 11:00:20,USER102155,USER102843,153.21,Fuel,iOS,Hyderabad,11,0,
TXN100175,2026-09-01 11:00:51,USER100629,USER100399,96.16,Shopping,Android,Mumbai,11,0,
TXN100176,2026-09-01 11:01:23,USER101642,MERCH200330,482.38,Healthcare,Android,Ahmedabad,11,0,
TXN100177,2026-09-01 11:01:57,USER102378,USER102935,86.34,Entertainment,iOS,Delhi,11,0,
TXN100178,2026-09-01 11:02:37,USER100338,MERCH200299,756.44,Fuel,Android,Bengaluru,11,0,
TXN100179,2026-09-01 11:03:00,USER100253,USER101261,4639.52,P2P Transfer,iOS,Delhi,11,1,velocity_burst
TXN100180,2026-09-01 11:03:20,USER100678,USER101993,850.34,Mobile Recharge,Android,Delhi,11,0,
TXN100181,2026-09-01 11:06:38,USER100646,USER100887,1092.81,Fuel,Android,Patna,11,0,
TXN100182,2026-09-01 11:06:44,USER101615,USER102857,233.02,Healthcare,iOS,Delhi,11,0,
TXN100183,2026-09-01 11:08:29,USER100629,USER100111,532.2,Mobile Recharge,Android,Delhi,11,0,
TXN100184,2026-09-01 11:10:18,USER102041,USER101254,47.42,Fuel,Android,Pune,11,0,
TXN100185,2026-09-01 11:12:04,USER102549,USER100373,252.49,Healthcare,Android,Indore,11,0,
TXN100186,2026-09-01 11:13:37,USER100466,USER100208,3164.67,Utility Bills,Android,Chennai,11,0,
TXN100187,2026-09-01 11:14:03,USER102088,USER100700,76.05,Travel,Android,Bengaluru,11,0,
TXN100188,2026-09-01 11:14:07,USER101939,USER100984,165.11,Entertainment,Android,Pune,11,0,
TXN100189,2026-09-01 11:14:13,USER100053,USER100939,388.76,Food & Dining,Android,Delhi,11,0,
TXN100190,2026-09-01 11:14:15,USER102011,MERCH200375,300.59,Utility Bills,Android,Kolkata,11,0,
TXN100191,2026-09-01 11:17:50,USER102532,MERCH201002,962.52,P2P Transfer,Android,Delhi,11,0,
TXN100192,2026-09-01 11:18:01,USER102152,MERCH201174,411.27,Mobile Recharge,Android,Bengaluru,11,0,
TXN100193,2026-09-01 11:22:25,USER102149,USER101402,466.33,Mobile Recharge,Android,Mumbai,11,0,
TXN100194,2026-09-01 11:23:52,USER101742,USER100058,1771.34,Shopping,Android,Lucknow,11,0,
TXN100195,2026-09-01 11:25:49,USER100897,USER100099,306.22,Entertainment,Android,Kolkata,11,0,
TXN100196,2026-09-01 11:26:58,USER101306,MERCH201236,1597.17,P2P Transfer,Android,Kolkata,11,0,
TXN100197,2026-09-01 11:27:28,USER102655,USER100488,2298.31,Travel,Android,Indore,11,0,
TXN100198,2026-09-01 11:28:40,USER100647,MERCH200279,294.89,P2P Transfer,Android,Mumbai,11,0,
TXN100199,2026-09-01 11:30:56,USER100267,USER100733,2137.0,Fuel,Android,Bengaluru,11,0,
TXN100200,2026-09-01 11:32:47,USER102022,USER100140,1243.04,Healthcare,Android,Bengaluru,11,0,
TXN100201,2026-09-01 11:32:48,USER102888,USER100179,376.78,Entertainment,Android,Chennai,11,0,
TXN100202,2026-09-01 11:36:03,USER101148,MERCH201254,78.09,Entertainment,Android,Lucknow,11,0,
TXN100203,2026-09-01 11:37:06,USER100094,USER101882,124.63,Utility Bills,Android,Ahmedabad,11,0,
TXN100204,2026-09-01 11:37:06,USER101618,USER102602,164.33,Healthcare,Android,Mumbai,11,0,
TXN100205,2026-09-01 11:38:29,USER101472,MERCH201369,483.71,Travel,Android,Bengaluru,11,0,
TXN100206,2026-09-01 11:38:54,USER102336,USER100078,387.0,Entertainment,Android,Hyderabad,11,0,
TXN100207,2026-09-01 11:39:45,USER102138,USER101025,206.3,Fuel,Android,Chennai,11,0,
TXN100208,2026-09-01 11:41:32,USER102757,USER102877,461.7,Mobile Recharge,Android,Mumbai,11,0,
TXN100209,2026-09-01 11:41:46,USER101683,USER100686,1704.52,Entertainment,Android,Delhi,11,0,
TXN100210,2026-09-01 11:42:22,USER101169,MERCH200676,167.78,Travel,Android,Mumbai,11,0,
TXN100211,2026-09-01 11:43:08,USER100820,USER102137,219.6,Fuel,Android,Hyderabad,11,0,
TXN100212,2026-09-01 11:44:01,USER101265,MERCH201359,369.21,Fuel,iOS,Hyderabad,11,0,
TXN100213,2026-09-01 11:45:29,USER100137,USER102860,204.38,Food & Dining,Android,Lucknow,11,0,
TXN100214,2026-09-01 11:46:52,USER102016,USER101433,300.34,Food & Dining,iOS,Pune,11,0,
TXN100215,2026-09-01 11:47:04,USER100508,MERCH200737,391.3,Food & Dining,iOS,Indore,11,0,
TXN100216,2026-09-01 11:47:48,USER100018,USER101729,722.96,Travel,Android,Mumbai,11,0,
TXN100217,2026-09-01 11:48:17,USER102604,MERCH201353,261.63,P2P Transfer,Android,Bengaluru,11,0,
TXN100218,2026-09-01 11:48:44,USER102690,USER102446,1003.42,P2P Transfer,Android,Pune,11,0,
TXN100219,2026-09-01 11:48:56,USER101615,MERCH201041,75000.0,Fuel,Android,Bengaluru,11,1,round_number
TXN100220,2026-09-01 11:48:59,USER101880,USER100363,753.04,Entertainment,Android,Hyderabad,11,0,
TXN100221,2026-09-01 11:49:31,USER101998,USER100979,439.11,Utility Bills,Android,Jaipur,11,0,
TXN100222,2026-09-01 11:54:25,USER102934,USER100453,142.64,Entertainment,Android,Bengaluru,11,0,
TXN100223,2026-09-01 11:56:22,USER102418,MERCH200591,172.83,Food & Dining,iOS,Pune,11,0,
TXN100224,2026-09-01 11:57:23,USER101326,USER100060,103.26,Utility Bills,Android,Pune,11,0,
TXN100225,2026-09-01 11:57:55,USER100582,USER101122,642.23,Food & Dining,Android,Bengaluru,11,0,
TXN100226,2026-09-01 11:58:10,USER100911,USER102288,108.02,P2P Transfer,Android,Mumbai,11,0,
TXN100227,2026-09-01 12:00:26,USER101532,USER100307,346.02,Fuel,Android,Mumbai,12,0,
TXN100228,2026-09-01 12:02:39,USER100125,USER102421,443.71,Food & Dining,Android,Chennai,12,0,
TXN100229,2026-09-01 12:04:21,USER101960,USER101387,239.29,Fuel,Android,Pune,12,0,
TXN100230,2026-09-01 12:04:37,USER101274,MERCH200860,1134.71,Healthcare,iOS,Mumbai,12,0,
TXN100231,2026-09-01 12:05:08,USER101549,MERCH200367,464.0,Grocery,Android,Mumbai,12,0,
TXN100232,2026-09-01 12:05:15,USER100816,USER100790,938.5,Entertainment,iOS,Mumbai,12,0,
TXN100233,2026-09-01 12:08:05,USER102715,USER102960,138.84,Utility Bills,iOS,Delhi,12,0,
TXN100234,2026-09-01 12:12:49,USER101588,USER102162,738.92,Healthcare,Android,Chennai,12,0,
TXN100235,2026-09-01 12:13:00,USER101654,USER101093,397.1,Healthcare,Android,Delhi,12,0,
TXN100236,2026-09-01 12:13:54,USER102625,USER102140,364.02,Grocery,Android,Indore,12,0,
TXN100237,2026-09-01 12:14:04,USER100004,USER101865,498.15,Fuel,Android,Delhi,12,0,
TXN100238,2026-09-01 12:14:07,USER101101,MERCH200825,170.54,Food & Dining,iOS,Chennai,12,0,
TXN100239,2026-09-01 12:16:14,USER100217,USER101694,273.14,Entertainment,iOS,Jaipur,12,0,
TXN100240,2026-09-01 12:16:23,USER102932,MERCH201499,348.25,Entertainment,Android,Hyderabad,12,0,
TXN100241,2026-09-01 12:16:39,USER100606,USER100366,304.75,P2P Transfer,Android,Chennai,12,0,
TXN100242,2026-09-01 12:16:40,USER102645,MERCH200279,488.59,Food & Dining,Android,Mumbai,12,0,
TXN100243,2026-09-01 12:17:29,USER100444,USER102824,1078.02,Fuel,Android,Mumbai,12,0,
TXN100244,2026-09-01 12:17:41,USER102074,USER101797,926.23,Entertainment,Android,Mumbai,12,0,
TXN100245,2026-09-01 12:21:49,USER100833,MERCH200918,50.22,Shopping,Android,Chennai,12,0,
TXN100246,2026-09-01 12:22:20,USER100099,MERCH201058,337.09,Fuel,iOS,Bengaluru,12,0,
TXN100247,2026-09-01 12:22:30,USER101079,USER102083,1862.02,Travel,Android,Indore,12,0,
TXN100248,2026-09-01 12:22:31,USER102514,USER100385,16.08,P2P Transfer,Android,Indore,12,0,
TXN100249,2026-09-01 12:23:39,USER100996,USER100140,259.48,Utility Bills,Android,Pune,12,0,
TXN100250,2026-09-01 12:24:30,USER101728,USER102494,503.2,Healthcare,Android,Hyderabad,12,0,
TXN100251,2026-09-01 12:24:32,USER100137,USER100150,182.18,Food & Dining,Android,Mumbai,12,0,
TXN100252,2026-09-01 12:24:48,USER100176,USER102118,624.33,Food & Dining,iOS,Kolkata,12,0,
TXN100253,2026-09-01 12:24:49,USER101642,USER102647,2901.52,Fuel,Android,Indore,12,0,
TXN100254,2026-09-01 12:26:07,USER100919,MERCH200265,811.47,Utility Bills,Android,Bengaluru,12,0,
TXN100255,2026-09-01 12:26:40,USER101330,MERCH200618,235.66,Entertainment,Android,Bengaluru,12,0,
TXN100256,2026-09-01 12:28:56,USER102959,USER102502,201.73,P2P Transfer,Android,Indore,12,0,
TXN100257,2026-09-01 12:32:14,USER102138,USER102645,1004.72,Food & Dining,Android,Hyderabad,12,0,
TXN100258,2026-09-01 12:32:40,USER101859,MERCH201420,339.99,Fuel,Android,Mumbai,12,0,
TXN100259,2026-09-01 12:33:59,USER102193,USER101863,673.38,Fuel,iOS,Kolkata,12,0,
TXN100260,2026-09-01 12:34:53,USER100555,USER100575,462.53,Healthcare,Android,Delhi,12,0,
TXN100261,2026-09-01 12:35:39,USER102888,USER100130,56.88,Shopping,iOS,Jaipur,12,0,
TXN100262,2026-09-01 12:35:46,USER101436,USER101667,983.3,Grocery,Android,Jaipur,12,0,
TXN100263,2026-09-01 12:36:17,USER100506,MERCH200216,130.0,Mobile Recharge,iOS,Hyderabad,12,0,
TXN100264,2026-09-01 12:39:10,USER101567,USER101048,1129.65,Grocery,Android,Bengaluru,12,0,
TXN100265,2026-09-01 12:39:33,USER102816,USER100248,3133.51,Shopping,Android,Ahmedabad,12,0,
TXN100266,2026-09-01 12:40:51,USER102176,USER101456,4269.69,Travel,Android,Hyderabad,12,0,
TXN100267,2026-09-01 12:42:25,USER100813,USER100485,430.52,P2P Transfer,Android,Bengaluru,12,0,
TXN100268,2026-09-01 12:43:10,USER102641,USER100095,3750.54,Fuel,Android,Delhi,12,0,
TXN100269,2026-09-01 12:44:42,USER101935,USER101005,189.95,Food & Dining,Android,Jaipur,12,0,
TXN100270,2026-09-01 12:45:25,USER101648,MERCH201181,670.51,Grocery,Android,Bengaluru,12,0,
TXN100271,2026-09-01 12:47:17,USER101224,USER102635,992.63,Grocery,iOS,Jaipur,12,0,
TXN100272,2026-09-01 12:47:31,USER101596,USER102898,507.58,Grocery,Android,Delhi,12,0,
TXN100273,2026-09-01 12:49:03,USER100344,MERCH200673,171.32,Entertainment,Android,Delhi,12,0,
TXN100274,2026-09-01 12:49:32,USER100235,MERCH200560,495.77,P2P Transfer,Android,Kolkata,12,0,
TXN100275,2026-09-01 12:49:34,USER101779,MERCH200166,420.84,Healthcare,Android,Mumbai,12,0,
TXN100276,2026-09-01 12:51:46,USER100044,USER102226,134.79,Shopping,Android,Jaipur,12,0,
TXN100277,2026-09-01 12:53:06,USER100577,MERCH200916,769.72,Travel,Android,Ahmedabad,12,0,
TXN100278,2026-09-01 12:55:09,USER102631,MERCH201466,136.78,Fuel,Android,Kolkata,12,0,
TXN100279,2026-09-01 12:55:43,USER100487,USER101187,96.59,Food & Dining,iOS,Chennai,12,0,
TXN100280,2026-09-01 12:56:45,USER100964,MERCH200261,2276.63,P2P Transfer,iOS,Pune,12,0,
TXN100281,2026-09-01 12:57:38,USER101797,USER100811,96.36,Entertainment,Android,Pune,12,0,
TXN100282,2026-09-01 12:58:02,USER100868,USER101877,345.08,Healthcare,Android,Delhi,12,0,
TXN100283,2026-09-01 13:02:42,USER102468,USER101885,509.61,Healthcare,iOS,Jaipur,13,0,
TXN100284,2026-09-01 13:03:15,USER102631,USER100007,95.94,P2P Transfer,Android,Delhi,13,0,
TXN100285,2026-09-01 13:05:27,USER101035,USER102195,653.24,Travel,Android,Mumbai,13,0,
TXN100286,2026-09-01 13:06:17,USER101959,MERCH200498,328.25,Shopping,Android,Bengaluru,13,0,
TXN100287,2026-09-01 13:07:14,USER100027,MERCH201116,294.22,Travel,Android,Mumbai,13,0,
TXN100288,2026-09-01 13:08:30,USER100431,MERCH200817,587.42,Travel,Android,Patna,13,0,
TXN100289,2026-09-01 13:09:27,USER102528,USER100254,1707.97,Shopping,Android,Mumbai,13,0,
TXN100290,2026-09-01 13:12:04,USER100733,USER100716,2949.67,Fuel,iOS,Bengaluru,13,0,
TXN100291,2026-09-01 13:12:34,USER101633,USER102675,94.42,Grocery,Android,Mumbai,13,0,
TXN100292,2026-09-01 13:12:37,USER101021,USER100693,379.34,Shopping,Android,Mumbai,13,0,
TXN100293,2026-09-01 13:14:45,USER101793,MERCH201181,169.03,Food & Dining,iOS,Chennai,13,0,
TXN100294,2026-09-01 13:15:26,USER102970,USER102179,165.79,Shopping,iOS,Kolkata,13,0,
TXN100295,2026-09-01 13:16:43,USER101139,USER102174,118.63,Entertainment,Android,Lucknow,13,0,
TXN100296,2026-09-01 13:16:44,USER100660,USER100759,153.95,Food & Dining,Android,Delhi,13,0,
TXN100297,2026-09-01 13:17:16,USER100781,MERCH200053,714.12,P2P Transfer,Android,Hyderabad,13,0,
TXN100298,2026-09-01 13:17:35,USER101901,MERCH201206,354.02,P2P Transfer,Android,Bengaluru,13,0,
TXN100299,2026-09-01 13:18:04,USER101657,USER100623,433.76,Fuel,iOS,Hyderabad,13,0,
TXN100300,2026-09-01 13:19:07,USER102204,MERCH200671,1124.63,P2P Transfer,Android,Delhi,13,0,
TXN100301,2026-09-01 13:20:02,USER101587,USER102088,619.81,Healthcare,Android,Bengaluru,13,0,
TXN100302,2026-09-01 13:20:55,USER101443,MERCH200324,437.01,Travel,iOS,Ahmedabad,13,0,
TXN100303,2026-09-01 13:21:01,USER100049,USER102689,4476.03,Utility Bills,Android,Bengaluru,13,0,
TXN100304,2026-09-01 13:21:03,USER101186,USER100756,834.95,Fuel,Android,Mumbai,13,0,
TXN100305,2026-09-01 13:21:31,USER102902,USER102509,435.32,Fuel,Android,Mumbai,13,0,
TXN100306,2026-09-01 13:22:21,USER101457,USER101138,168.74,Fuel,Android,Mumbai,13,0,
TXN100307,2026-09-01 13:23:16,USER101547,MERCH201097,258.14,Travel,Android,Bengaluru,13,0,
TXN100308,2026-09-01 13:25:00,USER100936,MERCH200183,4707.67,P2P Transfer,Android,Delhi,13,1,velocity_burst
TXN100309,2026-09-01 13:25:10,USER100454,USER102811,495.2,Grocery,Android,Delhi,13,0,
TXN100310,2026-09-01 13:26:09,USER101973,MERCH200035,142.43,P2P Transfer,Android,Bengaluru,13,0,
TXN100311,2026-09-01 13:26:15,USER100896,USER102288,81.92,Travel,Android,Delhi,13,0,
TXN100312,2026-09-01 13:29:27,USER102019,USER101642,190.9,P2P Transfer,iOS,Ahmedabad,13,0,
TXN100313,2026-09-01 13:29:57,USER102721,MERCH200703,1951.52,P2P Transfer,Android,Chennai,13,0,
TXN100314,2026-09-01 13:30:39,USER101329,USER100431,848.35,Utility Bills,iOS,Delhi,13,0,
TXN100315,2026-09-01 13:30:46,USER100460,USER100158,152.95,Utility Bills,Android,Mumbai,13,0,
TXN100316,2026-09-01 13:30:53,USER101381,MERCH200038,624.01,P2P Transfer,Android,Chennai,13,0,
TXN100317,2026-09-01 13:31:11,USER100999,USER101854,1321.61,Fuel,Android,Mumbai,13,0,
TXN100318,2026-09-01 13:31:18,USER102726,USER101801,83.42,Food & Dining,Android,Delhi,13,0,
TXN100319,2026-09-01 13:31:30,USER102723,USER100565,156.3,P2P Transfer,Android,Kolkata,13,0,
TXN100320,2026-09-01 13:31:43,USER100967,USER101236,578.78,Food & Dining,Android,Pune,13,0,
TXN100321,2026-09-01 13:34:07,USER101046,USER101288,429.91,Shopping,iOS,Bengaluru,13,0,
TXN100322,2026-09-01 13:34:38,USER101130,USER102893,169.32,Utility Bills,iOS,Bengaluru,13,0,
TXN100323,2026-09-01 13:34:47,USER102700,USER101760,176.6,Mobile Recharge,iOS,Delhi,13,0,
TXN100324,2026-09-01 13:35:28,USER102390,MERCH201270,1033.2,Utility Bills,Android,Mumbai,13,0,
TXN100325,2026-09-01 13:35:53,USER102772,MERCH200115,731.4,Travel,Android,Bengaluru,13,0,
TXN100326,2026-09-01 13:36:23,USER100054,MERCH200240,425.82,P2P Transfer,Android,Hyderabad,13,0,
TXN100327,2026-09-01 13:36:34,USER100177,MERCH201040,213.48,Grocery,iOS,Bengaluru,13,0,
TXN100328,2026-09-01 13:36:34,USER100524,MERCH200264,213.0,Fuel,iOS,Delhi,13,0,
TXN100329,2026-09-01 13:37:15,USER101497,USER101185,522.44,Healthcare,Android,Delhi,13,0,
TXN100330,2026-09-01 13:37:26,USER101169,USER100739,635.85,Utility Bills,Android,Mumbai,13,0,
TXN100331,2026-09-01 13:37:55,USER100871,MERCH201260,149.04,Food & Dining,Android,Mumbai,13,0,
TXN100332,2026-09-01 13:38:26,USER100079,MERCH201259,148.25,Utility Bills,Android,Hyderabad,13,0,
TXN100333,2026-09-01 13:38:45,USER101781,MERCH200498,464.2,P2P Transfer,iOS,Delhi,13,0,
TXN100334,2026-09-01 13:39:35,USER100499,USER100430,90.15,Travel,Android,Pune,13,0,
TXN100335,2026-09-01 13:40:16,USER101021,USER101137,1798.56,Healthcare,Android,Delhi,13,0,
TXN100336,2026-09-01 13:43:12,USER100609,USER102896,118.61,Fuel,Android,Bengaluru,13,0,
TXN100337,2026-09-01 13:43:23,USER100544,USER101063,208.21,Entertainment,iOS,Pune,13,0,
TXN100338,2026-09-01 13:46:13,USER101334,USER102686,623.68,Fuel,Android,Chennai,13,0,
TXN100339,2026-09-01 13:47:20,USER101223,USER102270,1566.9,Grocery,Android,Jaipur,13,0,
TXN100340,2026-09-01 13:47:42,USER100766,MERCH201472,799.96,Fuel,iOS,Bengaluru,13,0,
TXN100341,2026-09-01 13:48:40,USER100481,MERCH201060,862.02,Mobile Recharge,Android,Indore,13,0,
TXN100342,2026-09-01 13:49:19,USER100151,USER101757,1388.39,P2P Transfer,Android,Bengaluru,13,0,
TXN100343,2026-09-01 13:49:23,USER100923,MERCH200226,638.1,Entertainment,Android,Chennai,13,0,
TXN100344,2026-09-01 13:49:24,USER101502,USER100040,842.32,Fuel,Android,Jaipur,13,0,
TXN100345,2026-09-01 13:49:28,USER102072,MERCH200180,191.92,Healthcare,Android,Mumbai,13,0,
TXN100346,2026-09-01 13:49:46,USER101356,USER101499,92.84,Grocery,Android,Ahmedabad,13,0,
TXN100347,2026-09-01 13:50:23,USER102312,USER102983,353.32,Grocery,Android,Hyderabad,13,0,
TXN100348,2026-09-01 13:50:40,USER102034,USER102184,509.04,Grocery,Android,Kolkata,13,0,
TXN100349,2026-09-01 13:51:13,USER100187,USER101330,485.63,Travel,Android,Lucknow,13,0,
TXN100350,2026-09-01 13:55:36,USER101933,USER102800,2816.22,Grocery,Android,Kolkata,13,0,
TXN100351,2026-09-01 13:56:11,USER102088,MERCH200639,63.02,Grocery,iOS,Chennai,13,0,
TXN100352,2026-09-01 13:56:13,USER100012,USER101327,3504.29,Food & Dining,Android,Bengaluru,13,0,
TXN100353,2026-09-01 13:57:28,USER101946,USER102174,965.72,Travel,Android,Mumbai,13,0,
TXN100354,2026-09-01 13:58:00,USER100498,USER101965,556.14,Fuel,Android,Jaipur,13,0,
TXN100355,2026-09-01 13:59:34,USER100752,USER101167,1741.34,Fuel,Android,Mumbai,13,0,
TXN100356,2026-09-01 14:01:14,USER101036,MERCH201339,315.3,Mobile Recharge,Android,Delhi,14,0,
TXN100357,2026-09-01 14:01:15,USER100220,MERCH200262,234.01,Food & Dining,Android,Indore,14,0,
TXN100358,2026-09-01 14:01:31,USER102357,MERCH201159,595.76,Travel,Android,Bengaluru,14,0,
TXN100359,2026-09-01 14:03:13,USER101553,USER102663,605.33,Utility Bills,Android,Pune,14,0,
TXN100360,2026-09-01 14:10:32,USER102120,USER100426,130.03,Mobile Recharge,Android,Mumbai,14,0,
TXN100361,2026-09-01 14:10:45,USER100493,USER100953,3101.3,Mobile Recharge,Android,Pune,14,0,
TXN100362,2026-09-01 14:10:46,USER100327,MERCH200805,131.62,Fuel,Android,Hyderabad,14,0,
TXN100363,2026-09-01 14:14:10,USER102306,MERCH200500,80.08,Entertainment,Android,Kolkata,14,0,
TXN100364,2026-09-01 14:15:32,USER101033,MERCH201436,699.7,Entertainment,iOS,Ahmedabad,14,0,
TXN100365,2026-09-01 14:16:24,USER101790,USER102933,7601.96,P2P Transfer,Android,Mumbai,14,0,
TXN100366,2026-09-01 14:16:40,USER100697,USER101383,154.48,P2P Transfer,Android,Jaipur,14,0,
TXN100367,2026-09-01 14:16:43,USER100983,MERCH200450,450.34,Mobile Recharge,Android,Mumbai,14,0,
TXN100368,2026-09-01 14:18:03,USER101540,USER100655,227.26,Entertainment,Android,Chennai,14,0,
TXN100369,2026-09-01 14:19:33,USER102585,USER102900,3437.32,Food & Dining,iOS,Pune,14,0,
TXN100370,2026-09-01 14:19:53,USER102082,USER102211,2425.79,Fuel,Android,Indore,14,0,
TXN100371,2026-09-01 14:22:25,USER100848,USER102592,168.31,Entertainment,Android,Patna,14,0,
TXN100372,2026-09-01 14:25:46,USER100204,MERCH201110,44.38,Entertainment,Android,Kolkata,14,0,
TXN100373,2026-09-01 14:29:37,USER101832,USER101715,86.12,Fuel,Android,Pune,14,0,
TXN100374,2026-09-01 14:30:48,USER102797,USER102286,37.16,Fuel,Android,Patna,14,0,
TXN100375,2026-09-01 14:32:55,USER100138,MERCH201341,208.43,Food & Dining,iOS,Kolkata,14,0,
TXN100376,2026-09-01 14:33:25,USER101214,MERCH201048,372.04,Grocery,Android,Hyderabad,14,0,
TXN100377,2026-09-01 14:33:29,USER101264,USER102082,412.67,Healthcare,Android,Chennai,14,0,
TXN100378,2026-09-01 14:35:12,USER101062,USER100752,184.15,Shopping,iOS,Mumbai,14,0,
TXN100379,2026-09-01 14:35:19,USER100890,USER101687,416.05,Healthcare,Android,Pune,14,0,
TXN100380,2026-09-01 14:35:33,USER100879,USER101830,205.28,Grocery,Android,Delhi,14,0,
TXN100381,2026-09-01 14:36:11,USER102238,MERCH200047,264.74,Food & Dining,iOS,Mumbai,14,0,
TXN100382,2026-09-01 14:36:25,USER101776,MERCH201255,153.93,Mobile Recharge,Android,Mumbai,14,0,
TXN100383,2026-09-01 14:37:31,USER101810,USER102985,754.96,Food & Dining,Android,Ahmedabad,14,0,
TXN100384,2026-09-01 14:40:01,USER101334,USER102345,288.38,Mobile Recharge,Android,Hyderabad,14,0,
TXN100385,2026-09-01 14:40:35,USER101301,MERCH200706,79.31,Food & Dining,Android,Chennai,14,0,
TXN100386,2026-09-01 14:41:10,USER102290,MERCH201311,358.04,P2P Transfer,Android,Chennai,14,0,
TXN100387,2026-09-01 14:41:43,USER101472,USER102436,3006.16,P2P Transfer,Android,Hyderabad,14,0,
TXN100388,2026-09-01 14:43:10,USER101154,USER102821,724.15,Healthcare,iOS,Jaipur,14,0,
TXN100389,2026-09-01 14:43:18,USER100245,MERCH200120,2178.18,Travel,Android,Delhi,14,0,
TXN100390,2026-09-01 14:45:16,USER100114,MERCH200088,245.49,Travel,Android,Mumbai,14,0,
TXN100391,2026-09-01 14:45:17,USER100593,USER102068,226.1,Travel,Android,Pune,14,0,
TXN100392,2026-09-01 14:45:42,USER102014,USER100323,1203.08,Fuel,iOS,Mumbai,14,0,
TXN100393,2026-09-01 14:45:43,USER102665,MERCH200488,43.43,Grocery,iOS,Lucknow,14,0,
TXN100394,2026-09-01 14:46:35,USER102600,MERCH200380,509.95,Grocery,Android,Mumbai,14,0,
TXN100395,2026-09-01 14:47:34,USER101107,MERCH200846,720.51,Utility Bills,Android,Hyderabad,14,0,
TXN100396,2026-09-01 14:47:45,USER102009,USER102307,1742.33,Grocery,Android,Kolkata,14,0,
TXN100397,2026-09-01 14:50:07,USER100095,USER101900,199.87,Mobile Recharge,Android,Hyderabad,14,0,
TXN100398,2026-09-01 14:50:13,USER101875,USER100585,182.79,Grocery,iOS,Hyderabad,14,0,
TXN100399,2026-09-01 14:50:49,USER100524,MERCH201273,1016.37,Entertainment,Android,Delhi,14,0,
TXN100400,2026-09-01 14:51:04,USER102416,MERCH201377,33.02,Shopping,Android,Bengaluru,14,0,
TXN100401,2026-09-01 14:54:32,USER101299,USER101291,219.96,P2P Transfer,Android,Lucknow,14,0,
TXN100402,2026-09-01 14:55:30,USER100679,MERCH200119,111.68,Travel,Android,Hyderabad,14,0,
TXN100403,2026-09-01 14:57:13,USER101873,MERCH200792,676.41,Travel,Android,Chennai,14,0,
TXN100404,2026-09-01 14:59:34,USER100614,MERCH200790,301.82,Healthcare,iOS,Lucknow,14,0,
TXN100405,2026-09-01 15:02:14,USER100673,USER101935,2324.97,Fuel,iOS,Mumbai,15,0,
TXN100406,2026-09-01 15:05:43,USER100550,USER100875,184.15,Fuel,Android,Ahmedabad,15,0,
TXN100407,2026-09-01 15:06:44,USER101669,MERCH200736,121.4,Food & Dining,Android,Chennai,15,0,
TXN100408,2026-09-01 15:06:45,USER101528,USER100182,1471.97,Healthcare,Android,Delhi,15,0,
TXN100409,2026-09-01 15:07:01,USER100291,MERCH201079,491.87,Fuel,Android,Pune,15,0,
TXN100410,2026-09-01 15:10:05,USER101843,MERCH201396,397.79,Healthcare,Android,Ahmedabad,15,0,
TXN100411,2026-09-01 15:11:28,USER100107,USER102675,122.94,Grocery,Android,Hyderabad,15,0,
TXN100412,2026-09-01 15:12:43,USER100039,USER101520,307.41,Mobile Recharge,Android,Hyderabad,15,0,
TXN100413,2026-09-01 15:14:10,USER101189,USER100643,1274.43,Fuel,Android,Mumbai,15,0,
TXN100414,2026-09-01 15:16:37,USER100262,USER100445,294.53,Mobile Recharge,Android,Delhi,15,0,
TXN100415,2026-09-01 15:18:21,USER100652,USER100215,682.78,Travel,iOS,Kolkata,15,0,
TXN100416,2026-09-01 15:18:22,USER100854,MERCH200797,2337.03,Entertainment,Android,Patna,15,0,
TXN100417,2026-09-01 15:22:13,USER101979,USER102687,1941.82,Entertainment,Android,Chennai,15,0,
TXN100418,2026-09-01 15:22:33,USER102693,USER102111,132.59,Shopping,Android,Kolkata,15,0,
TXN100419,2026-09-01 15:22:38,USER100670,USER100089,480.81,Entertainment,Android,Patna,15,0,
TXN100420,2026-09-01 15:23:34,USER102976,USER101907,1707.91,Grocery,Android,Hyderabad,15,0,
TXN100421,2026-09-01 15:23:48,USER100901,MERCH200505,2470.24,Fuel,Android,Indore,15,0,
TXN100422,2026-09-01 15:24:55,USER101658,MERCH200207,540.31,Fuel,Android,Chennai,15,0,
TXN100423,2026-09-01 15:25:02,USER101371,USER100195,945.93,Shopping,Android,Bengaluru,15,0,
TXN100424,2026-09-01 15:25:25,USER102733,USER102911,3237.36,Grocery,iOS,Lucknow,15,0,
TXN100425,2026-09-01 15:25:39,USER100994,MERCH200070,139.95,Utility Bills,Android,Bengaluru,15,0,
TXN100426,2026-09-01 15:27:09,USER100332,USER100999,60.44,Mobile Recharge,iOS,Hyderabad,15,0,
TXN100427,2026-09-01 15:27:41,USER101963,MERCH200284,718.99,Utility Bills,Android,Patna,15,0,
TXN100428,2026-09-01 15:31:02,USER100601,USER101594,599.45,Healthcare,Android,Pune,15,0,
TXN100429,2026-09-01 15:32:56,USER102794,USER102458,66.61,Utility Bills,iOS,Pune,15,0,
TXN100430,2026-09-01 15:38:01,USER101584,USER101523,266.29,Grocery,Android,Indore,15,0,
TXN100431,2026-09-01 15:39:37,USER102994,USER101981,66.91,Entertainment,iOS,Mumbai,15,0,
TXN100432,2026-09-01 15:42:48,USER100461,USER102970,701.48,Travel,Android,Pune,15,0,
TXN100433,2026-09-01 15:45:30,USER100025,MERCH200024,395.6,P2P Transfer,Android,Ahmedabad,15,0,
TXN100434,2026-09-01 15:46:26,USER102993,USER102674,30729.67,Grocery,New Device,Chennai,15,1,new_device_high
TXN100435,2026-09-01 15:46:58,USER102628,USER100700,160.78,P2P Transfer,Android,Hyderabad,15,0,
TXN100436,2026-09-01 15:47:36,USER100851,USER101000,241.56,Mobile Recharge,Android,Chennai,15,0,
TXN100437,2026-09-01 15:48:19,USER101209,USER102958,163.41,P2P Transfer,Android,Mumbai,15,0,
TXN100438,2026-09-01 15:49:01,USER102140,MERCH201283,127.0,Food & Dining,iOS,Mumbai,15,0,
TXN100439,2026-09-01 15:53:48,USER101167,USER100065,1163.34,P2P Transfer,Android,Hyderabad,15,0,
TXN100440,2026-09-01 15:54:05,USER101319,USER100874,130.23,Entertainment,iOS,Mumbai,15,0,
TXN100441,2026-09-01 15:54:40,USER102424,USER101064,208.52,Healthcare,Android,Jaipur,15,0,
TXN100442,2026-09-01 15:56:15,USER100173,USER102792,179.48,Utility Bills,Android,Pune,15,0,
TXN100443,2026-09-01 15:57:13,USER100678,MERCH200408,217.07,Shopping,iOS,Delhi,15,0,
TXN100444,2026-09-01 15:57:36,USER100200,USER101535,721.96,Entertainment,Android,Bengaluru,15,0,
TXN100445,2026-09-01 15:58:02,USER101169,MERCH201389,537.78,Fuel,Android,Mumbai,15,0,
TXN100446,2026-09-01 15:58:25,USER101741,USER101088,173.93,Grocery,iOS,Pune,15,0,
TXN100447,2026-09-01 16:02:45,USER101955,USER101373,228.76,Healthcare,Android,Hyderabad,16,0,
TXN100448,2026-09-01 16:07:52,USER102595,MERCH200650,145.62,Travel,Android,Kolkata,16,0,
TXN100449,2026-09-01 16:10:10,USER101698,MERCH201241,2833.7,Mobile Recharge,Android,Jaipur,16,0,
TXN100450,2026-09-01 16:10:16,USER101515,USER102770,1576.37,P2P Transfer,Android,Bengaluru,16,0,
TXN100451,2026-09-01 16:13:39,USER102002,USER101023,822.42,Fuel,Android,Pune,16,0,
TXN100452,2026-09-01 16:18:27,USER100278,MERCH200099,90.23,Utility Bills,Android,Mumbai,16,0,
TXN100453,2026-09-01 16:18:58,USER100280,USER102439,836.46,Grocery,Android,Ahmedabad,16,0,
TXN100454,2026-09-01 16:19:41,USER100384,USER100873,155.69,Food & Dining,iOS,Pune,16,0,
TXN100455,2026-09-01 16:22:22,USER100875,USER100458,350.61,Fuel,Android,Ahmedabad,16,0,
TXN100456,2026-09-01 16:24:34,USER100209,USER102742,198.69,Shopping,Android,Bengaluru,16,0,
TXN100457,2026-09-01 16:25:02,USER100433,USER101871,1201.16,P2P Transfer,Android,Chennai,16,0,
TXN100458,2026-09-01 16:26:26,USER100795,MERCH201287,692.9,Mobile Recharge,iOS,Chennai,16,0,
TXN100459,2026-09-01 16:28:03,USER100454,USER101872,111.87,Healthcare,Android,Mumbai,16,0,
TXN100460,2026-09-01 16:29:12,USER101618,USER100027,1222.89,Travel,Android,Mumbai,16,0,
TXN100461,2026-09-01 16:29:23,USER101126,MERCH201025,1427.12,Shopping,Android,Hyderabad,16,0,
TXN100462,2026-09-01 16:29:39,USER100272,USER100418,426.23,Shopping,Android,Pune,16,0,
TXN100463,2026-09-01 16:31:49,USER102280,USER101462,141.01,Entertainment,iOS,Chennai,16,0,
TXN100464,2026-09-01 16:32:51,USER102447,MERCH200098,657.16,Food & Dining,Android,Kolkata,16,0,
TXN100465,2026-09-01 16:33:15,USER101386,MERCH201439,795.91,Grocery,Android,Ahmedabad,16,0,
TXN100466,2026-09-01 16:34:12,USER102373,MERCH200435,1302.85,Grocery,Android,Kolkata,16,0,
TXN100467,2026-09-01 16:40:21,USER100168,USER102390,234.29,Mobile Recharge,Android,Jaipur,16,0,
TXN100468,2026-09-01 16:40:41,USER102249,USER101254,3343.11,Food & Dining,Android,Delhi,16,0,
TXN100469,2026-09-01 16:41:07,USER100220,USER101741,138.71,Food & Dining,Android,Delhi,16,0,
TXN100470,2026-09-01 16:43:35,USER100199,MERCH201032,73.08,Entertainment,Android,Jaipur,16,0,
TXN100471,2026-09-01 16:43:43,USER101112,MERCH200317,290.03,P2P Transfer,iOS,Delhi,16,0,
TXN100472,2026-09-01 16:44:18,USER101589,USER102970,197.18,Mobile Recharge,iOS,Patna,16,0,
TXN100473,2026-09-01 16:45:12,USER102844,USER101521,538.1,Grocery,iOS,Bengaluru,16,0,
TXN100474,2026-09-01 16:45:27,USER101102,MERCH200074,121.65,Entertainment,Android,Bengaluru,16,0,
TXN100475,2026-09-01 16:45:46,USER100281,USER100880,427.68,Food & Dining,Android,Ahmedabad,16,0,
TXN100476,2026-09-01 16:46:21,USER100872,USER100593,646.07,Food & Dining,Android,Indore,16,0,
TXN100477,2026-09-01 16:51:18,USER102857,MERCH201277,205.8,Mobile Recharge,Android,Delhi,16,0,
TXN100478,2026-09-01 16:51:37,USER100894,USER100720,156.15,Utility Bills,Android,Bengaluru,16,0,
TXN100479,2026-09-01 16:52:35,USER102669,MERCH200015,62.59,Healthcare,Android,Hyderabad,16,0,
TXN100480,2026-09-01 16:54:52,USER102740,USER101911,142.5,Shopping,Android,Hyderabad,16,0,
TXN100481,2026-09-01 16:55:18,USER101883,USER102059,287.43,Mobile Recharge,iOS,Bengaluru,16,0,
TXN100482,2026-09-01 16:55:23,USER100412,USER102178,86.81,Food & Dining,Android,Chennai,16,0,
TXN100483,2026-09-01 16:56:17,USER100804,USER100585,64.61,Entertainment,Android,Mumbai,16,0,
TXN100484,2026-09-01 16:56:35,USER102368,USER102277,102.79,Food & Dining,iOS,Delhi,16,0,
TXN100485,2026-09-01 16:58:20,USER101497,USER100492,855.44,Entertainment,Android,Chennai,16,0,
TXN100486,2026-09-01 17:10:53,USER102674,USER100223,74.45,Grocery,Android,Delhi,17,0,
TXN100487,2026-09-01 17:11:07,USER102742,MERCH200610,456.26,Grocery,Android,Pune,17,0,
TXN100488,2026-09-01 17:12:20,USER102395,USER101345,399.51,Grocery,Android,Bengaluru,17,0,
TXN100489,2026-09-01 17:13:12,USER100324,USER101544,1570.18,Healthcare,iOS,Mumbai,17,0,
TXN100490,2026-09-01 17:14:19,USER102600,USER102682,730.87,Mobile Recharge,Android,Patna,17,0,
TXN100491,2026-09-01 17:14:50,USER102930,MERCH200760,494.22,Mobile Recharge,Android,Delhi,17,0,
TXN100492,2026-09-01 17:14:55,USER102506,MERCH200585,233.98,Utility Bills,Android,Patna,17,0,
TXN100493,2026-09-01 17:16:43,USER101154,USER101261,837.54,Healthcare,Android,Chennai,17,0,
TXN100494,2026-09-01 17:18:12,USER101613,USER102483,139.23,Food & Dining,iOS,Bengaluru,17,0,
TXN100495,2026-09-01 17:21:34,USER101204,USER100038,804.78,Utility Bills,Android,Jaipur,17,0,
TXN100496,2026-09-01 17:21:49,USER101674,USER102055,585.75,Healthcare,Android,Mumbai,17,0,
TXN100497,2026-09-01 17:22:02,USER100771,USER101020,525.68,Fuel,Android,Chennai,17,0,
TXN100498,2026-09-01 17:22:04,USER100291,MERCH200878,219.91,Utility Bills,Android,Hyderabad,17,0,
TXN100499,2026-09-01 17:23:32,USER101379,USER101413,368.7,Fuel,Android,Lucknow,17,0,
TXN100500,2026-09-01 17:25:13,USER102435,MERCH200452,379.29,Entertainment,Android,Bengaluru,17,0,
TXN100501,2026-09-01 17:26:12,USER101334,MERCH200664,1788.78,Entertainment,iOS,Ahmedabad,17,0,
TXN100502,2026-09-01 17:28:22,USER100875,USER102387,523.73,Food & Dining,Android,Delhi,17,0,
TXN100503,2026-09-01 17:29:10,USER102579,USER101511,111.95,P2P Transfer,Android,Hyderabad,17,0,
TXN100504,2026-09-01 17:35:04,USER100830,USER102873,1285.24,Grocery,Android,Jaipur,17,0,
TXN100505,2026-09-01 17:35:58,USER101293,MERCH200967,123.93,Healthcare,Android,Bengaluru,17,0,
TXN100506,2026-09-01 17:38:05,USER101775,USER102372,95.35,Grocery,Android,Kolkata,17,0,
TXN100507,2026-09-01 17:39:52,USER102390,USER100052,111.24,Healthcare,Android,Delhi,17,0,
TXN100508,2026-09-01 17:41:30,USER100660,USER102848,102.26,Travel,Android,Delhi,17,0,
TXN100509,2026-09-01 17:43:33,USER102304,MERCH200037,255.32,Entertainment,Android,Indore,17,0,
TXN100510,2026-09-01 17:43:38,USER102604,USER100975,192.06,Entertainment,Android,Kolkata,17,0,
TXN100511,2026-09-01 17:43:43,USER101548,USER101869,3218.0,Healthcare,Android,Chennai,17,0,
TXN100512,2026-09-01 17:46:53,USER102887,USER101153,520.01,Shopping,Android,Chennai,17,0,
TXN100513,2026-09-01 17:47:22,USER101594,MERCH200612,431.86,Travel,Android,Ahmedabad,17,0,
TXN100514,2026-09-01 17:50:18,USER101368,MERCH201169,935.9,Travel,iOS,Pune,17,0,
TXN100515,2026-09-01 17:51:58,USER102328,USER100054,996.23,Shopping,Android,Pune,17,0,
TXN100516,2026-09-01 17:54:43,USER102879,USER101238,114.86,Food & Dining,iOS,Bengaluru,17,0,
TXN100517,2026-09-01 17:55:05,USER101769,USER101859,1007.96,Mobile Recharge,Android,Delhi,17,0,
TXN100518,2026-09-01 17:55:20,USER102414,MERCH200418,77.79,Entertainment,Android,Hyderabad,17,0,
TXN100519,2026-09-01 17:55:46,USER102566,USER101690,52.42,Entertainment,iOS,Mumbai,17,0,
TXN100520,2026-09-01 17:56:25,USER101107,USER100560,999.43,Travel,Android,Bengaluru,17,0,
TXN100521,2026-09-01 17:58:31,USER101554,USER102929,1182.95,Food & Dining,Android,Ahmedabad,17,0,
TXN100522,2026-09-01 18:02:29,USER102721,USER102984,1233.58,Food & Dining,Android,Delhi,18,0,
TXN100523,2026-09-01 18:03:15,USER101341,MERCH201239,1023.62,Travel,Android,Pune,18,0,
TXN100524,2026-09-01 18:04:45,USER100842,USER102609,230.12,Food & Dining,Android,Bengaluru,18,0,
TXN100525,2026-09-01 18:05:22,USER102891,USER102360,745.21,Entertainment,iOS,Ahmedabad,18,0,
TXN100526,2026-09-01 18:06:04,USER102531,MERCH200177,731.47,Fuel,Android,Ahmedabad,18,0,
TXN100527,2026-09-01 18:06:21,USER100429,USER102342,56.37,Grocery,Android,Pune,18,0,
TXN100528,2026-09-01 18:07:03,USER100284,USER100139,37.88,Grocery,Android,Pune,18,0,
TXN100529,2026-09-01 18:07:29,USER100776,MERCH200822,61.87,Shopping,Android,Hyderabad,18,0,
TXN100530,2026-09-01 18:07:46,USER102436,USER102255,389.41,Fuel,Android,Kolkata,18,0,
TXN100531,2026-09-01 18:09:37,USER100407,USER101032,2680.96,Food & Dining,Android,Mumbai,18,0,
TXN100532,2026-09-01 18:11:04,USER101216,MERCH200245,161.01,Shopping,Android,Ahmedabad,18,0,
TXN100533,2026-09-01 18:11:52,USER100284,USER102064,433.94,Utility Bills,Android,Delhi,18,0,
TXN100534,2026-09-01 18:13:06,USER101871,USER100685,463.8,Fuel,Android,Chennai,18,0,
TXN100535,2026-09-01 18:13:11,USER102345,MERCH200051,312.66,Utility Bills,iOS,Delhi,18,0,
TXN100536,2026-09-01 18:17:06,USER102099,USER100892,149.61,Healthcare,Android,Indore,18,0,
TXN100537,2026-09-01 18:17:40,USER102983,USER100340,341.46,Grocery,iOS,Lucknow,18,0,
TXN100538,2026-09-01 18:18:37,USER102056,MERCH201264,910.35,Travel,iOS,Chennai,18,0,
TXN100539,2026-09-01 18:20:46,USER100116,MERCH200000,65.12,Grocery,Android,Hyderabad,18,0,
TXN100540,2026-09-01 18:24:28,USER101342,USER100348,441.14,Grocery,iOS,Delhi,18,0,
TXN100541,2026-09-01 18:25:18,USER100588,USER102094,867.39,Entertainment,Android,Hyderabad,18,0,
TXN100542,2026-09-01 18:25:21,USER100739,USER101354,904.83,Travel,iOS,Delhi,18,0,
TXN100543,2026-09-01 18:29:11,USER101775,MERCH200239,1788.23,Travel,Android,Kolkata,18,0,
TXN100544,2026-09-01 18:31:32,USER100868,USER100548,189.69,Mobile Recharge,Android,Ahmedabad,18,0,
TXN100545,2026-09-01 18:32:02,USER102566,USER102599,261.52,Entertainment,Android,Ahmedabad,18,0,
TXN100546,2026-09-01 18:34:32,USER101117,USER101115,10278.74,Grocery,Android,Hyderabad,18,0,
TXN100547,2026-09-01 18:35:01,USER101657,MERCH200094,3619.07,Travel,iOS,Mumbai,18,0,
TXN100548,2026-09-01 18:35:32,USER102842,MERCH200085,244.58,Fuel,Android,Delhi,18,0,
TXN100549,2026-09-01 18:38:28,USER100327,USER100469,472.49,Fuel,Android,Bengaluru,18,0,
TXN100550,2026-09-01 18:40:53,USER101763,MERCH200327,686.03,Food & Dining,Android,Jaipur,18,0,
TXN100551,2026-09-01 18:41:53,USER101108,USER102341,120.79,Shopping,Android,Mumbai,18,0,
TXN100552,2026-09-01 18:42:06,USER101937,USER101118,301.24,Healthcare,iOS,Hyderabad,18,0,
TXN100553,2026-09-01 18:44:14,USER102141,USER102084,185.31,P2P Transfer,Android,Hyderabad,18,0,
TXN100554,2026-09-01 18:46:12,USER102922,USER102760,271.92,Entertainment,Android,Bengaluru,18,0,
TXN100555,2026-09-01 18:46:55,USER102516,MERCH200596,99.02,Travel,Android,Chennai,18,0,
TXN100556,2026-09-01 18:47:26,USER102562,USER101923,2858.4,Travel,Android,Pune,18,0,
TXN100557,2026-09-01 18:49:04,USER100976,MERCH201277,379.82,Healthcare,Android,Mumbai,18,0,
TXN100558,2026-09-01 18:49:44,USER100994,USER100600,1194.67,Healthcare,Android,Hyderabad,18,0,
TXN100559,2026-09-01 18:50:46,USER101303,MERCH200597,1677.14,Entertainment,Android,Mumbai,18,0,
TXN100560,2026-09-01 18:52:44,USER102440,USER100505,680.29,Healthcare,Android,Ahmedabad,18,0,
TXN100561,2026-09-01 18:53:31,USER101054,MERCH200120,292.32,Mobile Recharge,Android,Bengaluru,18,0,
TXN100562,2026-09-01 18:53:41,USER102323,MERCH201170,217.07,Food & Dining,Android,Mumbai,18,0,
TXN100563,2026-09-01 18:54:25,USER101080,USER100417,240.79,Entertainment,Android,Bengaluru,18,0,
TXN100564,2026-09-01 18:55:21,USER101741,USER102573,326.06,Utility Bills,Android,Jaipur,18,0,
TXN100565,2026-09-01 18:55:24,USER100734,USER100549,3463.84,Food & Dining,Android,Bengaluru,18,0,
TXN100566,2026-09-01 18:56:36,USER100838,MERCH200681,275.92,Utility Bills,Android,Mumbai,18,0,
TXN100567,2026-09-01 18:57:47,USER102302,MERCH200776,1182.83,Entertainment,Android,Delhi,18,0,
TXN100568,2026-09-01 18:57:50,USER102222,USER101990,245.1,Healthcare,iOS,Delhi,18,0,
TXN100569,2026-09-01 18:59:39,USER100158,MERCH200469,293.45,Mobile Recharge,iOS,Kolkata,18,0,
TXN100570,2026-09-01 18:59:50,USER101766,MERCH200772,254.88,Entertainment,Android,Delhi,18,0,
TXN100571,2026-09-01 19:02:30,USER101159,USER101131,108.69,Mobile Recharge,Android,Kolkata,19,0,
TXN100572,2026-09-01 19:03:34,USER101790,USER102887,337.24,Utility Bills,iOS,Patna,19,0,
TXN100573,2026-09-01 19:04:05,USER102741,USER101524,552.4,P2P Transfer,Android,Delhi,19,0,
TXN100574,2026-09-01 19:05:08,USER100102,MERCH200455,79.96,Travel,Android,Kolkata,19,0,
TXN100575,2026-09-01 19:06:00,USER100373,USER102741,813.29,P2P Transfer,Android,Mumbai,19,1,velocity_burst
TXN100576,2026-09-01 19:07:20,USER100014,MERCH200125,2078.44,Entertainment,Android,Delhi,19,0,
TXN100577,2026-09-01 19:07:53,USER101483,USER102666,477.31,Utility Bills,Android,Chennai,19,0,
TXN100578,2026-09-01 19:10:13,USER101753,USER102094,221.38,Shopping,iOS,Bengaluru,19,0,
TXN100579,2026-09-01 19:12:58,USER101134,USER100228,138.99,Utility Bills,Android,Chennai,19,0,
TXN100580,2026-09-01 19:13:18,USER100155,USER102625,163.72,Fuel,iOS,Indore,19,0,
TXN100581,2026-09-01 19:13:57,USER102459,USER101432,220.14,Utility Bills,iOS,Bengaluru,19,0,
TXN100582,2026-09-01 19:14:02,USER101234,USER102082,132.85,Grocery,Android,Jaipur,19,0,
TXN100583,2026-09-01 19:14:50,USER101127,USER101966,75225.65,Shopping,New Device,Indore,19,1,new_device_high
TXN100584,2026-09-01 19:15:09,USER100373,USER100523,794.19,Entertainment,Android,Ahmedabad,19,0,
TXN100585,2026-09-01 19:15:52,USER101158,MERCH201149,613.33,Healthcare,Android,Mumbai,19,0,
TXN100586,2026-09-01 19:17:22,USER101053,MERCH200319,1708.79,Fuel,Android,Kolkata,19,0,
TXN100587,2026-09-01 19:17:23,USER101591,MERCH201081,353.94,Grocery,Android,Mumbai,19,0,
TXN100588,2026-09-01 19:18:20,USER100022,USER102735,629.18,Food & Dining,Android,Jaipur,19,0,
TXN100589,2026-09-01 19:18:50,USER101343,USER100855,383.62,Fuel,iOS,Chennai,19,0,
TXN100590,2026-09-01 19:20:32,USER102469,USER100536,442.89,Travel,iOS,Delhi,19,0,
TXN100591,2026-09-01 19:22:25,USER102557,MERCH200663,424.47,Healthcare,Android,Indore,19,0,
TXN100592,2026-09-01 19:23:46,USER102235,USER102070,258.76,Healthcare,Android,Delhi,19,0,
TXN100593,2026-09-01 19:25:08,USER102298,MERCH200740,714.38,Entertainment,Android,Bengaluru,19,0,
TXN100594,2026-09-01 19:25:25,USER100479,MERCH200080,66.32,Food & Dining,iOS,Chennai,19,0,
TXN100595,2026-09-01 19:31:21,USER102176,USER100164,334.14,Travel,Android,Patna,19,0,
TXN100596,2026-09-01 19:32:01,USER101153,MERCH201200,1287.39,Shopping,iOS,Chennai,19,0,
TXN100597,2026-09-01 19:32:25,USER102717,MERCH200081,532.53,Healthcare,Android,Delhi,19,0,
TXN100598,2026-09-01 19:33:19,USER102404,USER102133,238.77,Fuel,Android,Pune,19,0,
TXN100599,2026-09-01 19:35:52,USER100280,USER100602,746.47,Food & Dining,Android,Bengaluru,19,0,
TXN100600,2026-09-01 19:36:04,USER101832,USER100753,215.9,P2P Transfer,Android,Delhi,19,0,
TXN100601,2026-09-01 19:38:40,USER102353,MERCH201147,486.13,Grocery,Android,Mumbai,19,0,
TXN100602,2026-09-01 19:41:38,USER101581,USER100277,740.51,Fuel,Android,Chennai,19,0,
TXN100603,2026-09-01 19:42:09,USER102807,USER101296,291.16,Mobile Recharge,Android,Mumbai,19,0,
TXN100604,2026-09-01 19:42:12,USER100767,USER102908,456.72,Healthcare,Android,Kolkata,19,0,
TXN100605,2026-09-01 19:42:53,USER100935,MERCH200672,484.28,Shopping,Android,Pune,19,0,
TXN100606,2026-09-01 19:44:26,USER100871,USER100298,25.88,Grocery,Android,Bengaluru,19,0,
TXN100607,2026-09-01 19:44:40,USER100086,USER100581,563.85,Utility Bills,Android,Delhi,19,0,
TXN100608,2026-09-01 19:45:36,USER102738,USER100973,367.43,Shopping,Android,Hyderabad,19,0,
TXN100609,2026-09-01 19:50:35,USER100492,USER102067,1271.04,Fuel,Android,Hyderabad,19,0,
TXN100610,2026-09-01 19:51:18,USER101184,USER100797,2570.29,Utility Bills,Android,Delhi,19,0,
TXN100611,2026-09-01 19:51:33,USER100336,USER101582,117.73,Entertainment,Android,Indore,19,0,
TXN100612,2026-09-01 19:51:49,USER100937,USER102773,830.73,Travel,Android,Delhi,19,0,
TXN100613,2026-09-01 19:52:07,USER100638,USER100839,2256.86,Travel,iOS,Kolkata,19,0,
TXN100614,2026-09-01 19:52:49,USER100699,MERCH200303,643.39,Travel,Android,Mumbai,19,0,
TXN100615,2026-09-01 19:53:46,USER100087,USER101209,580.1,Utility Bills,Android,Kolkata,19,0,
TXN100616,2026-09-01 19:53:58,USER101850,MERCH201371,365.02,Travel,iOS,Mumbai,19,0,
TXN100617,2026-09-01 19:55:12,USER102597,USER101588,550.71,Entertainment,Android,Hyderabad,19,0,
TXN100618,2026-09-01 19:55:15,USER101018,MERCH200352,254.48,Healthcare,Android,Mumbai,19,0,
TXN100619,2026-09-01 19:55:59,USER102603,USER102464,1189.82,P2P Transfer,Android,Kolkata,19,0,
TXN100620,2026-09-01 19:57:31,USER101227,USER100679,867.98,Healthcare,Android,Mumbai,19,0,
TXN100621,2026-09-01 19:57:41,USER102897,USER100934,60.73,Utility Bills,Android,Jaipur,19,0,
TXN100622,2026-09-01 19:58:23,USER101331,USER102783,43.04,Fuel,Android,Bengaluru,19,0,
TXN100623,2026-09-01 19:58:41,USER100881,MERCH201365,70195.57,Entertainment,New Device,Bengaluru,19,1,new_device_high
TXN100624,2026-09-01 19:59:06,USER102911,USER100032,27.4,Mobile Recharge,Android,Lucknow,19,0,
TXN100625,2026-09-01 19:59:13,USER102745,MERCH200227,435.67,Mobile Recharge,Android,Delhi,19,0,
TXN100626,2026-09-01 19:59:29,USER101946,USER100049,295.11,Mobile Recharge,iOS,Hyderabad,19,0,
TXN100627,2026-09-01 19:59:33,USER100408,USER102524,349.19,Entertainment,Android,Delhi,19,0,
TXN100628,2026-09-01 20:01:36,USER102751,MERCH200529,90.63,Travel,Android,Delhi,20,0,
TXN100629,2026-09-01 20:05:46,USER100513,USER101467,662.25,Entertainment,Android,Hyderabad,20,0,
TXN100630,2026-09-01 20:08:02,USER100870,USER102056,925.24,Fuel,Android,Lucknow,20,0,
TXN100631,2026-09-01 20:08:58,USER101638,MERCH200480,457.72,Food & Dining,Android,Bengaluru,20,0,
TXN100632,2026-09-01 20:09:44,USER102820,USER101850,1235.43,Shopping,Android,Hyderabad,20,0,
TXN100633,2026-09-01 20:10:01,USER100063,USER101614,367.43,Mobile Recharge,Android,Hyderabad,20,0,
TXN100634,2026-09-01 20:10:35,USER101906,USER102648,185.37,Food & Dining,Android,Kolkata,20,0,
TXN100635,2026-09-01 20:11:44,USER102706,MERCH200991,451.58,Shopping,Android,Chennai,20,0,
TXN100636,2026-09-01 20:13:07,USER100775,USER102026,312.1,Utility Bills,Android,Delhi,20,0,
TXN100637,2026-09-01 20:13:40,USER102763,MERCH200807,370.78,Shopping,Android,Mumbai,20,0,
TXN100638,2026-09-01 20:15:35,USER101790,MERCH201342,471.76,Entertainment,iOS,Ahmedabad,20,0,
TXN100639,2026-09-01 20:15:43,USER101998,USER101058,189.45,Travel,iOS,Hyderabad,20,0,
TXN100640,2026-09-01 20:15:52,USER100162,USER101973,39.65,Entertainment,iOS,Delhi,20,0,
TXN100641,2026-09-01 20:16:32,USER102845,USER100473,1639.53,Healthcare,Android,Kolkata,20,0,
TXN100642,2026-09-01 20:17:21,USER102215,USER102863,889.18,Travel,Android,Mumbai,20,0,
TXN100643,2026-09-01 20:17:55,USER100442,USER101613,2860.66,Mobile Recharge,Android,Pune,20,0,
TXN100644,2026-09-01 20:18:34,USER100623,USER100724,665.27,Mobile Recharge,Android,Hyderabad,20,0,
TXN100645,2026-09-01 20:20:44,USER100997,USER101029,544.61,Mobile Recharge,Android,Jaipur,20,0,
TXN100646,2026-09-01 20:20:56,USER101333,USER100068,1227.52,Shopping,Android,Indore,20,0,
TXN100647,2026-09-01 20:23:46,USER101228,USER102318,1898.27,Healthcare,Android,Lucknow,20,0,
TXN100648,2026-09-01 20:24:43,USER102951,USER100948,141.25,Utility Bills,Android,Chennai,20,0,
TXN100649,2026-09-01 20:24:50,USER102821,USER101919,418.32,Shopping,Android,Delhi,20,0,
TXN100650,2026-09-01 20:26:15,USER101400,MERCH200416,452.2,Mobile Recharge,iOS,Ahmedabad,20,0,
TXN100651,2026-09-01 20:28:24,USER101833,USER102531,81.85,Entertainment,Android,Ahmedabad,20,0,
TXN100652,2026-09-01 20:29:01,USER101576,USER100076,1462.02,P2P Transfer,Android,Bengaluru,20,0,
TXN100653,2026-09-01 20:31:04,USER100545,USER102691,576.45,Entertainment,Android,Mumbai,20,0,
TXN100654,2026-09-01 20:31:13,USER101215,USER100190,88.02,Healthcare,Android,Kolkata,20,0,
TXN100655,2026-09-01 20:31:31,USER101913,MERCH201304,209.9,P2P Transfer,Android,Kolkata,20,0,
TXN100656,2026-09-01 20:33:30,USER100544,USER100725,591.41,Mobile Recharge,Android,Delhi,20,0,
TXN100657,2026-09-01 20:34:25,USER101905,USER101853,626.74,P2P Transfer,Android,Chennai,20,0,
TXN100658,2026-09-01 20:34:43,USER101673,USER101956,96.38,Entertainment,iOS,Hyderabad,20,0,
TXN100659,2026-09-01 20:36:30,USER101443,USER102402,305.3,Grocery,Android,Mumbai,20,0,
TXN100660,2026-09-01 20:36:40,USER102659,USER100432,1522.23,Food & Dining,iOS,Bengaluru,20,0,
TXN100661,2026-09-01 20:37:21,USER100980,USER101019,520.84,Shopping,Android,Kolkata,20,0,
TXN100662,2026-09-01 20:39:35,USER101253,MERCH200446,225.2,Travel,Android,Ahmedabad,20,0,
TXN100663,2026-09-01 20:45:01,USER101308,USER102317,1631.13,Entertainment,Android,Hyderabad,20,0,
TXN100664,2026-09-01 20:45:29,USER101062,USER100168,312.94,Shopping,iOS,Hyderabad,20,0,
TXN100665,2026-09-01 20:45:34,USER100557,USER102093,129.6,Healthcare,Android,Jaipur,20,0,
TXN100666,2026-09-01 20:46:42,USER102684,MERCH200921,253.73,Entertainment,Android,Bengaluru,20,0,
TXN100667,2026-09-01 20:51:39,USER100854,USER102106,618.41,Food & Dining,Android,Bengaluru,20,0,
TXN100668,2026-09-01 20:52:28,USER101607,MERCH201207,832.41,Healthcare,Android,Jaipur,20,0,
TXN100669,2026-09-01 20:53:48,USER101921,USER102510,2268.65,Food & Dining,Android,Bengaluru,20,0,
TXN100670,2026-09-01 20:56:25,USER100793,USER100323,779.28,Fuel,iOS,Indore,20,0,
TXN100671,2026-09-01 20:58:44,USER101754,USER101445,25000.0,Grocery,Android,Pune,20,1,round_number
TXN100672,2026-09-01 20:59:14,USER101895,MERCH200690,367.81,P2P Transfer,Android,Mumbai,20,0,
TXN100673,2026-09-01 20:59:19,USER102866,MERCH200759,189.55,Utility Bills,Android,Ahmedabad,20,0,
TXN100674,2026-09-01 21:01:11,USER102561,MERCH201230,1332.36,Food & Dining,iOS,Delhi,21,0,
TXN100675,2026-09-01 21:01:55,USER101563,USER100496,817.35,Fuel,Android,Hyderabad,21,0,
TXN100676,2026-09-01 21:02:30,USER100870,USER101034,172.79,Entertainment,Android,Kolkata,21,0,
TXN100677,2026-09-01 21:02:57,USER102768,USER102268,202.29,Food & Dining,Android,Jaipur,21,0,
TXN100678,2026-09-01 21:03:05,USER102756,USER100843,476.58,Grocery,Android,Delhi,21,0,
TXN100679,2026-09-01 21:04:21,USER101835,USER100868,281.82,Fuel,Android,Mumbai,21,0,
TXN100680,2026-09-01 21:07:32,USER101483,USER102691,729.35,Healthcare,iOS,Mumbai,21,0,
TXN100681,2026-09-01 21:08:58,USER100355,MERCH201363,191.8,Entertainment,Android,Jaipur,21,0,
TXN100682,2026-09-01 21:09:42,USER101395,USER102477,159.99,Healthcare,Android,Pune,21,0,
TXN100683,2026-09-01 21:12:23,USER101618,USER100879,629.84,Entertainment,Android,Patna,21,0,
TXN100684,2026-09-01 21:12:26,USER102723,MERCH200394,210.51,Entertainment,iOS,Mumbai,21,0,
TXN100685,2026-09-01 21:15:08,USER101173,MERCH201333,106.55,Entertainment,Android,Kolkata,21,0,
TXN100686,2026-09-01 21:16:05,USER102634,MERCH200103,414.36,Fuel,Android,Lucknow,21,0,
TXN100687,2026-09-01 21:18:39,USER101228,USER100796,72.58,Entertainment,Android,Kolkata,21,0,
TXN100688,2026-09-01 21:18:40,USER101410,MERCH200708,154.57,Entertainment,Android,Chennai,21,0,
TXN100689,2026-09-01 21:20:22,USER100541,USER102182,151.95,P2P Transfer,Android,Kolkata,21,0,
TXN100690,2026-09-01 21:21:03,USER101668,USER102608,348.91,Travel,Android,Mumbai,21,0,
TXN100691,2026-09-01 21:24:33,USER102362,USER100638,236.44,Utility Bills,Android,Bengaluru,21,0,
TXN100692,2026-09-01 21:25:02,USER102836,MERCH200115,110.49,Travel,Android,Chennai,21,0,
TXN100693,2026-09-01 21:27:28,USER101583,MERCH201485,1474.1,Mobile Recharge,iOS,Bengaluru,21,0,
TXN100694,2026-09-01 21:29:12,USER102249,USER102443,302.56,Entertainment,iOS,Kolkata,21,0,
TXN100695,2026-09-01 21:30:07,USER102704,MERCH200108,714.79,Shopping,Android,Kolkata,21,0,
TXN100696,2026-09-01 21:30:41,USER101976,MERCH200730,285.64,Healthcare,iOS,Bengaluru,21,0,
TXN100697,2026-09-01 21:31:32,USER102239,USER101228,148.83,Entertainment,Android,Delhi,21,0,
TXN100698,2026-09-01 21:33:41,USER101184,USER101807,1598.62,Travel,Android,Chennai,21,0,
TXN100699,2026-09-01 21:33:45,USER102969,USER102564,858.61,P2P Transfer,Android,Ahmedabad,21,0,
TXN100700,2026-09-01 21:36:26,USER101044,MERCH201493,1492.41,Mobile Recharge,Android,Pune,21,0,
TXN100701,2026-09-01 21:37:22,USER100796,USER100355,76.64,P2P Transfer,Android,Hyderabad,21,0,
TXN100702,2026-09-01 21:39:50,USER100935,USER101548,2708.44,Food & Dining,Android,Bengaluru,21,0,
TXN100703,2026-09-01 21:48:01,USER100304,MERCH200719,183.32,Utility Bills,Android,Delhi,21,0,
TXN100704,2026-09-01 21:48:58,USER100683,USER100339,249.02,Utility Bills,Android,Hyderabad,21,0,
TXN100705,2026-09-01 21:57:04,USER101663,USER102204,82.45,Grocery,Android,Bengaluru,21,0,
TXN100706,2026-09-01 21:57:31,USER102434,USER101564,588.33,Shopping,iOS,Hyderabad,21,0,
TXN100707,2026-09-01 21:58:31,USER100622,USER101612,542.14,Healthcare,Android,Bengaluru,21,0,
TXN100708,2026-09-01 21:59:21,USER100643,USER102906,473.8,Shopping,Android,Delhi,21,0,
TXN100709,2026-09-01 22:01:13,USER100624,USER100241,1518.21,Fuel,Android,Delhi,22,0,
TXN100710,2026-09-01 22:06:39,USER102562,MERCH200217,328.75,Fuel,Android,Indore,22,0,
TXN100711,2026-09-01 22:07:48,USER101994,USER101314,66.55,Grocery,Android,Pune,22,0,
TXN100712,2026-09-01 22:08:20,USER101665,USER101237,277.83,Food & Dining,Android,Hyderabad,22,0,
TXN100713,2026-09-01 22:10:18,USER102440,MERCH201499,2495.71,Fuel,iOS,Hyderabad,22,0,
TXN100714,2026-09-01 22:18:14,USER100235,USER102715,1531.97,Food & Dining,iOS,Hyderabad,22,0,
TXN100715,2026-09-01 22:22:16,USER102334,MERCH201170,81.75,Healthcare,Android,Pune,22,0,
TXN100716,2026-09-01 22:23:12,USER100112,USER102645,696.41,Food & Dining,Android,Jaipur,22,0,
TXN100717,2026-09-01 22:24:15,USER100488,USER100413,230.81,P2P Transfer,Android,Delhi,22,0,
TXN100718,2026-09-01 22:30:31,USER101784,MERCH201336,689.34,Fuel,Android,Delhi,22,0,
TXN100719,2026-09-01 22:31:46,USER102804,MERCH201059,5799.23,Travel,Android,Hyderabad,22,0,
TXN100720,2026-09-01 22:39:59,USER102363,USER100532,628.57,Utility Bills,Android,Lucknow,22,0,
TXN100721,2026-09-01 22:44:09,USER102532,MERCH200893,141.92,P2P Transfer,iOS,Patna,22,0,
TXN100722,2026-09-01 22:48:19,USER101517,USER100765,171.03,Entertainment,iOS,Chennai,22,0,
TXN100723,2026-09-01 22:52:52,USER100336,MERCH200657,62.45,Shopping,iOS,Chennai,22,0,
TXN100724,2026-09-01 22:53:14,USER100954,USER102409,1532.15,Mobile Recharge,Android,Hyderabad,22,0,
TXN100725,2026-09-01 22:54:47,USER102408,USER102024,304.41,Mobile Recharge,iOS,Chennai,22,0,
TXN100726,2026-09-01 22:59:25,USER101723,USER101080,1495.79,Utility Bills,iOS,Patna,22,0,
TXN100727,2026-09-01 23:06:52,USER102078,USER102470,2032.19,Food & Dining,Android,Mumbai,23,0,
TXN100728,2026-09-01 23:08:00,USER100076,USER102194,3888.31,P2P Transfer,Android,Bengaluru,23,1,velocity_burst
TXN100729,2026-09-01 23:11:09,USER102321,MERCH201089,748.84,Mobile Recharge,Android,Hyderabad,23,0,
TXN100730,2026-09-01 23:15:20,USER102755,USER102378,273.51,P2P Transfer,Android,Pune,23,0,
TXN100731,2026-09-01 23:18:12,USER102578,USER100150,200.63,Mobile Recharge,Android,Pune,23,0,
TXN100732,2026-09-01 23:18:19,USER102470,USER101730,1337.15,Fuel,Android,Ahmedabad,23,0,
TXN100733,2026-09-01 23:24:36,USER101481,USER101006,843.78,Food & Dining,iOS,Delhi,23,0,
TXN100734,2026-09-01 23:30:26,USER100828,USER101342,433.1,Entertainment,Android,Delhi,23,0,
TXN100735,2026-09-01 23:45:25,USER102815,USER100041,1578.66,Fuel,Android,Bengaluru,23,0,
TXN100736,2026-09-01 23:57:26,USER102720,MERCH200259,255.12,Healthcare,iOS,Hyderabad,23,0,
TXN100737,2026-09-02 03:21:20,USER100101,MERCH200592,550.83,Travel,iOS,Chennai,3,0,
TXN100738,2026-09-02 03:41:16,USER100494,MERCH200367,167.23,Shopping,Android,Pune,3,0,
TXN100739,2026-09-02 05:11:01,USER101128,USER101693,851.1,Shopping,Android,Pune,5,0,
TXN100740,2026-09-02 05:11:23,USER101187,MERCH201044,970.38,Healthcare,Android,Chennai,5,0,
TXN100741,2026-09-02 05:14:38,USER102080,USER100377,191.15,Shopping,Android,Mumbai,5,0,
TXN100742,2026-09-02 06:04:00,USER100805,MERCH200949,5244.36,P2P Transfer,Android,Mumbai,6,1,velocity_burst
TXN100743,2026-09-02 06:20:00,USER100253,USER102664,5963.77,P2P Transfer,Android,Delhi,6,1,velocity_burst
TXN100744,2026-09-02 06:33:55,USER101657,USER102867,406.24,Entertainment,Android,Hyderabad,6,0,
TXN100745,2026-09-02 06:36:12,USER100107,MERCH200264,174.25,Mobile Recharge,Android,Bengaluru,6,0,
TXN100746,2026-09-02 06:54:23,USER101059,MERCH200300,789.0,Mobile Recharge,Android,Ahmedabad,6,0,
TXN100747,2026-09-02 07:06:44,USER101544,USER101932,1571.95,Healthcare,Android,Chennai,7,0,
TXN100748,2026-09-02 07:07:24,USER100672,USER102970,344.87,Fuel,iOS,Bengaluru,7,0,
TXN100749,2026-09-02 07:13:00,USER101149,MERCH200475,551.41,P2P Transfer,Android,Chennai,7,0,
TXN100750,2026-09-02 07:14:00,USER100253,MERCH200421,4523.8,P2P Transfer,Android,Chennai,7,1,velocity_burst
TXN100751,2026-09-02 07:16:37,USER100759,USER100170,677.45,Entertainment,Android,Mumbai,7,0,
TXN100752,2026-09-02 07:30:29,USER101759,USER100558,128.37,Fuel,Android,Delhi,7,0,
TXN100753,2026-09-02 07:43:20,USER101306,USER101750,744.69,Mobile Recharge,Android,Kolkata,7,0,
TXN100754,2026-09-02 07:44:56,USER101490,MERCH200790,68.81,Utility Bills,Android,Hyderabad,7,0,
TXN100755,2026-09-02 07:45:10,USER100285,MERCH200792,853.37,Shopping,Android,Mumbai,7,0,
TXN100756,2026-09-02 07:47:52,USER100462,USER102707,47.25,Mobile Recharge,Android,Kolkata,7,0,
TXN100757,2026-09-02 07:47:52,USER101919,USER101378,158.89,Entertainment,Android,Kolkata,7,0,
TXN100758,2026-09-02 07:53:37,USER100067,USER101137,660.94,Travel,Android,Hyderabad,7,0,
TXN100759,2026-09-02 07:57:27,USER100663,MERCH201333,706.28,Shopping,Android,Chennai,7,0,
TXN100760,2026-09-02 08:01:14,USER102392,USER101320,886.47,Entertainment,Android,Bengaluru,8,0,
TXN100761,2026-09-02 08:01:16,USER100516,MERCH201074,678.47,Entertainment,Android,Mumbai,8,0,
TXN100762,2026-09-02 08:07:50,USER100481,USER100523,382.25,Mobile Recharge,Android,Mumbai,8,0,
TXN100763,2026-09-02 08:09:04,USER101627,MERCH201221,305.99,Shopping,iOS,Chennai,8,0,
TXN100764,2026-09-02 08:10:37,USER101909,USER100919,81.82,Entertainment,iOS,Hyderabad,8,0,
TXN100765,2026-09-02 08:12:37,USER101001,USER101928,141.84,Food & Dining,Android,Pune,8,0,
TXN100766,2026-09-02 08:13:03,USER102668,USER100533,2383.23,Mobile Recharge,Android,Chennai,8,0,
TXN100767,2026-09-02 08:13:29,USER102567,USER102960,290.06,Entertainment,Android,Bengaluru,8,0,
TXN100768,2026-09-02 08:14:08,USER100733,USER101277,148.64,Fuel,Android,Patna,8,0,
TXN100769,2026-09-02 08:14:15,USER102388,MERCH200634,152.46,Fuel,iOS,Mumbai,8,0,
TXN100770,2026-09-02 08:14:47,USER101817,USER101084,1097.23,Grocery,Android,Mumbai,8,0,
TXN100771,2026-09-02 08:15:26,USER100395,USER101043,226.04,Mobile Recharge,iOS,Lucknow,8,0,
TXN100772,2026-09-02 08:17:31,USER102009,USER102160,150.5,Shopping,Android,Chennai,8,0,
TXN100773,2026-09-02 08:18:48,USER102489,USER102346,308.69,P2P Transfer,Android,Ahmedabad,8,0,
TXN100774,2026-09-02 08:22:54,USER102847,MERCH200390,206.71,Shopping,Android,Hyderabad,8,0,
TXN100775,2026-09-02 08:25:31,USER102866,USER102906,150.0,Entertainment,Android,Mumbai,8,0,
TXN100776,2026-09-02 08:26:00,USER101679,USER102458,1483.23,P2P Transfer,Android,Kolkata,8,1,velocity_burst
TXN100777,2026-09-02 08:27:32,USER102318,MERCH200046,482.85,Healthcare,Android,Ahmedabad,8,0,
TXN100778,2026-09-02 08:30:48,USER100969,USER100026,109.96,Entertainment,Android,Chennai,8,0,
TXN100779,2026-09-02 08:31:34,USER102448,MERCH201171,209.02,Entertainment,Android,Kolkata,8,0,
TXN100780,2026-09-02 08:31:35,USER100173,MERCH200291,540.83,Mobile Recharge,iOS,Patna,8,0,
TXN100781,2026-09-02 08:34:56,USER100242,USER101484,551.6,Fuel,Android,Bengaluru,8,0,
TXN100782,2026-09-02 08:35:17,USER102852,USER102459,116.97,Travel,Android,Delhi,8,0,
TXN100783,2026-09-02 08:35:44,USER101527,USER101654,185.41,Mobile Recharge,Android,Delhi,8,0,
TXN100784,2026-09-02 08:40:16,USER101599,USER100892,142.18,Grocery,Android,Pune,8,0,
TXN100785,2026-09-02 08:41:04,USER100041,USER100992,1018.69,Travel,iOS,Hyderabad,8,0,
TXN100786,2026-09-02 08:41:28,USER102382,MERCH200947,50.91,Food & Dining,Android,Patna,8,0,
TXN100787,2026-09-02 08:44:57,USER102064,USER100996,663.81,Fuel,Android,Pune,8,0,
TXN100788,2026-09-02 08:45:24,USER101851,USER101347,369.51,Utility Bills,Android,Hyderabad,8,0,
TXN100789,2026-09-02 08:47:43,USER100832,MERCH200479,399.32,Mobile Recharge,iOS,Mumbai,8,0,
TXN100790,2026-09-02 08:48:44,USER102243,USER100925,160.74,Grocery,Android,Mumbai,8,0,
TXN100791,2026-09-02 08:48:52,USER102461,USER100788,476.77,Food & Dining,Android,Ahmedabad,8,0,
TXN100792,2026-09-02 08:50:42,USER101505,USER101917,113.81,Healthcare,Android,Ahmedabad,8,0,
TXN100793,2026-09-02 08:50:53,USER102727,USER102050,330.37,Food & Dining,iOS,Patna,8,0,
TXN100794,2026-09-02 08:54:06,USER102584,MERCH200177,752.16,Mobile Recharge,Android,Delhi,8,0,
TXN100795,2026-09-02 08:54:39,USER100176,MERCH201294,211.16,Food & Dining,Android,Jaipur,8,0,
TXN100796,2026-09-02 08:56:31,USER101212,USER100154,1002.15,Food & Dining,iOS,Pune,8,0,
TXN100797,2026-09-02 08:56:55,USER101747,MERCH200817,82.17,P2P Transfer,Android,Indore,8,0,
TXN100798,2026-09-02 08:58:03,USER102930,MERCH201379,525.85,Food & Dining,Android,Mumbai,8,0,
TXN100799,2026-09-02 09:00:21,USER100401,MERCH200259,336.82,Shopping,iOS,Patna,9,0,
TXN100800,2026-09-02 09:00:58,USER102701,USER102916,873.84,Food & Dining,Android,Chennai,9,0,
TXN100801,2026-09-02 09:02:00,USER100898,USER100869,1146.17,Healthcare,Android,Delhi,9,0,
TXN100802,2026-09-02 09:08:59,USER100389,USER101956,766.98,Utility Bills,Android,Chennai,9,0,
TXN100803,2026-09-02 09:09:14,USER102313,MERCH201292,208.32,Utility Bills,Android,Ahmedabad,9,0,
TXN100804,2026-09-02 09:10:49,USER101691,USER100683,1006.42,Healthcare,Android,Bengaluru,9,0,
TXN100805,2026-09-02 09:12:20,USER100473,USER102608,5921.48,Healthcare,Android,Pune,9,0,
TXN100806,2026-09-02 09:12:31,USER100223,USER102487,246.42,Grocery,iOS,Delhi,9,0,
TXN100807,2026-09-02 09:13:03,USER101838,MERCH200464,29.79,Shopping,Android,Bengaluru,9,0,
TXN100808,2026-09-02 09:13:53,USER102875,MERCH200633,239.21,Grocery,iOS,Delhi,9,0,
TXN100809,2026-09-02 09:14:50,USER101318,USER101314,56413.41,Grocery,New Device,Jaipur,9,1,new_device_high
TXN100810,2026-09-02 09:16:28,USER100678,USER100319,1155.99,Food & Dining,Android,Bengaluru,9,0,
TXN100811,2026-09-02 09:17:48,USER102271,MERCH200636,223.95,Travel,iOS,Lucknow,9,0,
TXN100812,2026-09-02 09:20:39,USER102078,MERCH200706,472.99,Grocery,Android,Ahmedabad,9,0,
TXN100813,2026-09-02 09:21:11,USER101454,MERCH200561,555.12,P2P Transfer,iOS,Mumbai,9,0,
TXN100814,2026-09-02 09:22:42,USER102279,MERCH200630,2352.18,Mobile Recharge,iOS,Bengaluru,9,0,
TXN100815,2026-09-02 09:23:10,USER100277,MERCH200306,748.15,Utility Bills,Android,Indore,9,0,
TXN100816,2026-09-02 09:23:27,USER102990,MERCH200061,583.59,Healthcare,Android,Hyderabad,9,0,
TXN100817,2026-09-02 09:23:44,USER102772,MERCH200380,38.37,Utility Bills,iOS,Pune,9,0,
TXN100818,2026-09-02 09:24:59,USER102315,USER101240,258.31,Shopping,Android,Kolkata,9,0,
TXN100819,2026-09-02 09:26:08,USER102327,USER100402,1352.01,Healthcare,Android,Mumbai,9,0,
TXN100820,2026-09-02 09:26:59,USER102407,MERCH200930,1315.83,Grocery,Android,Mumbai,9,0,
TXN100821,2026-09-02 09:27:56,USER101711,USER100129,1390.66,P2P Transfer,Android,Pune,9,0,
TXN100822,2026-09-02 09:28:59,USER101110,MERCH200029,1014.08,Utility Bills,Android,Ahmedabad,9,0,
TXN100823,2026-09-02 09:29:16,USER102595,USER101189,69.55,Utility Bills,Android,Pune,9,0,
TXN100824,2026-09-02 09:33:23,USER101405,USER100849,893.83,Healthcare,iOS,Lucknow,9,0,
TXN100825,2026-09-02 09:33:48,USER102694,USER102155,441.24,P2P Transfer,iOS,Jaipur,9,0,
TXN100826,2026-09-02 09:34:00,USER100323,USER102422,74.49,Utility Bills,Android,Lucknow,9,0,
TXN100827,2026-09-02 09:35:59,USER101333,MERCH201409,3323.7,Shopping,iOS,Hyderabad,9,0,
TXN100828,2026-09-02 09:37:37,USER101071,MERCH200545,120.8,Entertainment,Android,Delhi,9,0,
TXN100829,2026-09-02 09:38:54,USER100408,USER100826,138.7,P2P Transfer,iOS,Mumbai,9,0,
TXN100830,2026-09-02 09:39:20,USER100399,USER101284,659.55,Healthcare,Android,Patna,9,0,
TXN100831,2026-09-02 09:39:41,USER100601,USER100455,138.68,Food & Dining,Android,Bengaluru,9,0,
TXN100832,2026-09-02 09:40:14,USER100876,USER102213,188.4,Entertainment,Android,Indore,9,0,
TXN100833,2026-09-02 09:40:46,USER100840,USER102292,3599.8,Shopping,Android,Mumbai,9,0,
TXN100834,2026-09-02 09:41:49,USER101264,USER100237,466.18,Fuel,Android,Jaipur,9,0,
TXN100835,2026-09-02 09:42:40,USER101033,USER102414,258.4,Fuel,Android,Pune,9,0,
TXN100836,2026-09-02 09:44:46,USER102301,USER100573,106.65,Fuel,iOS,Delhi,9,0,
TXN100837,2026-09-02 09:45:19,USER102948,USER102325,273.29,Shopping,Android,Jaipur,9,0,
TXN100838,2026-09-02 09:45:26,USER102081,USER102066,82.47,Mobile Recharge,Android,Bengaluru,9,0,
TXN100839,2026-09-02 09:46:09,USER100006,USER100800,1042.49,Healthcare,Android,Bengaluru,9,0,
TXN100840,2026-09-02 09:47:22,USER100920,USER102386,92.63,Utility Bills,Android,Kolkata,9,0,
TXN100841,2026-09-02 09:48:00,USER102562,USER101765,216.73,Food & Dining,Android,Lucknow,9,0,
TXN100842,2026-09-02 09:49:47,USER101072,MERCH201409,85.42,Mobile Recharge,Android,Hyderabad,9,0,
TXN100843,2026-09-02 09:51:14,USER101480,USER101992,54.27,Fuel,Android,Pune,9,0,
TXN100844,2026-09-02 09:51:24,USER100308,MERCH201397,700.48,Grocery,Android,Delhi,9,0,
TXN100845,2026-09-02 09:54:03,USER101213,USER100512,1377.7,Shopping,Android,Hyderabad,9,0,
TXN100846,2026-09-02 09:55:23,USER101573,USER102804,111.44,Entertainment,Android,Lucknow,9,0,
TXN100847,2026-09-02 09:58:27,USER102887,USER100998,818.61,Food & Dining,Android,Delhi,9,0,
TXN100848,2026-09-02 10:02:18,USER100667,USER100855,316.82,Shopping,Android,Patna,10,0,
TXN100849,2026-09-02 10:02:52,USER100289,MERCH200883,245.82,Mobile Recharge,Android,Chennai,10,0,
TXN100850,2026-09-02 10:05:17,USER102905,MERCH200840,88.19,Shopping,Android,Kolkata,10,0,
TXN100851,2026-09-02 10:05:34,USER102194,USER101404,160.82,P2P Transfer,Android,Chennai,10,0,
TXN100852,2026-09-02 10:06:39,USER100908,USER101472,443.37,Entertainment,Android,Delhi,10,0,
TXN100853,2026-09-02 10:07:01,USER102577,USER101751,668.66,Travel,Android,Pune,10,0,
TXN100854,2026-09-02 10:08:32,USER102069,USER101100,238.33,Shopping,Android,Ahmedabad,10,0,
TXN100855,2026-09-02 10:08:50,USER102371,MERCH201342,315.23,Grocery,Android,Bengaluru,10,0,
TXN100856,2026-09-02 10:09:02,USER100092,USER101076,640.95,Food & Dining,Android,Kolkata,10,0,
TXN100857,2026-09-02 10:09:20,USER102799,USER100242,1284.4,Entertainment,iOS,Bengaluru,10,0,
TXN100858,2026-09-02 10:09:27,USER101637,USER100161,503.17,Entertainment,Android,Mumbai,10,0,
TXN100859,2026-09-02 10:10:43,USER101793,MERCH200750,12562.27,Food & Dining,Android,Bengaluru,10,0,
TXN100860,2026-09-02 10:11:00,USER102417,USER101038,113.81,Entertainment,Android,Hyderabad,10,0,
TXN100861,2026-09-02 10:12:09,USER102538,USER101189,392.88,Shopping,Android,Bengaluru,10,0,
TXN100862,2026-09-02 10:12:34,USER102923,USER102836,449.66,Entertainment,Android,Mumbai,10,0,
TXN100863,2026-09-02 10:12:48,USER101000,MERCH201482,276.68,P2P Transfer,iOS,Delhi,10,0,
TXN100864,2026-09-02 10:13:51,USER100688,USER100551,864.7,Entertainment,Android,Hyderabad,10,0,
TXN100865,2026-09-02 10:14:22,USER100437,MERCH200866,344.38,Shopping,Android,Bengaluru,10,0,
TXN100866,2026-09-02 10:14:56,USER101727,MERCH200270,325.79,Fuel,Android,Hyderabad,10,0,
TXN100867,2026-09-02 10:17:11,USER102244,USER102604,330.65,Healthcare,Android,Hyderabad,10,0,
TXN100868,2026-09-02 10:19:01,USER100271,USER101280,544.48,Grocery,iOS,Hyderabad,10,0,
TXN100869,2026-09-02 10:19:27,USER101716,MERCH200071,151.75,Entertainment,Android,Mumbai,10,0,
TXN100870,2026-09-02 10:19:47,USER102079,USER102336,416.21,P2P Transfer,Android,Hyderabad,10,0,
TXN100871,2026-09-02 10:20:42,USER100624,USER100154,308.18,Travel,iOS,Jaipur,10,0,
TXN100872,2026-09-02 10:24:23,USER102880,MERCH200650,159.54,Mobile Recharge,Android,Mumbai,10,0,
TXN100873,2026-09-02 10:26:10,USER100282,USER101611,3017.53,Food & Dining,Android,Pune,10,0,
TXN100874,2026-09-02 10:27:35,USER100082,MERCH200415,455.47,Shopping,Android,Lucknow,10,0,
TXN100875,2026-09-02 10:27:59,USER100660,USER100567,429.86,P2P Transfer,Android,Hyderabad,10,0,
TXN100876,2026-09-02 10:28:04,USER101649,MERCH201430,477.99,Mobile Recharge,iOS,Kolkata,10,0,
TXN100877,2026-09-02 10:29:17,USER101611,MERCH201423,75.1,Entertainment,Android,Ahmedabad,10,0,
TXN100878,2026-09-02 10:31:17,USER101484,USER102921,1515.65,Food & Dining,iOS,Jaipur,10,0,
TXN100879,2026-09-02 10:32:43,USER100408,MERCH200145,158.53,Grocery,Android,Mumbai,10,0,
TXN100880,2026-09-02 10:34:44,USER102896,MERCH200531,368.7,P2P Transfer,Android,Mumbai,10,0,
TXN100881,2026-09-02 10:36:52,USER102571,USER102977,212.62,Food & Dining,Android,Delhi,10,0,
TXN100882,2026-09-02 10:37:07,USER101989,USER102532,438.73,Entertainment,Android,Delhi,10,0,
TXN100883,2026-09-02 10:38:25,USER101961,USER100120,212.31,Grocery,Android,Pune,10,0,
TXN100884,2026-09-02 10:38:46,USER101832,MERCH200918,108.37,Shopping,Android,Chennai,10,0,
TXN100885,2026-09-02 10:41:48,USER102742,MERCH201106,264.51,Food & Dining,Android,Mumbai,10,0,
TXN100886,2026-09-02 10:42:45,USER102136,MERCH201335,243.14,Fuel,Android,Bengaluru,10,0,
TXN100887,2026-09-02 10:43:34,USER101899,USER100794,1154.04,Utility Bills,Android,Kolkata,10,0,
TXN100888,2026-09-02 10:43:37,USER102418,MERCH200012,1234.47,Healthcare,iOS,Indore,10,0,
TXN100889,2026-09-02 10:43:42,USER102394,USER101433,746.13,Travel,iOS,Mumbai,10,0,
TXN100890,2026-09-02 10:47:00,USER101818,MERCH200874,37.55,Grocery,Android,Delhi,10,0,
TXN100891,2026-09-02 10:47:57,USER101143,USER102264,117.33,Utility Bills,iOS,Hyderabad,10,0,
TXN100892,2026-09-02 10:48:04,USER101614,USER102282,81.95,Fuel,Android,Bengaluru,10,0,
TXN100893,2026-09-02 10:48:47,USER101902,MERCH200555,177.04,Travel,Android,Hyderabad,10,0,
TXN100894,2026-09-02 10:49:07,USER100678,USER102747,87.78,Utility Bills,Android,Indore,10,0,
TXN100895,2026-09-02 10:50:31,USER101104,MERCH201053,637.99,Entertainment,iOS,Mumbai,10,0,
TXN100896,2026-09-02 10:53:18,USER102149,USER101300,424.91,Grocery,iOS,Delhi,10,0,
TXN100897,2026-09-02 10:56:11,USER102575,USER102493,445.98,Mobile Recharge,iOS,Chennai,10,0,
TXN100898,2026-09-02 10:57:55,USER101012,USER100828,330.26,Mobile Recharge,Android,Bengaluru,10,0,
TXN100899,2026-09-02 11:00:44,USER100709,USER102838,2478.51,P2P Transfer,Android,Delhi,11,0,
TXN100900,2026-09-02 11:03:41,USER100570,USER100772,346.93,P2P Transfer,Android,Bengaluru,11,0,
TXN100901,2026-09-02 11:04:35,USER100232,USER100899,813.93,Travel,Android,Mumbai,11,0,
TXN100902,2026-09-02 11:05:12,USER102683,USER100099,56.08,Fuel,Android,Jaipur,11,0,
TXN100903,2026-09-02 11:06:18,USER101078,USER101260,392.86,Shopping,Android,Mumbai,11,0,
TXN100904,2026-09-02 11:08:12,USER100527,USER101328,145.23,Grocery,Android,Kolkata,11,0,
TXN100905,2026-09-02 11:12:28,USER100658,USER100977,589.78,Mobile Recharge,iOS,Hyderabad,11,0,
TXN100906,2026-09-02 11:13:03,USER101423,USER101212,75000.0,Entertainment,Android,Mumbai,11,1,round_number
TXN100907,2026-09-02 11:13:12,USER100865,USER101956,287.89,Grocery,iOS,Pune,11,0,
TXN100908,2026-09-02 11:15:09,USER102534,MERCH201129,238.54,Shopping,Android,Chennai,11,0,
TXN100909,2026-09-02 11:15:22,USER102961,MERCH201085,499.97,Grocery,Android,Bengaluru,11,0,
TXN100910,2026-09-02 11:16:04,USER100978,USER102532,576.04,Grocery,Android,Hyderabad,11,0,
TXN100911,2026-09-02 11:18:00,USER100647,USER102424,235.09,P2P Transfer,Android,Mumbai,11,0,
TXN100912,2026-09-02 11:18:33,USER102410,MERCH200818,1509.02,Grocery,Android,Hyderabad,11,0,
TXN100913,2026-09-02 11:18:57,USER101727,USER100580,219.2,Travel,Android,Pune,11,0,
TXN100914,2026-09-02 11:19:01,USER102701,USER102635,1621.29,Food & Dining,Android,Hyderabad,11,0,
TXN100915,2026-09-02 11:20:42,USER102991,USER102113,243.18,Utility Bills,Android,Delhi,11,0,
TXN100916,2026-09-02 11:21:28,USER101890,MERCH200466,670.9,Healthcare,Android,Patna,11,0,
TXN100917,2026-09-02 11:21:53,USER100989,MERCH200779,1226.78,Fuel,Android,Ahmedabad,11,0,
TXN100918,2026-09-02 11:23:28,USER100857,USER102907,327.43,Fuel,Android,Mumbai,11,0,
TXN100919,2026-09-02 11:28:07,USER101874,USER102773,134.1,Mobile Recharge,Android,Delhi,11,0,
TXN100920,2026-09-02 11:28:26,USER102318,USER101747,1148.32,Travel,Android,Bengaluru,11,0,
TXN100921,2026-09-02 11:29:17,USER102183,USER101762,567.59,Utility Bills,Android,Hyderabad,11,0,
TXN100922,2026-09-02 11:29:17,USER102705,USER102324,65.7,Healthcare,Android,Delhi,11,0,
TXN100923,2026-09-02 11:30:32,USER102638,USER102087,2225.03,Food & Dining,Android,Pune,11,0,
TXN100924,2026-09-02 11:30:51,USER101960,MERCH201055,247.92,Mobile Recharge,Android,Pune,11,0,
TXN100925,2026-09-02 11:31:15,USER101158,MERCH201395,124.74,Food & Dining,Android,Pune,11,0,
TXN100926,2026-09-02 11:32:25,USER101425,USER101574,148.09,Fuel,iOS,Indore,11,0,
TXN100927,2026-09-02 11:32:46,USER100401,USER102495,300.53,Entertainment,Android,Bengaluru,11,0,
TXN100928,2026-09-02 11:34:20,USER102131,USER100136,626.5,Mobile Recharge,Android,Delhi,11,0,
TXN100929,2026-09-02 11:34:32,USER101753,USER100804,553.35,Shopping,Android,Pune,11,0,
TXN100930,2026-09-02 11:34:38,USER100776,USER102308,146.61,Food & Dining,Android,Jaipur,11,0,
TXN100931,2026-09-02 11:36:12,USER100440,USER100873,1299.36,Food & Dining,Android,Chennai,11,0,
TXN100932,2026-09-02 11:36:39,USER101576,USER102971,1049.54,Travel,Android,Bengaluru,11,0,
TXN100933,2026-09-02 11:36:52,USER100382,MERCH200635,166.53,Mobile Recharge,Android,Mumbai,11,0,
TXN100934,2026-09-02 11:37:00,USER102566,USER102570,601.79,Travel,Android,Bengaluru,11,0,
TXN100935,2026-09-02 11:37:04,USER100171,USER102822,2486.59,Fuel,Android,Pune,11,0,
TXN100936,2026-09-02 11:37:32,USER102523,USER100614,368.1,Grocery,Android,Chennai,11,0,
TXN100937,2026-09-02 11:37:36,USER102318,USER101214,68.81,Entertainment,Android,Bengaluru,11,0,
TXN100938,2026-09-02 11:37:36,USER102337,USER102459,807.38,Entertainment,Android,Delhi,11,0,
TXN100939,2026-09-02 11:38:44,USER102744,USER101361,487.53,P2P Transfer,Android,Chennai,11,0,
TXN100940,2026-09-02 11:39:03,USER101407,USER101912,78.56,Utility Bills,Android,Jaipur,11,0,
TXN100941,2026-09-02 11:40:35,USER101573,USER101387,671.79,Healthcare,Android,Kolkata,11,0,
TXN100942,2026-09-02 11:40:48,USER100538,USER102361,271.62,Shopping,Android,Jaipur,11,0,
TXN100943,2026-09-02 11:43:42,USER102494,USER100368,207.96,Shopping,Android,Kolkata,11,0,
TXN100944,2026-09-02 11:43:44,USER102402,USER101622,691.52,P2P Transfer,iOS,Mumbai,11,0,
TXN100945,2026-09-02 11:43:48,USER101539,USER101105,225.16,Shopping,Android,Kolkata,11,0,
TXN100946,2026-09-02 11:46:06,USER101105,USER101557,770.58,Fuel,Android,Ahmedabad,11,0,
TXN100947,2026-09-02 11:46:14,USER101113,USER102842,304.7,Food & Dining,Android,Bengaluru,11,0,
TXN100948,2026-09-02 11:47:00,USER102362,USER102220,544.4,Travel,Android,Kolkata,11,0,
TXN100949,2026-09-02 11:49:35,USER101010,MERCH200168,949.73,Fuel,Android,Mumbai,11,0,
TXN100950,2026-09-02 11:50:22,USER102877,USER102613,201.62,Utility Bills,Android,Chennai,11,0,
TXN100951,2026-09-02 11:51:53,USER100934,USER100236,684.3,Food & Dining,Android,Pune,11,0,
TXN100952,2026-09-02 11:54:24,USER100055,MERCH200532,702.78,P2P Transfer,iOS,Delhi,11,0,
TXN100953,2026-09-02 11:54:30,USER100715,USER102790,443.8,Shopping,Android,Bengaluru,11,0,
TXN100954,2026-09-02 11:59:44,USER102024,MERCH200032,404.52,P2P Transfer,Android,Delhi,11,0,
TXN100955,2026-09-02 12:01:06,USER102115,MERCH200850,137.22,Grocery,iOS,Patna,12,0,
TXN100956,2026-09-02 12:02:01,USER100551,USER102273,84.8,Mobile Recharge,Android,Bengaluru,12,0,
TXN100957,2026-09-02 12:05:01,USER100041,USER102902,81.33,Healthcare,Android,Delhi,12,0,
TXN100958,2026-09-02 12:05:03,USER102947,USER101417,1997.15,Food & Dining,iOS,Patna,12,0,
TXN100959,2026-09-02 12:06:33,USER100420,MERCH200728,419.48,Mobile Recharge,Android,Mumbai,12,0,
TXN100960,2026-09-02 12:09:52,USER102774,USER101906,67.9,Travel,Android,Delhi,12,0,
TXN100961,2026-09-02 12:10:20,USER102481,MERCH201139,1127.49,Entertainment,Android,Hyderabad,12,0,
TXN100962,2026-09-02 12:11:41,USER101632,USER101029,60.07,Grocery,Android,Ahmedabad,12,0,
TXN100963,2026-09-02 12:11:59,USER101606,USER101436,805.25,Fuel,Android,Hyderabad,12,0,
TXN100964,2026-09-02 12:12:18,USER100500,USER100027,57.14,Food & Dining,Android,Bengaluru,12,0,
TXN100965,2026-09-02 12:13:15,USER101624,USER102765,1348.44,Utility Bills,Android,Mumbai,12,0,
TXN100966,2026-09-02 12:14:18,USER101955,MERCH200032,133.55,Travel,Android,Bengaluru,12,0,
TXN100967,2026-09-02 12:16:24,USER100719,MERCH200801,1188.74,Fuel,Android,Delhi,12,0,
TXN100968,2026-09-02 12:16:38,USER101303,USER102173,840.8,Utility Bills,Android,Delhi,12,0,
TXN100969,2026-09-02 12:17:04,USER100031,MERCH200245,2759.61,Shopping,Android,Hyderabad,12,0,
TXN100970,2026-09-02 12:18:14,USER102783,USER100872,33.6,Food & Dining,Android,Bengaluru,12,0,
TXN100971,2026-09-02 12:18:34,USER102336,USER102832,154.63,Entertainment,Android,Pune,12,0,
TXN100972,2026-09-02 12:18:51,USER101193,MERCH200040,479.53,Healthcare,iOS,Delhi,12,0,
TXN100973,2026-09-02 12:20:57,USER100308,USER101180,203.2,Entertainment,Android,Mumbai,12,0,
TXN100974,2026-09-02 12:21:45,USER102215,USER100587,209.91,Shopping,Android,Delhi,12,0,
TXN100975,2026-09-02 12:23:11,USER102942,USER102567,1067.06,Travel,Android,Mumbai,12,0,
TXN100976,2026-09-02 12:23:59,USER101811,USER100723,398.54,Healthcare,Android,Mumbai,12,0,
TXN100977,2026-09-02 12:25:49,USER101803,MERCH200114,243.33,Entertainment,Android,Bengaluru,12,0,
TXN100978,2026-09-02 12:26:04,USER101789,USER100452,647.8,Fuel,Android,Hyderabad,12,0,
TXN100979,2026-09-02 12:29:15,USER101061,USER100042,238.39,Grocery,Android,Lucknow,12,0,
TXN100980,2026-09-02 12:30:39,USER101327,USER101645,370.24,Mobile Recharge,Android,Kolkata,12,0,
TXN100981,2026-09-02 12:31:14,USER102732,USER100044,601.38,Travel,Android,Jaipur,12,0,
TXN100982,2026-09-02 12:33:37,USER102660,USER100288,550.74,Travel,iOS,Delhi,12,0,
TXN100983,2026-09-02 12:35:03,USER102231,USER100616,1583.56,Utility Bills,Android,Hyderabad,12,0,
TXN100984,2026-09-02 12:35:13,USER100417,MERCH200917,32.11,Entertainment,Android,Bengaluru,12,0,
TXN100985,2026-09-02 12:36:03,USER101492,USER101135,585.95,Utility Bills,Android,Bengaluru,12,0,
TXN100986,2026-09-02 12:36:19,USER102427,USER102789,485.48,Healthcare,Android,Kolkata,12,0,
TXN100987,2026-09-02 12:36:26,USER102473,USER101486,155.33,Shopping,Android,Pune,12,0,
TXN100988,2026-09-02 12:36:47,USER100577,USER100039,213.99,P2P Transfer,Android,Patna,12,0,
TXN100989,2026-09-02 12:43:17,USER101488,USER100075,158.8,Fuel,Android,Delhi,12,0,
TXN100990,2026-09-02 12:44:02,USER102990,USER102723,617.43,Shopping,Android,Delhi,12,0,
TXN100991,2026-09-02 12:46:38,USER101986,USER100997,100000.0,Entertainment,Android,Jaipur,12,1,round_number
TXN100992,2026-09-02 12:48:17,USER101068,MERCH200253,338.69,Healthcare,Android,Hyderabad,12,0,
TXN100993,2026-09-02 12:50:25,USER101221,USER102164,191.4,Utility Bills,Android,Jaipur,12,0,
TXN100994,2026-09-02 12:50:25,USER102104,USER101634,62.81,Healthcare,Android,Bengaluru,12,0,
TXN100995,2026-09-02 12:51:39,USER101697,USER101491,152.79,Entertainment,Android,Hyderabad,12,0,
TXN100996,2026-09-02 12:51:39,USER100622,USER101204,101.12,Healthcare,Android,Mumbai,12,0,
TXN100997,2026-09-02 12:51:43,USER101117,MERCH201146,463.67,Food & Dining,Android,Kolkata,12,0,
TXN100998,2026-09-02 12:52:07,USER101576,USER100997,354.89,Grocery,Android,Delhi,12,0,
TXN100999,2026-09-02 12:52:37,USER100124,MERCH201266,131.82,Utility Bills,Android,Mumbai,12,0,
TXN101000,2026-09-02 12:52:45,USER101508,MERCH200816,196.08,Entertainment,Android,Mumbai,12,0,
TXN101001,2026-09-02 12:53:24,USER102449,MERCH201131,884.6,Fuel,Android,Jaipur,12,0,
TXN101002,2026-09-02 12:53:30,USER101829,USER100459,1824.84,Utility Bills,Android,Mumbai,12,0,
TXN101003,2026-09-02 12:55:14,USER102010,MERCH200815,199.93,Travel,Android,Delhi,12,0,
TXN101004,2026-09-02 12:56:10,USER101278,USER100393,536.34,P2P Transfer,iOS,Pune,12,0,
TXN101005,2026-09-02 12:57:04,USER102421,USER100760,1013.5,Travel,Android,Chennai,12,0,
TXN101006,2026-09-02 12:57:37,USER101055,MERCH200240,183.27,Utility Bills,Android,Patna,12,0,
TXN101007,2026-09-02 12:58:41,USER101183,USER102328,447.13,P2P Transfer,iOS,Mumbai,12,0,
TXN101008,2026-09-02 12:58:51,USER102073,USER102934,804.31,Grocery,Android,Ahmedabad,12,0,
TXN101009,2026-09-02 13:01:28,USER101939,USER102585,110.91,P2P Transfer,Android,Mumbai,13,0,
TXN101010,2026-09-02 13:02:07,USER101086,MERCH201250,223.99,Food & Dining,Android,Delhi,13,0,
TXN101011,2026-09-02 13:02:56,USER101201,MERCH200117,243.0,Healthcare,Android,Pune,13,0,
TXN101012,2026-09-02 13:10:03,USER101954,USER102527,998.05,Grocery,Android,Patna,13,0,
TXN101013,2026-09-02 13:10:49,USER100331,USER102864,359.62,P2P Transfer,Android,Patna,13,0,
TXN101014,2026-09-02 13:14:12,USER102765,USER100627,320.93,Entertainment,Android,Mumbai,13,0,
TXN101015,2026-09-02 13:14:34,USER101197,USER102595,959.6,Entertainment,iOS,Pune,13,0,
TXN101016,2026-09-02 13:15:04,USER100033,USER100546,133.48,Healthcare,Android,Bengaluru,13,0,
TXN101017,2026-09-02 13:17:07,USER100795,USER101640,486.86,Food & Dining,Android,Pune,13,0,
TXN101018,2026-09-02 13:19:44,USER101280,USER100165,179.06,Healthcare,iOS,Hyderabad,13,0,
TXN101019,2026-09-02 13:20:51,USER100309,USER101964,1847.67,Entertainment,Android,Hyderabad,13,0,
TXN101020,2026-09-02 13:22:46,USER102702,MERCH200387,2329.81,Entertainment,Android,Delhi,13,0,
TXN101021,2026-09-02 13:23:16,USER101446,USER100247,1571.17,Fuel,Android,Mumbai,13,0,
TXN101022,2026-09-02 13:24:21,USER100685,USER102015,2316.31,Grocery,Android,Patna,13,0,
TXN101023,2026-09-02 13:24:40,USER102680,USER101885,345.52,Shopping,Android,Mumbai,13,0,
TXN101024,2026-09-02 13:24:46,USER100196,MERCH201273,837.11,P2P Transfer,Android,Delhi,13,0,
TXN101025,2026-09-02 13:25:22,USER102617,MERCH200704,608.36,Utility Bills,Android,Bengaluru,13,0,
TXN101026,2026-09-02 13:26:38,USER102355,MERCH200055,240.16,Grocery,Android,Chennai,13,0,
TXN101027,2026-09-02 13:26:55,USER102957,MERCH200754,248.58,Shopping,iOS,Lucknow,13,0,
TXN101028,2026-09-02 13:27:34,USER101543,USER102497,1447.51,Utility Bills,Android,Delhi,13,0,
TXN101029,2026-09-02 13:32:18,USER102821,MERCH200560,994.35,Mobile Recharge,Android,Delhi,13,0,
TXN101030,2026-09-02 13:32:53,USER100152,USER101655,558.02,Food & Dining,Android,Delhi,13,0,
TXN101031,2026-09-02 13:32:54,USER102552,MERCH201242,131.4,Entertainment,Android,Delhi,13,0,
TXN101032,2026-09-02 13:33:19,USER101133,MERCH200830,2938.7,P2P Transfer,Android,Indore,13,0,
TXN101033,2026-09-02 13:34:29,USER101725,MERCH201039,554.17,Shopping,Android,Pune,13,0,
TXN101034,2026-09-02 13:35:04,USER101970,USER100339,278.65,Fuel,Android,Hyderabad,13,0,
TXN101035,2026-09-02 13:35:15,USER102587,MERCH200907,159.49,Entertainment,Android,Mumbai,13,0,
TXN101036,2026-09-02 13:36:31,USER101874,USER102311,1640.59,Shopping,Android,Pune,13,0,
TXN101037,2026-09-02 13:36:32,USER102589,MERCH200556,569.29,P2P Transfer,Android,Delhi,13,0,
TXN101038,2026-09-02 13:36:58,USER102293,MERCH200304,318.76,Food & Dining,Android,Kolkata,13,0,
TXN101039,2026-09-02 13:37:29,USER100476,USER100615,2094.33,Shopping,Android,Hyderabad,13,0,
TXN101040,2026-09-02 13:43:39,USER102951,USER100748,431.28,Travel,Android,Pune,13,0,
TXN101041,2026-09-02 13:43:44,USER101095,USER102955,122.97,Utility Bills,Android,Kolkata,13,0,
TXN101042,2026-09-02 13:43:46,USER102930,USER101528,177.59,Grocery,Android,Mumbai,13,0,
TXN101043,2026-09-02 13:44:10,USER100194,USER102981,631.41,Fuel,Android,Bengaluru,13,0,
TXN101044,2026-09-02 13:44:24,USER100967,USER100902,382.77,Healthcare,iOS,Lucknow,13,0,
TXN101045,2026-09-02 13:45:53,USER100584,USER101630,337.28,Utility Bills,Android,Pune,13,0,
TXN101046,2026-09-02 13:46:16,USER102855,USER102865,98.61,Travel,Android,Indore,13,0,
TXN101047,2026-09-02 13:47:09,USER101594,MERCH201114,585.5,Healthcare,Android,Indore,13,0,
TXN101048,2026-09-02 13:47:23,USER102256,USER102063,708.17,Food & Dining,Android,Ahmedabad,13,0,
TXN101049,2026-09-02 13:48:07,USER100578,USER100645,1374.56,Travel,iOS,Mumbai,13,0,
TXN101050,2026-09-02 13:51:28,USER102173,USER100383,285.82,Fuel,Android,Ahmedabad,13,0,
TXN101051,2026-09-02 13:53:00,USER101265,USER102372,892.37,Travel,Android,Lucknow,13,0,
TXN101052,2026-09-02 13:53:59,USER100033,USER100188,40.78,Travel,Android,Pune,13,0,
TXN101053,2026-09-02 13:54:10,USER100167,MERCH200674,322.04,Mobile Recharge,Android,Bengaluru,13,0,
TXN101054,2026-09-02 13:55:24,USER101318,USER100631,71.39,Travel,Android,Hyderabad,13,0,
TXN101055,2026-09-02 13:55:51,USER102960,USER102653,545.42,Entertainment,Android,Ahmedabad,13,0,
TXN101056,2026-09-02 13:55:57,USER101658,USER101726,545.89,P2P Transfer,Android,Kolkata,13,0,
TXN101057,2026-09-02 13:56:44,USER102030,MERCH200481,1914.62,Mobile Recharge,Android,Hyderabad,13,0,
TXN101058,2026-09-02 13:57:36,USER101702,USER102034,342.76,Grocery,Android,Jaipur,13,0,
TXN101059,2026-09-02 13:58:36,USER101483,USER100838,194.6,Mobile Recharge,Android,Delhi,13,0,
TXN101060,2026-09-02 13:58:39,USER101344,MERCH200417,932.09,Mobile Recharge,Android,Hyderabad,13,0,
TXN101061,2026-09-02 13:59:39,USER100900,USER101897,301.72,Travel,Android,Kolkata,13,0,
TXN101062,2026-09-02 13:59:44,USER101522,MERCH201345,572.17,Shopping,iOS,Ahmedabad,13,0,
TXN101063,2026-09-02 14:00:23,USER102491,USER102816,507.15,Food & Dining,Android,Patna,14,0,
TXN101064,2026-09-02 14:00:27,USER101869,MERCH201363,1683.72,P2P Transfer,iOS,Ahmedabad,14,0,
TXN101065,2026-09-02 14:01:29,USER101698,USER101248,366.19,Travel,Android,Delhi,14,0,
TXN101066,2026-09-02 14:01:39,USER101288,MERCH200957,17.76,Grocery,Android,Delhi,14,0,
TXN101067,2026-09-02 14:01:41,USER100819,MERCH201191,710.79,Food & Dining,iOS,Kolkata,14,0,
TXN101068,2026-09-02 14:04:25,USER101500,MERCH201271,359.05,Shopping,Android,Pune,14,0,
TXN101069,2026-09-02 14:05:52,USER100992,USER102309,204.08,Utility Bills,Android,Pune,14,0,
TXN101070,2026-09-02 14:06:26,USER101731,MERCH201230,274.23,Food & Dining,Android,Kolkata,14,0,
TXN101071,2026-09-02 14:07:01,USER101392,USER102022,148.24,Healthcare,Android,Mumbai,14,0,
TXN101072,2026-09-02 14:08:14,USER102908,USER102499,684.16,Entertainment,Android,Hyderabad,14,0,
TXN101073,2026-09-02 14:08:31,USER102429,USER100157,350.03,Travel,Android,Hyderabad,14,0,
TXN101074,2026-09-02 14:08:58,USER101440,USER100833,351.09,Mobile Recharge,Android,Jaipur,14,0,
TXN101075,2026-09-02 14:09:34,USER102202,USER101154,270.42,Entertainment,Android,Hyderabad,14,0,
TXN101076,2026-09-02 14:10:58,USER101527,USER101632,70813.15,Entertainment,New Device,Mumbai,14,1,new_device_high
TXN101077,2026-09-02 14:18:18,USER102903,MERCH200659,205.35,P2P Transfer,Android,Bengaluru,14,0,
TXN101078,2026-09-02 14:18:58,USER101890,USER102664,1244.91,Healthcare,Android,Delhi,14,0,
TXN101079,2026-09-02 14:20:02,USER102598,USER100765,213.02,Utility Bills,iOS,Mumbai,14,0,
TXN101080,2026-09-02 14:20:30,USER101856,USER100090,274.05,Food & Dining,Android,Bengaluru,14,0,
TXN101081,2026-09-02 14:20:44,USER102386,MERCH200178,190.69,Travel,iOS,Jaipur,14,0,
TXN101082,2026-09-02 14:23:04,USER101680,MERCH201176,989.17,Travel,Android,Delhi,14,0,
TXN101083,2026-09-02 14:23:05,USER102216,USER101621,206.45,Entertainment,Android,Bengaluru,14,0,
TXN101084,2026-09-02 14:23:52,USER101341,MERCH200494,244.75,Mobile Recharge,Android,Bengaluru,14,0,
TXN101085,2026-09-02 14:27:09,USER101620,USER100534,1500.06,Entertainment,iOS,Bengaluru,14,0,
TXN101086,2026-09-02 14:27:23,USER101310,USER102910,92.13,P2P Transfer,Android,Delhi,14,0,
TXN101087,2026-09-02 14:27:46,USER101043,USER100233,353.05,P2P Transfer,Android,Mumbai,14,0,
TXN101088,2026-09-02 14:27:54,USER101989,USER101908,144.34,Entertainment,Android,Ahmedabad,14,0,
TXN101089,2026-09-02 14:28:15,USER101842,MERCH200392,126.47,Shopping,Android,Hyderabad,14,0,
TXN101090,2026-09-02 14:28:40,USER101863,USER102903,3510.46,Grocery,Android,Delhi,14,0,
TXN101091,2026-09-02 14:30:20,USER101736,USER100555,320.23,Mobile Recharge,Android,Kolkata,14,0,
TXN101092,2026-09-02 14:33:46,USER102377,USER102813,103.06,Grocery,Android,Hyderabad,14,0,
TXN101093,2026-09-02 14:34:12,USER101339,USER102278,1784.75,Grocery,iOS,Pune,14,0,
TXN101094,2026-09-02 14:34:30,USER100219,USER101311,221.05,Entertainment,Android,Chennai,14,0,
TXN101095,2026-09-02 14:36:52,USER100553,USER100095,1517.97,Entertainment,Android,Hyderabad,14,0,
TXN101096,2026-09-02 14:38:14,USER100476,USER100233,2958.02,Food & Dining,Android,Mumbai,14,0,
TXN101097,2026-09-02 14:40:13,USER102840,USER100077,1628.8,Mobile Recharge,Android,Lucknow,14,0,
TXN101098,2026-09-02 14:40:27,USER100923,MERCH201270,465.09,Utility Bills,Android,Patna,14,0,
TXN101099,2026-09-02 14:40:31,USER100190,MERCH200767,3020.61,Grocery,iOS,Ahmedabad,14,0,
TXN101100,2026-09-02 14:44:24,USER101692,USER100420,2077.81,P2P Transfer,Android,Delhi,14,0,
TXN101101,2026-09-02 14:45:20,USER102076,USER101709,355.49,Food & Dining,Android,Pune,14,0,
TXN101102,2026-09-02 14:46:35,USER102049,USER102507,819.23,P2P Transfer,Android,Jaipur,14,0,
TXN101103,2026-09-02 14:47:20,USER101159,MERCH200148,419.91,Travel,Android,Chennai,14,0,
TXN101104,2026-09-02 14:48:55,USER101901,USER100530,968.75,Shopping,iOS,Indore,14,0,
TXN101105,2026-09-02 14:49:27,USER102483,MERCH201189,384.31,Utility Bills,Android,Patna,14,0,
TXN101106,2026-09-02 14:50:27,USER100278,USER102985,448.23,Shopping,Android,Pune,14,0,
TXN101107,2026-09-02 14:51:19,USER102325,MERCH201224,1008.84,Shopping,Android,Delhi,14,0,
TXN101108,2026-09-02 14:52:50,USER102415,USER100967,514.73,P2P Transfer,Android,Mumbai,14,0,
TXN101109,2026-09-02 14:54:25,USER101335,USER102453,218.94,Shopping,Android,Hyderabad,14,0,
TXN101110,2026-09-02 14:56:23,USER102321,MERCH200322,257.2,Utility Bills,Android,Chennai,14,0,
TXN101111,2026-09-02 14:56:36,USER101038,USER101192,481.24,Travel,iOS,Pune,14,0,
TXN101112,2026-09-02 14:59:31,USER101131,USER102793,56.46,Fuel,iOS,Ahmedabad,14,0,
TXN101113,2026-09-02 15:00:57,USER101276,MERCH200920,691.83,Grocery,Android,Hyderabad,15,0,
TXN101114,2026-09-02 15:01:02,USER100643,USER101378,94.99,Healthcare,Android,Bengaluru,15,0,
TXN101115,2026-09-02 15:01:12,USER101357,MERCH200351,406.22,Fuel,Android,Bengaluru,15,0,
TXN101116,2026-09-02 15:01:41,USER100512,MERCH200950,168.13,Entertainment,Android,Delhi,15,0,
TXN101117,2026-09-02 15:02:09,USER102983,USER101220,1533.61,Healthcare,iOS,Delhi,15,0,
TXN101118,2026-09-02 15:06:28,USER102903,USER102740,267.97,Shopping,Android,Mumbai,15,0,
TXN101119,2026-09-02 15:06:56,USER101914,MERCH200186,931.52,Mobile Recharge,Android,Delhi,15,0,
TXN101120,2026-09-02 15:09:04,USER100440,USER102849,192.22,Grocery,Android,Hyderabad,15,0,
TXN101121,2026-09-02 15:09:29,USER101399,USER102070,153.44,Travel,Android,Mumbai,15,0,
TXN101122,2026-09-02 15:10:52,USER102604,USER100352,695.9,Utility Bills,iOS,Chennai,15,0,
TXN101123,2026-09-02 15:11:17,USER102907,USER102188,748.22,Utility Bills,iOS,Mumbai,15,0,
TXN101124,2026-09-02 15:12:04,USER102498,USER101283,1374.48,Food & Dining,Android,Bengaluru,15,0,
TXN101125,2026-09-02 15:12:08,USER101289,USER102914,33.3,Mobile Recharge,Android,Pune,15,0,
TXN101126,2026-09-02 15:14:10,USER102810,MERCH200863,94.99,Utility Bills,Android,Delhi,15,0,
TXN101127,2026-09-02 15:14:28,USER101008,MERCH200905,129.06,Entertainment,Android,Bengaluru,15,0,
TXN101128,2026-09-02 15:16:44,USER102414,USER101859,886.0,Utility Bills,Android,Chennai,15,0,
TXN101129,2026-09-02 15:17:14,USER100587,USER100877,42.06,P2P Transfer,Android,Indore,15,0,
TXN101130,2026-09-02 15:18:50,USER101643,MERCH200387,389.12,Utility Bills,Android,Pune,15,0,
TXN101131,2026-09-02 15:18:53,USER101903,USER100478,186.69,Travel,Android,Bengaluru,15,0,
TXN101132,2026-09-02 15:19:52,USER102179,USER100080,201.46,P2P Transfer,Android,Indore,15,0,
TXN101133,2026-09-02 15:22:20,USER102487,MERCH201148,109.28,Entertainment,Android,Chennai,15,0,
TXN101134,2026-09-02 15:22:27,USER102945,USER100967,1213.24,Travel,iOS,Bengaluru,15,0,
TXN101135,2026-09-02 15:22:36,USER102256,USER100748,54881.59,Food & Dining,New Device,Kolkata,15,1,new_device_high
TXN101136,2026-09-02 15:22:41,USER101605,MERCH200407,185.58,Fuel,Android,Kolkata,15,0,
TXN101137,2026-09-02 15:22:45,USER102988,USER100101,823.0,Healthcare,Android,Mumbai,15,0,
TXN101138,2026-09-02 15:23:43,USER100106,USER101285,253.16,Fuel,Android,Mumbai,15,0,
TXN101139,2026-09-02 15:24:33,USER101929,USER101593,536.06,Utility Bills,Android,Delhi,15,0,
TXN101140,2026-09-02 15:25:41,USER101440,USER102861,483.05,Fuel,Android,Chennai,15,0,
TXN101141,2026-09-02 15:25:58,USER100383,MERCH200715,488.45,Grocery,iOS,Bengaluru,15,0,
TXN101142,2026-09-02 15:26:39,USER102244,MERCH200490,272.94,Entertainment,Android,Patna,15,0,
TXN101143,2026-09-02 15:26:47,USER100494,USER102730,706.99,Entertainment,Android,Bengaluru,15,0,
TXN101144,2026-09-02 15:27:19,USER102878,USER101868,954.34,Entertainment,Android,Lucknow,15,0,
TXN101145,2026-09-02 15:27:46,USER100345,MERCH201057,37969.32,Shopping,New Device,Mumbai,15,1,new_device_high
TXN101146,2026-09-02 15:28:20,USER102017,MERCH200638,765.5,Travel,Android,Mumbai,15,0,
TXN101147,2026-09-02 15:29:44,USER102988,USER102786,239.8,Healthcare,Android,Delhi,15,0,
TXN101148,2026-09-02 15:31:47,USER102024,MERCH200679,52.63,Travel,Android,Bengaluru,15,0,
TXN101149,2026-09-02 15:33:05,USER102927,USER101128,408.83,Shopping,Android,Pune,15,0,
TXN101150,2026-09-02 15:35:56,USER102925,USER101064,418.95,Healthcare,Android,Kolkata,15,0,
TXN101151,2026-09-02 15:36:20,USER102926,USER101119,436.52,Grocery,iOS,Chennai,15,0,
TXN101152,2026-09-02 15:36:55,USER102994,MERCH200417,351.45,Travel,Android,Patna,15,0,
TXN101153,2026-09-02 15:42:26,USER101378,USER102710,107.53,Food & Dining,Android,Delhi,15,0,
TXN101154,2026-09-02 15:43:27,USER100399,USER100638,713.94,Fuel,iOS,Kolkata,15,0,
TXN101155,2026-09-02 15:45:50,USER102397,USER102959,677.75,Travel,iOS,Delhi,15,0,
TXN101156,2026-09-02 15:45:51,USER102033,MERCH200380,2306.65,Utility Bills,Android,Jaipur,15,0,
TXN101157,2026-09-02 15:49:22,USER100390,USER101656,51.2,Grocery,iOS,Patna,15,0,
TXN101158,2026-09-02 15:49:28,USER102104,USER100696,253.83,Fuel,iOS,Delhi,15,0,
TXN101159,2026-09-02 15:50:17,USER101968,USER100658,535.27,Grocery,Android,Pune,15,0,
TXN101160,2026-09-02 15:50:40,USER102975,USER100382,81.57,Entertainment,Android,Kolkata,15,0,
TXN101161,2026-09-02 15:50:50,USER101223,USER102466,143.09,Healthcare,Android,Jaipur,15,0,
TXN101162,2026-09-02 15:53:30,USER101285,MERCH201325,819.75,P2P Transfer,iOS,Ahmedabad,15,0,
TXN101163,2026-09-02 15:54:01,USER100570,MERCH200009,1859.08,Utility Bills,Android,Jaipur,15,0,
TXN101164,2026-09-02 15:55:21,USER102762,MERCH200848,442.82,Mobile Recharge,Android,Hyderabad,15,0,
TXN101165,2026-09-02 15:56:13,USER100105,USER102806,84.14,Utility Bills,Android,Delhi,15,0,
TXN101166,2026-09-02 15:56:59,USER101234,USER102046,58.94,Healthcare,Android,Hyderabad,15,0,
TXN101167,2026-09-02 15:58:59,USER100487,MERCH200863,289.04,Entertainment,Android,Hyderabad,15,0,
TXN101168,2026-09-02 15:59:37,USER101263,MERCH200066,625.6,Mobile Recharge,Android,Chennai,15,0,
TXN101169,2026-09-02 16:00:59,USER101096,MERCH201438,1054.77,Food & Dining,Android,Chennai,16,0,
TXN101170,2026-09-02 16:01:03,USER101486,USER100388,487.26,Mobile Recharge,iOS,Lucknow,16,0,
TXN101171,2026-09-02 16:03:29,USER102334,USER102044,163.96,Fuel,iOS,Delhi,16,0,
TXN101172,2026-09-02 16:05:04,USER101981,MERCH201134,68.56,Entertainment,Android,Bengaluru,16,0,
TXN101173,2026-09-02 16:07:37,USER102772,USER100142,66.33,Shopping,Android,Bengaluru,16,0,
TXN101174,2026-09-02 16:08:17,USER102410,MERCH200418,73.1,Food & Dining,iOS,Chennai,16,0,
TXN101175,2026-09-02 16:08:57,USER102160,MERCH200776,431.51,Healthcare,iOS,Pune,16,0,
TXN101176,2026-09-02 16:10:23,USER100335,MERCH200458,272.02,Travel,Android,Delhi,16,0,
TXN101177,2026-09-02 16:10:55,USER100360,MERCH201310,172.82,Grocery,Android,Jaipur,16,0,
TXN101178,2026-09-02 16:13:47,USER101070,USER102906,51.88,Mobile Recharge,Android,Delhi,16,0,
TXN101179,2026-09-02 16:14:52,USER102580,USER101548,272.48,P2P Transfer,Android,Delhi,16,0,
TXN101180,2026-09-02 16:15:25,USER101353,USER100728,136.8,Entertainment,Android,Kolkata,16,0,
TXN101181,2026-09-02 16:16:07,USER101896,USER102374,706.06,Entertainment,Android,Lucknow,16,0,
TXN101182,2026-09-02 16:16:56,USER101305,MERCH201172,676.75,Mobile Recharge,Android,Ahmedabad,16,0,
TXN101183,2026-09-02 16:18:36,USER101891,MERCH201267,454.85,Mobile Recharge,Android,Hyderabad,16,0,
TXN101184,2026-09-02 16:19:59,USER100158,USER102868,1290.48,Grocery,Android,Hyderabad,16,0,
TXN101185,2026-09-02 16:21:09,USER102179,USER102092,339.01,Healthcare,Android,Chennai,16,0,
TXN101186,2026-09-02 16:21:57,USER102271,MERCH200492,425.77,Fuel,iOS,Ahmedabad,16,0,
TXN101187,2026-09-02 16:26:13,USER100612,MERCH201068,186.3,Grocery,Android,Chennai,16,0,
TXN101188,2026-09-02 16:27:28,USER102261,USER102453,506.25,Healthcare,Android,Jaipur,16,0,
TXN101189,2026-09-02 16:28:12,USER100819,USER101065,240.34,Shopping,iOS,Ahmedabad,16,0,
TXN101190,2026-09-02 16:30:31,USER100301,USER102406,201.16,Entertainment,Android,Bengaluru,16,0,
TXN101191,2026-09-02 16:32:52,USER100664,MERCH200292,152.39,Utility Bills,Android,Pune,16,0,
TXN101192,2026-09-02 16:33:40,USER100135,USER102566,274.82,Entertainment,Android,Mumbai,16,0,
TXN101193,2026-09-02 16:33:58,USER101060,MERCH200417,341.3,Travel,Android,Pune,16,0,
TXN101194,2026-09-02 16:36:37,USER102979,USER101265,242.77,Food & Dining,Android,Mumbai,16,0,
TXN101195,2026-09-02 16:42:18,USER100902,MERCH200718,605.98,Food & Dining,iOS,Chennai,16,0,
TXN101196,2026-09-02 16:42:19,USER102055,USER101064,288.86,Fuel,Android,Kolkata,16,0,
TXN101197,2026-09-02 16:45:01,USER102168,USER101379,460.04,Entertainment,Android,Patna,16,0,
TXN101198,2026-09-02 16:45:02,USER101517,USER100181,1474.05,P2P Transfer,Android,Lucknow,16,0,
TXN101199,2026-09-02 16:45:47,USER100580,MERCH200102,740.68,Utility Bills,Android,Hyderabad,16,0,
TXN101200,2026-09-02 16:46:47,USER100949,USER100077,4684.5,Fuel,Android,Jaipur,16,0,
TXN101201,2026-09-02 16:48:43,USER100720,USER102115,480.38,Healthcare,Android,Hyderabad,16,0,
TXN101202,2026-09-02 16:48:50,USER100538,USER101852,1711.34,P2P Transfer,Android,Delhi,16,0,
TXN101203,2026-09-02 16:50:53,USER100559,MERCH201226,348.06,Fuel,iOS,Pune,16,0,
TXN101204,2026-09-02 16:52:48,USER102371,MERCH201136,281.86,Mobile Recharge,Android,Hyderabad,16,0,
TXN101205,2026-09-02 16:53:04,USER100634,MERCH200254,511.51,Mobile Recharge,Android,Pune,16,0,
TXN101206,2026-09-02 16:53:06,USER101718,MERCH200745,143.55,Travel,Android,Chennai,16,0,
TXN101207,2026-09-02 16:54:03,USER100400,USER102744,1213.42,Fuel,Android,Bengaluru,16,0,
TXN101208,2026-09-02 16:54:11,USER101227,USER102062,946.95,Food & Dining,iOS,Patna,16,0,
TXN101209,2026-09-02 16:54:50,USER102253,USER100929,230.65,Mobile Recharge,Android,Hyderabad,16,0,
TXN101210,2026-09-02 16:55:57,USER100840,USER100993,737.53,Entertainment,iOS,Pune,16,0,
TXN101211,2026-09-02 16:56:23,USER102283,MERCH201099,505.99,Mobile Recharge,Android,Mumbai,16,0,
TXN101212,2026-09-02 16:56:36,USER100598,MERCH201338,672.09,Travel,Android,Delhi,16,0,
TXN101213,2026-09-02 16:57:25,USER101784,MERCH200883,151.69,Mobile Recharge,Android,Lucknow,16,0,
TXN101214,2026-09-02 16:59:43,USER101416,USER101260,948.16,Utility Bills,Android,Chennai,16,0,
TXN101215,2026-09-02 17:07:42,USER100644,MERCH201087,203.35,P2P Transfer,Android,Kolkata,17,0,
TXN101216,2026-09-02 17:07:49,USER101473,USER102360,186.6,Mobile Recharge,Android,Mumbai,17,0,
TXN101217,2026-09-02 17:08:26,USER102859,USER100907,386.42,Mobile Recharge,Android,Mumbai,17,0,
TXN101218,2026-09-02 17:08:28,USER102572,USER102164,352.25,Fuel,iOS,Kolkata,17,0,
TXN101219,2026-09-02 17:09:35,USER101643,MERCH201070,182.95,Utility Bills,Android,Kolkata,17,0,
TXN101220,2026-09-02 17:10:34,USER101054,USER100154,108.5,Travel,iOS,Jaipur,17,0,
TXN101221,2026-09-02 17:10:35,USER100085,USER101397,503.7,Utility Bills,Android,Jaipur,17,0,
TXN101222,2026-09-02 17:11:48,USER100223,USER100686,279.83,Grocery,Android,Jaipur,17,0,
TXN101223,2026-09-02 17:12:52,USER100524,USER101397,311.14,Shopping,Android,Hyderabad,17,0,
TXN101224,2026-09-02 17:13:08,USER102560,MERCH200406,1331.4,Travel,Android,Delhi,17,0,
TXN101225,2026-09-02 17:15:22,USER102580,USER102123,173.21,Utility Bills,Android,Jaipur,17,0,
TXN101226,2026-09-02 17:15:42,USER102395,USER100248,147.77,Healthcare,Android,Bengaluru,17,0,
TXN101227,2026-09-02 17:17:32,USER100693,USER100604,172.61,Food & Dining,Android,Mumbai,17,0,
TXN101228,2026-09-02 17:19:08,USER102191,MERCH200658,661.22,Shopping,iOS,Mumbai,17,0,
TXN101229,2026-09-02 17:20:53,USER102154,USER102751,339.29,Healthcare,iOS,Delhi,17,0,
TXN101230,2026-09-02 17:21:12,USER101901,USER100045,374.82,Entertainment,Android,Jaipur,17,0,
TXN101231,2026-09-02 17:21:41,USER101916,USER102429,310.25,Entertainment,Android,Hyderabad,17,0,
TXN101232,2026-09-02 17:23:20,USER101322,USER102322,207.81,Fuel,Android,Delhi,17,0,
TXN101233,2026-09-02 17:23:55,USER100861,MERCH200625,484.94,P2P Transfer,Android,Bengaluru,17,0,
TXN101234,2026-09-02 17:24:12,USER102799,USER100473,1867.61,Utility Bills,Android,Delhi,17,0,
TXN101235,2026-09-02 17:25:25,USER102666,USER102772,602.28,Utility Bills,Android,Hyderabad,17,0,
TXN101236,2026-09-02 17:26:26,USER102548,MERCH200039,297.58,Shopping,Android,Delhi,17,0,
TXN101237,2026-09-02 17:26:32,USER101278,USER100666,2688.55,Healthcare,iOS,Kolkata,17,0,
TXN101238,2026-09-02 17:26:55,USER100380,MERCH201278,58.55,Travel,iOS,Chennai,17,0,
TXN101239,2026-09-02 17:27:28,USER100960,USER102730,262.27,Travel,Android,Ahmedabad,17,0,
TXN101240,2026-09-02 17:28:12,USER102337,MERCH200921,446.75,Healthcare,Android,Mumbai,17,0,
TXN101241,2026-09-02 17:29:07,USER102919,USER101362,41.5,Fuel,Android,Lucknow,17,0,
TXN101242,2026-09-02 17:40:47,USER100236,USER101262,1283.08,Food & Dining,Android,Mumbai,17,0,
TXN101243,2026-09-02 17:42:14,USER101581,USER101906,988.17,Utility Bills,Android,Jaipur,17,0,
TXN101244,2026-09-02 17:42:53,USER100381,MERCH201260,545.03,Travel,Android,Kolkata,17,0,
TXN101245,2026-09-02 17:43:02,USER102097,MERCH200832,83.9,Healthcare,Android,Indore,17,0,
TXN101246,2026-09-02 17:45:24,USER100421,USER102864,223.11,Fuel,Android,Mumbai,17,0,
TXN101247,2026-09-02 17:47:08,USER100620,USER100873,287.88,Grocery,Android,Kolkata,17,0,
TXN101248,2026-09-02 17:49:10,USER101052,USER100550,348.78,Travel,Android,Mumbai,17,0,
TXN101249,2026-09-02 17:50:24,USER100957,MERCH201101,212.24,Food & Dining,Android,Mumbai,17,0,
TXN101250,2026-09-02 17:50:26,USER102391,MERCH201174,183.6,Utility Bills,Android,Hyderabad,17,0,
TXN101251,2026-09-02 17:52:12,USER101665,USER102046,56.09,Fuel,iOS,Mumbai,17,0,
TXN101252,2026-09-02 17:52:29,USER100879,USER101387,424.38,Utility Bills,Android,Bengaluru,17,0,
TXN101253,2026-09-02 17:52:54,USER102549,USER100960,341.29,Shopping,Android,Pune,17,0,
TXN101254,2026-09-02 17:53:07,USER102682,MERCH200266,162.61,P2P Transfer,Android,Bengaluru,17,0,
TXN101255,2026-09-02 17:53:30,USER101544,USER100967,918.76,Fuel,iOS,Pune,17,0,
TXN101256,2026-09-02 17:55:48,USER101364,MERCH201099,490.15,Utility Bills,Android,Chennai,17,0,
TXN101257,2026-09-02 17:55:52,USER100510,MERCH201153,54.66,P2P Transfer,Android,Chennai,17,0,
TXN101258,2026-09-02 17:55:58,USER102991,MERCH200727,321.21,Mobile Recharge,Android,Hyderabad,17,0,
TXN101259,2026-09-02 17:57:16,USER102707,USER100256,972.35,Entertainment,Android,Hyderabad,17,0,
TXN101260,2026-09-02 17:58:06,USER100701,USER101294,334.83,Mobile Recharge,Android,Hyderabad,17,0,
TXN101261,2026-09-02 17:59:09,USER100741,USER102270,197.36,Entertainment,Android,Ahmedabad,17,0,
TXN101262,2026-09-02 18:00:11,USER102170,MERCH200817,446.86,Utility Bills,Android,Delhi,18,0,
TXN101263,2026-09-02 18:01:25,USER100124,USER101105,1081.58,Healthcare,Android,Jaipur,18,0,
TXN101264,2026-09-02 18:01:59,USER101564,USER100777,288.09,Food & Dining,Android,Pune,18,0,
TXN101265,2026-09-02 18:02:07,USER101611,USER100704,479.51,Shopping,iOS,Kolkata,18,0,
TXN101266,2026-09-02 18:05:53,USER101493,USER100001,322.95,Healthcare,Android,Mumbai,18,0,
TXN101267,2026-09-02 18:06:01,USER101276,MERCH201152,1259.7,Mobile Recharge,Android,Delhi,18,0,
TXN101268,2026-09-02 18:06:22,USER101484,USER100770,142.7,P2P Transfer,iOS,Pune,18,0,
TXN101269,2026-09-02 18:09:10,USER101394,MERCH200061,709.27,Entertainment,Android,Mumbai,18,0,
TXN101270,2026-09-02 18:11:56,USER100300,USER100351,98.39,Travel,Android,Patna,18,0,
TXN101271,2026-09-02 18:12:12,USER101217,MERCH200765,139.36,Utility Bills,Android,Lucknow,18,0,
TXN101272,2026-09-02 18:12:39,USER101476,MERCH201198,33.74,Utility Bills,Android,Indore,18,0,
TXN101273,2026-09-02 18:14:40,USER102045,USER100792,886.42,Healthcare,Android,Mumbai,18,0,
TXN101274,2026-09-02 18:15:02,USER100467,USER101249,101.0,Healthcare,Android,Pune,18,0,
TXN101275,2026-09-02 18:15:53,USER102546,USER102217,82.09,Grocery,iOS,Pune,18,0,
TXN101276,2026-09-02 18:16:28,USER102791,USER100333,4345.77,Healthcare,iOS,Delhi,18,0,
TXN101277,2026-09-02 18:16:38,USER100611,USER100374,114.26,Healthcare,Android,Delhi,18,0,
TXN101278,2026-09-02 18:18:55,USER102169,USER100680,361.78,Travel,Android,Hyderabad,18,0,
TXN101279,2026-09-02 18:19:09,USER101503,MERCH201465,536.96,Grocery,Android,Kolkata,18,0,
TXN101280,2026-09-02 18:25:53,USER100016,USER102041,98.57,P2P Transfer,iOS,Delhi,18,0,
TXN101281,2026-09-02 18:26:13,USER102734,USER101290,660.57,Food & Dining,Android,Patna,18,0,
TXN101282,2026-09-02 18:26:35,USER101521,USER101109,140.67,Shopping,Android,Indore,18,0,
TXN101283,2026-09-02 18:27:54,USER100011,MERCH200098,327.9,P2P Transfer,Android,Mumbai,18,0,
TXN101284,2026-09-02 18:29:12,USER102162,MERCH200941,90.67,Mobile Recharge,Android,Chennai,18,0,
TXN101285,2026-09-02 18:31:33,USER102698,USER101268,128.76,Shopping,iOS,Mumbai,18,0,
TXN101286,2026-09-02 18:32:08,USER102814,USER102071,656.04,Travel,iOS,Bengaluru,18,0,
TXN101287,2026-09-02 18:33:21,USER100707,USER102648,678.73,Fuel,Android,Delhi,18,0,
TXN101288,2026-09-02 18:36:12,USER100624,USER100838,223.54,Utility Bills,Android,Chennai,18,0,
TXN101289,2026-09-02 18:36:13,USER100700,USER101628,129.6,P2P Transfer,Android,Hyderabad,18,0,
TXN101290,2026-09-02 18:37:37,USER102236,MERCH201055,909.38,Grocery,iOS,Hyderabad,18,0,
TXN101291,2026-09-02 18:39:02,USER101190,MERCH200613,393.22,Food & Dining,Android,Bengaluru,18,0,
TXN101292,2026-09-02 18:39:38,USER101959,MERCH200913,199.66,Entertainment,Android,Bengaluru,18,0,
TXN101293,2026-09-02 18:39:43,USER102387,USER101634,266.39,Mobile Recharge,Android,Mumbai,18,0,
TXN101294,2026-09-02 18:40:08,USER101700,USER100238,176.26,Utility Bills,Android,Delhi,18,0,
TXN101295,2026-09-02 18:41:24,USER100559,USER101057,350.94,Mobile Recharge,Android,Mumbai,18,0,
TXN101296,2026-09-02 18:44:38,USER101247,MERCH200229,200.55,Travel,Android,Jaipur,18,0,
TXN101297,2026-09-02 18:46:42,USER102358,MERCH200204,63.87,P2P Transfer,iOS,Delhi,18,0,
TXN101298,2026-09-02 18:47:27,USER100561,MERCH201356,339.42,Fuel,Android,Delhi,18,0,
TXN101299,2026-09-02 18:48:25,USER102088,USER100775,271.44,Shopping,Android,Pune,18,0,
TXN101300,2026-09-02 18:48:36,USER101849,USER102698,1039.1,Travel,Android,Kolkata,18,0,
TXN101301,2026-09-02 18:49:42,USER101753,USER100238,321.56,Entertainment,iOS,Lucknow,18,0,
TXN101302,2026-09-02 18:50:31,USER101606,USER100502,340.19,P2P Transfer,Android,Kolkata,18,0,
TXN101303,2026-09-02 18:50:46,USER102775,USER102822,765.71,Mobile Recharge,Android,Ahmedabad,18,0,
TXN101304,2026-09-02 18:51:00,USER102878,USER101312,536.76,Healthcare,Android,Delhi,18,0,
TXN101305,2026-09-02 18:52:46,USER100521,USER101551,1140.82,Food & Dining,iOS,Mumbai,18,0,
TXN101306,2026-09-02 18:54:36,USER102494,MERCH200841,1081.33,Shopping,Android,Delhi,18,0,
TXN101307,2026-09-02 18:54:40,USER100031,MERCH201183,1000.04,Entertainment,Android,Bengaluru,18,0,
TXN101308,2026-09-02 18:56:02,USER102725,MERCH201396,216.95,Grocery,Android,Hyderabad,18,0,
TXN101309,2026-09-02 18:56:36,USER102228,USER101464,353.48,Healthcare,Android,Patna,18,0,
TXN101310,2026-09-02 18:56:43,USER101964,USER100784,733.05,Utility Bills,Android,Mumbai,18,0,
TXN101311,2026-09-02 18:59:16,USER101731,USER100046,254.22,Utility Bills,Android,Hyderabad,18,0,
TXN101312,2026-09-02 18:59:58,USER100823,MERCH201429,169.19,Food & Dining,iOS,Delhi,18,0,
TXN101313,2026-09-02 19:02:10,USER100685,MERCH200119,603.9,Healthcare,Android,Jaipur,19,0,
TXN101314,2026-09-02 19:03:43,USER102523,MERCH201293,3079.56,Healthcare,Android,Bengaluru,19,0,
TXN101315,2026-09-02 19:05:45,USER102517,USER100547,111.12,Entertainment,iOS,Mumbai,19,0,
TXN101316,2026-09-02 19:06:21,USER100053,MERCH200558,530.23,Shopping,Android,Ahmedabad,19,0,
TXN101317,2026-09-02 19:06:57,USER100018,MERCH200918,55.54,Healthcare,Android,Bengaluru,19,0,
TXN101318,2026-09-02 19:07:21,USER102197,USER102051,1436.38,Utility Bills,Android,Hyderabad,19,0,
TXN101319,2026-09-02 19:07:54,USER100803,MERCH200340,160.41,Food & Dining,Android,Delhi,19,0,
TXN101320,2026-09-02 19:08:30,USER102425,USER102874,158.95,Utility Bills,iOS,Mumbai,19,0,
TXN101321,2026-09-02 19:09:34,USER100885,USER102756,220.06,Shopping,Android,Hyderabad,19,0,
TXN101322,2026-09-02 19:10:26,USER100621,USER100978,793.02,Food & Dining,iOS,Kolkata,19,0,
TXN101323,2026-09-02 19:10:47,USER102643,USER102609,25000.0,P2P Transfer,Android,Mumbai,19,1,round_number
TXN101324,2026-09-02 19:11:57,USER100804,MERCH200241,200.54,Grocery,Android,Mumbai,19,0,
TXN101325,2026-09-02 19:12:21,USER102618,MERCH200254,313.74,Food & Dining,Android,Bengaluru,19,0,
TXN101326,2026-09-02 19:15:03,USER101156,USER101819,70.73,Shopping,Android,Mumbai,19,0,
TXN101327,2026-09-02 19:17:24,USER101357,USER102653,225.29,Shopping,iOS,Delhi,19,0,
TXN101328,2026-09-02 19:17:40,USER100081,MERCH200440,302.21,Food & Dining,Android,Delhi,19,0,
TXN101329,2026-09-02 19:18:39,USER100211,USER102286,155.56,Entertainment,Android,Pune,19,0,
TXN101330,2026-09-02 19:19:13,USER101400,MERCH200538,339.6,Shopping,Android,Bengaluru,19,0,
TXN101331,2026-09-02 19:19:46,USER101743,MERCH200057,601.7,Grocery,Android,Delhi,19,0,
TXN101332,2026-09-02 19:20:37,USER101022,USER100474,133.63,Shopping,Android,Ahmedabad,19,0,
TXN101333,2026-09-02 19:21:20,USER102383,USER102045,266.36,Entertainment,Android,Delhi,19,0,
TXN101334,2026-09-02 19:24:32,USER101313,MERCH200287,224.26,P2P Transfer,Android,Indore,19,0,
TXN101335,2026-09-02 19:24:51,USER102643,USER101307,964.52,Mobile Recharge,Android,Patna,19,0,
TXN101336,2026-09-02 19:25:00,USER100698,USER102090,220.04,P2P Transfer,Android,Mumbai,19,0,
TXN101337,2026-09-02 19:25:25,USER101384,USER102541,291.88,Fuel,Android,Bengaluru,19,0,
TXN101338,2026-09-02 19:25:34,USER100215,USER100163,591.31,Food & Dining,Android,Bengaluru,19,0,
TXN101339,2026-09-02 19:26:27,USER101994,USER100938,249.49,Healthcare,Android,Delhi,19,0,
TXN101340,2026-09-02 19:27:50,USER102234,USER101978,1920.58,Entertainment,Android,Mumbai,19,0,
TXN101341,2026-09-02 19:27:58,USER102787,USER100688,667.19,Grocery,iOS,Ahmedabad,19,0,
TXN101342,2026-09-02 19:29:14,USER101102,MERCH201095,170.0,Fuel,Android,Jaipur,19,0,
TXN101343,2026-09-02 19:30:03,USER102649,MERCH200567,961.27,Healthcare,Android,Mumbai,19,0,
TXN101344,2026-09-02 19:31:15,USER102090,USER101734,432.45,Mobile Recharge,Android,Mumbai,19,0,
TXN101345,2026-09-02 19:31:24,USER100241,USER101083,299.41,Healthcare,Android,Delhi,19,0,
TXN101346,2026-09-02 19:32:27,USER100953,USER101855,53.87,Utility Bills,Android,Bengaluru,19,0,
TXN101347,2026-09-02 19:32:49,USER101810,USER100501,21.2,Mobile Recharge,Android,Ahmedabad,19,0,
TXN101348,2026-09-02 19:33:55,USER102169,MERCH200991,22.09,Mobile Recharge,Android,Pune,19,0,
TXN101349,2026-09-02 19:37:30,USER102630,USER100277,758.81,Shopping,Android,Delhi,19,0,
TXN101350,2026-09-02 19:38:01,USER101882,USER101938,107.19,Shopping,Android,Mumbai,19,0,
TXN101351,2026-09-02 19:38:53,USER101607,MERCH200031,623.53,Healthcare,Android,Hyderabad,19,0,
TXN101352,2026-09-02 19:41:11,USER102998,USER100633,127.23,Mobile Recharge,Android,Ahmedabad,19,0,
TXN101353,2026-09-02 19:42:44,USER101410,USER101450,1267.91,Healthcare,Android,Delhi,19,0,
TXN101354,2026-09-02 19:43:02,USER101603,MERCH201477,255.07,Entertainment,Android,Delhi,19,0,
TXN101355,2026-09-02 19:43:35,USER100948,USER100701,657.9,Fuel,Android,Delhi,19,0,
TXN101356,2026-09-02 19:46:08,USER101774,USER101445,871.42,Entertainment,Android,Indore,19,0,
TXN101357,2026-09-02 19:46:23,USER102861,MERCH200208,349.9,Mobile Recharge,Android,Hyderabad,19,0,
TXN101358,2026-09-02 19:46:34,USER102414,USER102025,155.89,Utility Bills,Android,Pune,19,0,
TXN101359,2026-09-02 19:47:26,USER100718,MERCH201344,542.97,Fuel,iOS,Bengaluru,19,0,
TXN101360,2026-09-02 19:50:37,USER100288,USER102407,905.9,Food & Dining,Android,Hyderabad,19,0,
TXN101361,2026-09-02 19:50:45,USER100711,USER101742,164.42,Shopping,Android,Bengaluru,19,0,
TXN101362,2026-09-02 19:51:42,USER100619,USER102691,2434.77,Entertainment,Android,Bengaluru,19,0,
TXN101363,2026-09-02 19:53:04,USER100446,MERCH200254,99.91,Travel,iOS,Pune,19,0,
TXN101364,2026-09-02 19:54:45,USER102898,MERCH200525,155.84,Entertainment,Android,Patna,19,0,
TXN101365,2026-09-02 19:56:28,USER100411,USER102353,537.39,Shopping,Android,Hyderabad,19,0,
TXN101366,2026-09-02 19:56:29,USER102031,MERCH200800,1078.81,Fuel,Android,Pune,19,0,
TXN101367,2026-09-02 19:57:06,USER100929,MERCH200548,274.86,Utility Bills,Android,Mumbai,19,0,
TXN101368,2026-09-02 19:58:34,USER101747,USER100546,463.3,Healthcare,Android,Mumbai,19,0,
TXN101369,2026-09-02 19:58:48,USER100852,MERCH200898,69.13,Shopping,Android,Mumbai,19,0,
TXN101370,2026-09-02 19:58:50,USER102662,MERCH200019,372.51,Entertainment,Android,Hyderabad,19,0,
TXN101371,2026-09-02 19:58:58,USER101876,MERCH201365,288.66,Entertainment,Android,Hyderabad,19,0,
TXN101372,2026-09-02 20:00:57,USER100246,USER101666,1162.78,P2P Transfer,iOS,Pune,20,0,
TXN101373,2026-09-02 20:03:17,USER100849,MERCH200361,553.2,Utility Bills,Android,Bengaluru,20,0,
TXN101374,2026-09-02 20:03:23,USER101482,USER100587,543.39,Travel,Android,Jaipur,20,0,
TXN101375,2026-09-02 20:03:44,USER101721,USER101367,672.74,P2P Transfer,Android,Indore,20,0,
TXN101376,2026-09-02 20:04:13,USER102289,MERCH200649,483.66,Grocery,Android,Chennai,20,0,
TXN101377,2026-09-02 20:04:45,USER102921,MERCH201017,714.79,Healthcare,Android,Mumbai,20,0,
TXN101378,2026-09-02 20:08:02,USER102361,MERCH200788,480.66,Mobile Recharge,Android,Hyderabad,20,0,
TXN101379,2026-09-02 20:09:19,USER101149,MERCH200778,602.23,Fuel,Android,Chennai,20,0,
TXN101380,2026-09-02 20:09:22,USER101279,MERCH200468,775.31,Grocery,iOS,Mumbai,20,0,
TXN101381,2026-09-02 20:11:21,USER102520,USER102375,1747.76,Shopping,Android,Pune,20,0,
TXN101382,2026-09-02 20:12:15,USER101401,USER100451,242.7,Mobile Recharge,Android,Bengaluru,20,0,
TXN101383,2026-09-02 20:12:31,USER101847,MERCH201432,2938.55,Grocery,Android,Jaipur,20,0,
TXN101384,2026-09-02 20:16:37,USER100376,USER102674,1441.3,Utility Bills,iOS,Hyderabad,20,0,
TXN101385,2026-09-02 20:16:48,USER102582,MERCH201361,82.51,Entertainment,Android,Mumbai,20,0,
TXN101386,2026-09-02 20:17:17,USER100192,MERCH201151,511.21,Shopping,iOS,Jaipur,20,0,
TXN101387,2026-09-02 20:17:47,USER101614,MERCH201301,487.55,Travel,iOS,Bengaluru,20,0,
TXN101388,2026-09-02 20:18:51,USER100261,USER100115,876.2,Food & Dining,Android,Ahmedabad,20,0,
TXN101389,2026-09-02 20:19:08,USER102682,USER100438,248.53,Entertainment,iOS,Kolkata,20,0,
TXN101390,2026-09-02 20:21:20,USER102589,MERCH201137,155.58,Travel,Android,Mumbai,20,0,
TXN101391,2026-09-02 20:21:38,USER100273,MERCH201171,213.84,Mobile Recharge,Android,Patna,20,0,
TXN101392,2026-09-02 20:22:22,USER101717,USER100271,467.27,Healthcare,Android,Patna,20,0,
TXN101393,2026-09-02 20:22:23,USER102049,USER100916,429.89,Travel,iOS,Kolkata,20,0,
TXN101394,2026-09-02 20:27:31,USER102661,USER101052,64.93,Food & Dining,Android,Ahmedabad,20,0,
TXN101395,2026-09-02 20:30:30,USER102024,USER101761,134.14,Shopping,iOS,Bengaluru,20,0,
TXN101396,2026-09-02 20:32:18,USER100560,MERCH201134,222.34,Healthcare,Android,Jaipur,20,0,
TXN101397,2026-09-02 20:33:40,USER101264,MERCH201264,229.35,Fuel,Android,Jaipur,20,0,
TXN101398,2026-09-02 20:34:26,USER102820,USER100761,375.23,Healthcare,Android,Mumbai,20,0,
TXN101399,2026-09-02 20:36:48,USER101460,MERCH200868,527.88,Travel,Android,Delhi,20,0,
TXN101400,2026-09-02 20:40:00,USER101746,USER102666,178.64,Fuel,Android,Patna,20,0,
TXN101401,2026-09-02 20:40:30,USER101684,USER101238,494.81,Travel,iOS,Delhi,20,0,
TXN101402,2026-09-02 20:41:41,USER101589,USER100838,345.29,Grocery,Android,Mumbai,20,0,
TXN101403,2026-09-02 20:42:48,USER100817,MERCH201163,101.61,Healthcare,Android,Mumbai,20,0,
TXN101404,2026-09-02 20:45:56,USER101470,USER102631,203.82,Grocery,iOS,Chennai,20,0,
TXN101405,2026-09-02 20:46:23,USER101547,USER101190,440.64,Mobile Recharge,Android,Delhi,20,0,
TXN101406,2026-09-02 20:51:41,USER100207,USER102574,532.33,Utility Bills,Android,Jaipur,20,0,
TXN101407,2026-09-02 20:52:15,USER102422,USER100162,659.14,Utility Bills,iOS,Delhi,20,0,
TXN101408,2026-09-02 20:52:51,USER100516,USER101934,31.24,Shopping,Android,Bengaluru,20,0,
TXN101409,2026-09-02 20:53:58,USER100735,USER100641,258.86,Food & Dining,iOS,Bengaluru,20,0,
TXN101410,2026-09-02 20:54:33,USER101938,MERCH201378,258.38,P2P Transfer,Android,Pune,20,0,
TXN101411,2026-09-02 20:55:44,USER102897,MERCH200466,27.02,Shopping,Android,Bengaluru,20,0,
TXN101412,2026-09-02 20:56:54,USER102811,USER102519,145.02,Travel,Android,Chennai,20,0,
TXN101413,2026-09-02 20:57:03,USER100409,MERCH200666,158.41,Shopping,iOS,Chennai,20,0,
TXN101414,2026-09-02 20:59:25,USER101499,MERCH200895,1645.01,Healthcare,Android,Mumbai,20,0,
TXN101415,2026-09-02 20:59:43,USER100148,USER101811,88.43,Shopping,Android,Delhi,20,0,
TXN101416,2026-09-02 21:04:52,USER102361,USER101010,478.87,Fuel,Android,Kolkata,21,0,
TXN101417,2026-09-02 21:05:17,USER101358,USER100414,190.04,Entertainment,Android,Mumbai,21,0,
TXN101418,2026-09-02 21:05:33,USER100029,MERCH200967,334.72,Entertainment,Android,Pune,21,0,
TXN101419,2026-09-02 21:07:11,USER101688,USER101007,413.59,Entertainment,iOS,Delhi,21,0,
TXN101420,2026-09-02 21:07:59,USER102403,MERCH201276,2307.79,Entertainment,iOS,Kolkata,21,0,
TXN101421,2026-09-02 21:09:16,USER100977,USER100729,40.81,Healthcare,Android,Mumbai,21,0,
TXN101422,2026-09-02 21:11:35,USER100761,MERCH200894,172.97,Fuel,Android,Chennai,21,0,
TXN101423,2026-09-02 21:14:05,USER102941,USER101060,556.01,Food & Dining,Android,Ahmedabad,21,0,
TXN101424,2026-09-02 21:17:08,USER101330,USER100105,199.2,P2P Transfer,Android,Pune,21,0,
TXN101425,2026-09-02 21:19:36,USER100689,USER102445,64.75,Grocery,Android,Pune,21,0,
TXN101426,2026-09-02 21:20:13,USER100460,USER101088,391.48,P2P Transfer,Android,Kolkata,21,0,
TXN101427,2026-09-02 21:21:24,USER102604,USER100649,561.17,Mobile Recharge,Android,Mumbai,21,0,
TXN101428,2026-09-02 21:21:50,USER102138,USER100121,187.01,Travel,iOS,Pune,21,0,
TXN101429,2026-09-02 21:23:14,USER101803,USER100164,219.61,Travel,Android,Pune,21,0,
TXN101430,2026-09-02 21:30:13,USER101024,MERCH201028,33.13,Grocery,Android,Bengaluru,21,0,
TXN101431,2026-09-02 21:30:46,USER102610,USER100075,542.67,Entertainment,Android,Mumbai,21,0,
TXN101432,2026-09-02 21:30:52,USER101310,USER102731,386.37,Utility Bills,Android,Hyderabad,21,0,
TXN101433,2026-09-02 21:35:51,USER102418,USER102806,216.63,Food & Dining,Android,Delhi,21,0,
TXN101434,2026-09-02 21:41:16,USER100143,USER102113,402.24,Shopping,Android,Ahmedabad,21,0,
TXN101435,2026-09-02 21:41:46,USER100077,USER102395,1941.78,Utility Bills,Android,Delhi,21,0,
TXN101436,2026-09-02 21:41:49,USER102433,USER100421,50.35,Utility Bills,Android,Chennai,21,0,
TXN101437,2026-09-02 21:42:54,USER100621,MERCH200454,1255.6,Fuel,iOS,Indore,21,0,
TXN101438,2026-09-02 21:43:02,USER101376,USER102476,138.26,Fuel,iOS,Hyderabad,21,0,
TXN101439,2026-09-02 21:43:56,USER102887,MERCH200974,76.85,Food & Dining,Android,Kolkata,21,0,
TXN101440,2026-09-02 21:46:48,USER101043,USER102364,189.3,Fuel,Android,Patna,21,0,
TXN101441,2026-09-02 21:48:17,USER100963,MERCH200823,578.26,Mobile Recharge,iOS,Delhi,21,0,
TXN101442,2026-09-02 21:48:24,USER101510,USER100281,327.0,Fuel,Android,Ahmedabad,21,0,
TXN101443,2026-09-02 21:48:40,USER100344,MERCH200158,123.95,Food & Dining,Android,Mumbai,21,0,
TXN101444,2026-09-02 21:49:57,USER101271,USER102466,338.95,P2P Transfer,Android,Jaipur,21,0,
TXN101445,2026-09-02 21:50:21,USER102814,USER100197,844.53,Food & Dining,Android,Hyderabad,21,0,
TXN101446,2026-09-02 21:51:28,USER100253,USER101109,223.34,Healthcare,iOS,Kolkata,21,0,
TXN101447,2026-09-02 21:52:16,USER101990,MERCH200271,441.83,Grocery,Android,Bengaluru,21,0,
TXN101448,2026-09-02 21:52:29,USER102989,USER100301,924.74,Shopping,Android,Bengaluru,21,0,
TXN101449,2026-09-02 21:54:59,USER102931,MERCH200673,391.92,Food & Dining,Android,Bengaluru,21,0,
TXN101450,2026-09-02 21:59:36,USER102766,MERCH200505,193.96,Fuel,Android,Bengaluru,21,0,
TXN101451,2026-09-02 22:03:00,USER101882,MERCH200292,4620.92,P2P Transfer,Android,Chennai,22,1,velocity_burst
TXN101452,2026-09-02 22:07:11,USER100923,USER102836,293.75,Healthcare,Android,Bengaluru,22,0,
TXN101453,2026-09-02 22:08:49,USER101587,USER100089,515.67,Food & Dining,iOS,Indore,22,0,
TXN101454,2026-09-02 22:10:38,USER102766,USER101563,677.61,Mobile Recharge,Android,Bengaluru,22,0,
TXN101455,2026-09-02 22:11:44,USER100950,USER101251,296.86,Food & Dining,Android,Delhi,22,0,
TXN101456,2026-09-02 22:15:19,USER100566,USER100869,882.93,Entertainment,Android,Hyderabad,22,0,
TXN101457,2026-09-02 22:16:02,USER100705,USER102837,798.85,Entertainment,Android,Hyderabad,22,0,
TXN101458,2026-09-02 22:24:01,USER101679,USER100318,258.94,Food & Dining,Android,Ahmedabad,22,0,
TXN101459,2026-09-02 22:26:25,USER101025,USER102603,387.45,Healthcare,Android,Pune,22,0,
TXN101460,2026-09-02 22:30:11,USER102082,MERCH200633,282.8,Shopping,Android,Hyderabad,22,0,
TXN101461,2026-09-02 22:30:19,USER102796,USER102636,107.63,Fuel,Android,Ahmedabad,22,0,
TXN101462,2026-09-02 22:32:45,USER102244,MERCH201141,670.33,Healthcare,iOS,Bengaluru,22,0,
TXN101463,2026-09-02 22:33:59,USER102314,USER101150,478.11,Travel,Android,Bengaluru,22,0,
TXN101464,2026-09-02 22:38:49,USER101990,USER101142,69.52,Entertainment,iOS,Delhi,22,0,
TXN101465,2026-09-02 22:38:57,USER100275,MERCH200443,642.87,Healthcare,Android,Hyderabad,22,0,
TXN101466,2026-09-02 22:48:36,USER102380,MERCH201457,771.77,Grocery,Android,Bengaluru,22,0,
TXN101467,2026-09-02 22:52:06,USER102261,USER100909,37.14,Grocery,Android,Mumbai,22,0,
TXN101468,2026-09-02 22:52:28,USER100401,MERCH201035,1435.96,Healthcare,iOS,Pune,22,0,
TXN101469,2026-09-02 22:53:13,USER102341,USER102218,80.46,Grocery,Android,Bengaluru,22,0,
TXN101470,2026-09-02 22:55:16,USER102546,USER101447,220.27,Entertainment,Android,Delhi,22,0,
TXN101471,2026-09-02 22:56:02,USER101347,USER101030,690.73,Grocery,Android,Jaipur,22,0,
TXN101472,2026-09-02 22:56:58,USER101692,MERCH200171,742.13,Fuel,Android,Pune,22,0,
TXN101473,2026-09-02 23:04:38,USER102553,MERCH200228,205.37,Grocery,iOS,Ahmedabad,23,0,
TXN101474,2026-09-02 23:12:10,USER100070,USER101373,354.41,P2P Transfer,Android,Hyderabad,23,0,
TXN101475,2026-09-02 23:27:22,USER102740,USER101882,156.63,Mobile Recharge,Android,Delhi,23,0,
TXN101476,2026-09-02 23:38:05,USER100914,USER102975,321.21,Travel,Android,Kolkata,23,0,
TXN101477,2026-09-02 23:41:46,USER102011,MERCH201276,611.78,Fuel,Android,Mumbai,23,0,
TXN101478,2026-09-02 23:51:47,USER101937,USER101745,168.05,Travel,Android,Bengaluru,23,0,
TXN101479,2026-09-02 23:58:20,USER102830,USER101465,1469.26,P2P Transfer,Android,Chennai,23,0,
TXN101480,2026-09-03 00:07:57,USER101745,USER100936,929.22,Travel,Android,Delhi,0,0,
TXN101481,2026-09-03 00:10:00,USER101900,MERCH200212,48402.81,Healthcare,Android,Hyderabad,0,1,odd_hour_high_amount
TXN101482,2026-09-03 00:27:00,USER100644,USER102674,22774.38,Fuel,Android,Bengaluru,0,1,odd_hour_high_amount
TXN101483,2026-09-03 00:49:31,USER101637,USER100494,29.88,P2P Transfer,Android,Patna,0,0,
TXN101484,2026-09-03 00:50:00,USER100825,MERCH201485,20495.9,Entertainment,Android,Jaipur,0,1,odd_hour_high_amount
TXN101485,2026-09-03 01:08:00,USER102161,USER102023,6678.41,P2P Transfer,Android,Hyderabad,1,1,velocity_burst
TXN101486,2026-09-03 01:21:00,USER101761,USER100777,17713.77,Healthcare,Android,Mumbai,1,1,odd_hour_high_amount
TXN101487,2026-09-03 01:34:00,USER102427,MERCH200106,23385.61,Travel,iOS,Kolkata,1,1,odd_hour_high_amount
TXN101488,2026-09-03 02:10:00,USER100805,USER101089,7504.93,P2P Transfer,Android,Bengaluru,2,1,velocity_burst
TXN101489,2026-09-03 02:18:00,USER100828,USER101975,9442.7,Utility Bills,Android,Mumbai,2,1,odd_hour_high_amount
TXN101490,2026-09-03 03:53:00,USER100529,USER102097,54259.62,Fuel,Android,Bengaluru,3,1,odd_hour_high_amount
TXN101491,2026-09-03 04:10:00,USER100988,USER102702,13175.62,Grocery,Android,Jaipur,4,1,odd_hour_high_amount
TXN101492,2026-09-03 04:15:00,USER102842,USER101365,17029.98,Shopping,Android,Mumbai,4,1,odd_hour_high_amount
TXN101493,2026-09-03 04:41:00,USER102865,MERCH200961,48629.21,Entertainment,Android,Bengaluru,4,1,odd_hour_high_amount
TXN101494,2026-09-03 05:17:46,USER102571,USER100542,133.45,Healthcare,Android,Chennai,5,0,
TXN101495,2026-09-03 05:59:09,USER100695,MERCH200732,602.07,Utility Bills,Android,Bengaluru,5,0,
TXN101496,2026-09-03 06:00:03,USER102294,USER100294,268.51,Grocery,iOS,Mumbai,6,0,
TXN101497,2026-09-03 06:00:39,USER101146,MERCH200817,1455.34,Utility Bills,Android,Pune,6,0,
TXN101498,2026-09-03 06:08:52,USER100722,MERCH201334,800.96,Food & Dining,iOS,Bengaluru,6,0,
TXN101499,2026-09-03 06:17:54,USER100866,USER102060,142.37,Food & Dining,iOS,Delhi,6,0,
TXN101500,2026-09-03 06:20:00,USER100668,USER100849,313.63,Food & Dining,Android,Delhi,6,0,
TXN101501,2026-09-03 06:34:26,USER102042,USER102118,85.91,Entertainment,Android,Mumbai,6,0,
TXN101502,2026-09-03 06:35:11,USER100676,USER101943,185.35,P2P Transfer,Android,Kolkata,6,0,
TXN101503,2026-09-03 06:44:48,USER101958,USER101103,111.68,Grocery,Android,Mumbai,6,0,
TXN101504,2026-09-03 06:45:44,USER100687,USER101126,2168.32,Travel,Android,Jaipur,6,0,
TXN101505,2026-09-03 06:56:29,USER102182,MERCH200627,399.73,Shopping,Android,Jaipur,6,0,
TXN101506,2026-09-03 07:04:11,USER101159,USER101368,1578.35,Travel,Android,Jaipur,7,0,
TXN101507,2026-09-03 07:06:00,USER100408,USER102583,2008.87,Fuel,iOS,Indore,7,0,
TXN101508,2026-09-03 07:09:18,USER102141,USER101839,99999.0,Travel,Android,Delhi,7,1,round_number
TXN101509,2026-09-03 07:12:04,USER102610,USER100733,112.63,Mobile Recharge,iOS,Delhi,7,0,
TXN101510,2026-09-03 07:17:38,USER100598,MERCH200392,2707.8,Mobile Recharge,Android,Chennai,7,0,
TXN101511,2026-09-03 07:22:58,USER100909,USER100036,768.75,Entertainment,Android,Bengaluru,7,0,
TXN101512,2026-09-03 07:25:23,USER102621,USER102622,561.91,Shopping,Android,Hyderabad,7,0,
TXN101513,2026-09-03 07:28:17,USER100564,USER100250,173.67,Healthcare,Android,Pune,7,0,
TXN101514,2026-09-03 07:39:05,USER100545,MERCH200501,125.76,Grocery,Android,Chennai,7,0,
TXN101515,2026-09-03 07:41:02,USER101634,MERCH201050,350.49,Travel,Android,Mumbai,7,0,
TXN101516,2026-09-03 07:44:58,USER102697,USER102911,720.11,Healthcare,Android,Patna,7,0,
TXN101517,2026-09-03 07:50:13,USER100524,MERCH201239,146.63,P2P Transfer,iOS,Mumbai,7,0,
TXN101518,2026-09-03 07:54:24,USER100640,USER102151,22.29,Food & Dining,Android,Hyderabad,7,0,
TXN101519,2026-09-03 07:55:40,USER102643,USER100263,129.58,Shopping,Android,Indore,7,0,
TXN101520,2026-09-03 07:59:57,USER101495,MERCH200223,158.22,Food & Dining,iOS,Bengaluru,7,0,
TXN101521,2026-09-03 08:02:45,USER100142,USER102900,61.26,Fuel,Android,Bengaluru,8,0,
TXN101522,2026-09-03 08:04:29,USER102697,MERCH201348,403.87,Shopping,Android,Mumbai,8,0,
TXN101523,2026-09-03 08:08:17,USER102726,MERCH200830,381.48,Mobile Recharge,Android,Bengaluru,8,0,
TXN101524,2026-09-03 08:09:04,USER100078,MERCH200758,1325.59,Shopping,Android,Mumbai,8,0,
TXN101525,2026-09-03 08:10:10,USER100792,USER101803,642.6,Fuel,Android,Ahmedabad,8,0,
TXN101526,2026-09-03 08:13:36,USER100378,MERCH201326,658.14,Mobile Recharge,iOS,Kolkata,8,0,
TXN101527,2026-09-03 08:19:20,USER102688,USER101179,269.35,Shopping,Android,Mumbai,8,0,
TXN101528,2026-09-03 08:19:34,USER101381,USER102203,298.79,Grocery,Android,Pune,8,0,
TXN101529,2026-09-03 08:20:44,USER102756,USER100294,131.57,Food & Dining,Android,Mumbai,8,0,
TXN101530,2026-09-03 08:21:52,USER101873,USER102285,1040.02,Shopping,Android,Delhi,8,0,
TXN101531,2026-09-03 08:22:06,USER102882,MERCH200870,2048.5,Utility Bills,Android,Pune,8,0,
TXN101532,2026-09-03 08:24:00,USER102323,USER101224,1341.4,P2P Transfer,Android,Bengaluru,8,1,velocity_burst
TXN101533,2026-09-03 08:24:24,USER101566,MERCH201496,116.56,Shopping,Android,Delhi,8,0,
TXN101534,2026-09-03 08:25:55,USER101817,MERCH201140,335.91,P2P Transfer,iOS,Pune,8,0,
TXN101535,2026-09-03 08:35:43,USER100515,USER100261,12226.43,Grocery,Android,Ahmedabad,8,0,
TXN101536,2026-09-03 08:40:05,USER100024,USER102985,564.38,Healthcare,iOS,Mumbai,8,0,
TXN101537,2026-09-03 08:41:11,USER100954,MERCH200316,93.38,Entertainment,Android,Mumbai,8,0,
TXN101538,2026-09-03 08:44:29,USER101368,USER102900,136.03,Food & Dining,Android,Ahmedabad,8,0,
TXN101539,2026-09-03 08:45:45,USER100787,USER100663,1045.43,Mobile Recharge,Android,Delhi,8,0,
TXN101540,2026-09-03 08:49:49,USER100095,USER102867,339.13,P2P Transfer,iOS,Hyderabad,8,0,
TXN101541,2026-09-03 08:51:26,USER100258,USER101506,86.14,P2P Transfer,iOS,Ahmedabad,8,0,
TXN101542,2026-09-03 08:51:58,USER100657,MERCH201239,324.53,Fuel,Android,Delhi,8,0,
TXN101543,2026-09-03 08:56:10,USER101459,USER101641,239.08,Mobile Recharge,Android,Lucknow,8,0,
TXN101544,2026-09-03 08:56:47,USER102247,USER102419,257.88,Mobile Recharge,Android,Jaipur,8,0,
TXN101545,2026-09-03 08:57:17,USER100812,USER102128,688.92,Entertainment,Android,Bengaluru,8,0,
TXN101546,2026-09-03 08:58:08,USER102655,USER102727,1320.63,P2P Transfer,Android,Chennai,8,0,
TXN101547,2026-09-03 09:00:52,USER101207,USER102364,1247.56,Travel,Android,Hyderabad,9,0,
TXN101548,2026-09-03 09:01:15,USER102793,USER101441,344.03,Shopping,Android,Delhi,9,0,
TXN101549,2026-09-03 09:01:18,USER102767,MERCH200344,75.53,Entertainment,Android,Bengaluru,9,0,
TXN101550,2026-09-03 09:01:48,USER100931,MERCH200072,171.38,Healthcare,Android,Mumbai,9,0,
TXN101551,2026-09-03 09:03:51,USER100549,MERCH200381,1296.25,Mobile Recharge,iOS,Lucknow,9,0,
TXN101552,2026-09-03 09:04:13,USER101659,MERCH201074,104.69,Entertainment,Android,Lucknow,9,0,
TXN101553,2026-09-03 09:04:35,USER102277,USER100981,651.92,Grocery,Android,Chennai,9,0,
TXN101554,2026-09-03 09:05:12,USER100296,USER102656,485.41,Mobile Recharge,Android,Indore,9,0,
TXN101555,2026-09-03 09:06:03,USER101741,USER100265,302.86,Fuel,Android,Hyderabad,9,0,
TXN101556,2026-09-03 09:06:29,USER100327,USER101280,268.26,Grocery,Android,Pune,9,0,
TXN101557,2026-09-03 09:06:47,USER100895,USER102275,620.29,Mobile Recharge,Android,Kolkata,9,0,
TXN101558,2026-09-03 09:07:25,USER100569,USER100671,244.88,Mobile Recharge,Android,Ahmedabad,9,0,
TXN101559,2026-09-03 09:08:21,USER102166,MERCH200736,164.26,Grocery,Android,Indore,9,0,
TXN101560,2026-09-03 09:09:43,USER101508,USER102806,90.63,Grocery,Android,Pune,9,0,
TXN101561,2026-09-03 09:10:00,USER102734,MERCH200959,8290.77,P2P Transfer,Android,Indore,9,1,velocity_burst
TXN101562,2026-09-03 09:10:37,USER101967,MERCH200063,156.74,P2P Transfer,Android,Hyderabad,9,0,
TXN101563,2026-09-03 09:11:04,USER101809,USER101178,254.76,Shopping,iOS,Hyderabad,9,0,
TXN101564,2026-09-03 09:11:18,USER101229,MERCH200718,433.79,Shopping,iOS,Pune,9,0,
TXN101565,2026-09-03 09:13:12,USER101019,USER100894,290.76,Utility Bills,iOS,Chennai,9,0,
TXN101566,2026-09-03 09:16:03,USER102757,USER100707,53.52,Travel,Android,Patna,9,0,
TXN101567,2026-09-03 09:21:03,USER100509,MERCH200481,141.85,Mobile Recharge,Android,Delhi,9,0,
TXN101568,2026-09-03 09:24:11,USER100311,MERCH200740,497.23,P2P Transfer,Android,Bengaluru,9,0,
TXN101569,2026-09-03 09:24:27,USER101399,USER102899,1821.46,Travel,Android,Kolkata,9,0,
TXN101570,2026-09-03 09:24:44,USER102191,USER101227,312.97,Fuel,Android,Bengaluru,9,0,
TXN101571,2026-09-03 09:27:28,USER100587,MERCH200010,189.23,Utility Bills,Android,Delhi,9,0,
TXN101572,2026-09-03 09:27:29,USER100129,USER101640,180.98,Travel,Android,Hyderabad,9,0,
TXN101573,2026-09-03 09:28:23,USER102995,MERCH200350,936.1,Mobile Recharge,Android,Indore,9,0,
TXN101574,2026-09-03 09:28:38,USER100326,USER101716,317.01,Travel,Android,Mumbai,9,0,
TXN101575,2026-09-03 09:29:31,USER102599,USER102747,512.47,Fuel,Android,Ahmedabad,9,0,
TXN101576,2026-09-03 09:30:03,USER101913,MERCH200952,231.78,Grocery,iOS,Pune,9,0,
TXN101577,2026-09-03 09:31:39,USER101377,USER101239,317.31,Grocery,iOS,Chennai,9,0,
TXN101578,2026-09-03 09:32:00,USER102612,USER101523,109.82,Healthcare,Android,Delhi,9,0,
TXN101579,2026-09-03 09:32:12,USER100948,MERCH200863,885.79,Food & Dining,Android,Kolkata,9,0,
TXN101580,2026-09-03 09:32:18,USER101397,USER100362,99.81,Entertainment,Android,Bengaluru,9,0,
TXN101581,2026-09-03 09:35:35,USER100807,USER100955,760.12,Travel,Android,Kolkata,9,0,
TXN101582,2026-09-03 09:36:53,USER101203,MERCH200705,182.69,Travel,Android,Delhi,9,0,
TXN101583,2026-09-03 09:37:18,USER101707,USER100573,1369.35,Utility Bills,iOS,Mumbai,9,0,
TXN101584,2026-09-03 09:39:48,USER100694,MERCH200807,341.59,Entertainment,Android,Bengaluru,9,0,
TXN101585,2026-09-03 09:41:39,USER101934,USER100083,441.64,Food & Dining,Android,Mumbai,9,0,
TXN101586,2026-09-03 09:47:44,USER102013,USER102356,2623.67,Grocery,iOS,Pune,9,0,
TXN101587,2026-09-03 09:48:38,USER102663,USER102412,42.11,Travel,Android,Kolkata,9,0,
TXN101588,2026-09-03 09:48:40,USER100019,MERCH200943,628.86,Utility Bills,Android,Jaipur,9,0,
TXN101589,2026-09-03 09:52:26,USER102772,MERCH201465,392.45,Food & Dining,Android,Chennai,9,0,
TXN101590,2026-09-03 09:53:22,USER102223,USER100472,80.92,Healthcare,Android,Lucknow,9,0,
TXN101591,2026-09-03 09:53:40,USER102535,USER100830,18.09,Healthcare,Android,Bengaluru,9,0,
TXN101592,2026-09-03 09:54:32,USER100997,USER100480,503.29,Travel,Android,Hyderabad,9,0,
TXN101593,2026-09-03 09:54:58,USER102003,MERCH200707,252.62,Mobile Recharge,Android,Chennai,9,0,
TXN101594,2026-09-03 09:55:38,USER102758,USER101742,329.76,P2P Transfer,Android,Kolkata,9,0,
TXN101595,2026-09-03 09:55:52,USER102173,MERCH201433,362.03,Shopping,Android,Chennai,9,0,
TXN101596,2026-09-03 09:56:04,USER102550,USER101623,245.83,Grocery,Android,Mumbai,9,0,
TXN101597,2026-09-03 09:59:36,USER102648,USER100855,129.65,P2P Transfer,iOS,Mumbai,9,0,
TXN101598,2026-09-03 10:05:31,USER102989,MERCH200563,84.94,P2P Transfer,Android,Chennai,10,0,
TXN101599,2026-09-03 10:11:00,USER102536,MERCH201262,2577.58,P2P Transfer,Android,Kolkata,10,1,velocity_burst
TXN101600,2026-09-03 10:11:39,USER100182,USER102761,27.01,P2P Transfer,Android,Jaipur,10,0,
TXN101601,2026-09-03 10:12:36,USER100140,USER100355,609.9,Shopping,Android,Mumbai,10,0,
TXN101602,2026-09-03 10:14:14,USER100009,USER100384,176.99,Travel,Android,Chennai,10,0,
TXN101603,2026-09-03 10:14:38,USER101762,USER100120,2981.62,Entertainment,Android,Delhi,10,0,
TXN101604,2026-09-03 10:15:32,USER101231,MERCH201291,186.42,Entertainment,Android,Bengaluru,10,0,
TXN101605,2026-09-03 10:17:13,USER100524,MERCH200048,16.82,Healthcare,Android,Delhi,10,0,
TXN101606,2026-09-03 10:17:25,USER102179,USER101069,5319.47,Fuel,iOS,Bengaluru,10,0,
TXN101607,2026-09-03 10:17:31,USER100424,USER100295,247.83,Entertainment,Android,Bengaluru,10,0,
TXN101608,2026-09-03 10:18:59,USER102292,MERCH200458,338.84,Utility Bills,Android,Mumbai,10,0,
TXN101609,2026-09-03 10:19:39,USER102428,USER101264,105.37,Food & Dining,iOS,Mumbai,10,0,
TXN101610,2026-09-03 10:20:57,USER102425,USER100656,647.31,Travel,Android,Chennai,10,0,
TXN101611,2026-09-03 10:21:31,USER101348,USER102122,745.38,Healthcare,Android,Delhi,10,0,
TXN101612,2026-09-03 10:22:46,USER102919,USER102432,121.55,Shopping,Android,Bengaluru,10,0,
TXN101613,2026-09-03 10:24:15,USER102596,USER101357,91.99,Healthcare,iOS,Mumbai,10,0,
TXN101614,2026-09-03 10:24:16,USER101743,USER100910,241.63,Utility Bills,Android,Delhi,10,0,
TXN101615,2026-09-03 10:24:24,USER102387,USER100959,120.75,Fuel,Android,Delhi,10,0,
TXN101616,2026-09-03 10:24:46,USER100027,MERCH201018,10000.0,Healthcare,Android,Delhi,10,1,round_number
TXN101617,2026-09-03 10:25:25,USER100209,USER101953,1662.44,Entertainment,Android,Delhi,10,0,
TXN101618,2026-09-03 10:26:18,USER100697,MERCH200772,349.42,Travel,Android,Hyderabad,10,0,
TXN101619,2026-09-03 10:26:30,USER101131,MERCH200693,1113.27,Healthcare,iOS,Pune,10,0,
TXN101620,2026-09-03 10:27:11,USER100779,USER100505,998.32,Healthcare,iOS,Bengaluru,10,0,
TXN101621,2026-09-03 10:27:58,USER101667,USER100837,417.75,Utility Bills,Android,Mumbai,10,0,
TXN101622,2026-09-03 10:28:23,USER100152,MERCH201354,1017.48,P2P Transfer,Android,Hyderabad,10,0,
TXN101623,2026-09-03 10:29:47,USER101125,USER100769,38.02,Utility Bills,Android,Indore,10,0,
TXN101624,2026-09-03 10:31:36,USER102351,USER101722,827.6,Healthcare,Android,Hyderabad,10,0,
TXN101625,2026-09-03 10:32:17,USER102680,USER102429,319.91,Fuel,Android,Ahmedabad,10,0,
TXN101626,2026-09-03 10:33:02,USER100209,USER100579,566.26,Entertainment,Android,Pune,10,0,
TXN101627,2026-09-03 10:35:16,USER101516,USER102309,146.95,Mobile Recharge,Android,Pune,10,0,
TXN101628,2026-09-03 10:35:38,USER100264,MERCH200705,480.02,Healthcare,Android,Delhi,10,0,
TXN101629,2026-09-03 10:37:08,USER101265,USER100518,610.07,Entertainment,iOS,Hyderabad,10,0,
TXN101630,2026-09-03 10:37:34,USER100425,USER100283,667.21,Shopping,iOS,Delhi,10,0,
TXN101631,2026-09-03 10:37:43,USER100278,USER101546,545.49,Fuel,Android,Jaipur,10,0,
TXN101632,2026-09-03 10:37:47,USER101888,USER101638,535.93,Healthcare,Android,Indore,10,0,
TXN101633,2026-09-03 10:40:25,USER102636,USER102307,561.79,Shopping,Android,Jaipur,10,0,
TXN101634,2026-09-03 10:44:45,USER100849,MERCH200858,356.57,Mobile Recharge,iOS,Kolkata,10,0,
TXN101635,2026-09-03 10:46:29,USER102156,USER101047,1270.75,Shopping,Android,Ahmedabad,10,0,
TXN101636,2026-09-03 10:47:14,USER102392,USER101876,198.5,Travel,Android,Bengaluru,10,0,
TXN101637,2026-09-03 10:47:32,USER101622,USER100946,67.15,Mobile Recharge,Android,Delhi,10,0,
TXN101638,2026-09-03 10:48:02,USER102774,USER100168,163.79,Travel,Android,Bengaluru,10,0,
TXN101639,2026-09-03 10:48:20,USER100934,USER102926,201.83,Healthcare,Android,Hyderabad,10,0,
TXN101640,2026-09-03 10:48:31,USER100838,MERCH201430,266.65,Travel,Android,Hyderabad,10,0,
TXN101641,2026-09-03 10:48:43,USER102283,USER102119,542.65,Healthcare,Android,Patna,10,0,
TXN101642,2026-09-03 10:49:16,USER100795,USER100578,374.11,Healthcare,Android,Hyderabad,10,0,
TXN101643,2026-09-03 10:50:20,USER101865,USER100994,839.07,Entertainment,Android,Bengaluru,10,0,
TXN101644,2026-09-03 10:50:49,USER102573,MERCH200165,871.05,Utility Bills,iOS,Pune,10,0,
TXN101645,2026-09-03 10:51:00,USER102753,MERCH200473,229.49,Mobile Recharge,Android,Mumbai,10,0,
TXN101646,2026-09-03 10:52:32,USER102052,USER100310,128.92,P2P Transfer,Android,Kolkata,10,0,
TXN101647,2026-09-03 10:53:04,USER101981,USER100545,781.62,Healthcare,Android,Patna,10,0,
TXN101648,2026-09-03 10:54:09,USER102345,MERCH200483,57.34,P2P Transfer,Android,Bengaluru,10,0,
TXN101649,2026-09-03 10:55:51,USER101664,USER102236,533.29,P2P Transfer,iOS,Ahmedabad,10,0,
TXN101650,2026-09-03 10:56:16,USER102859,USER101023,1316.88,Healthcare,Android,Delhi,10,0,
TXN101651,2026-09-03 10:57:59,USER102879,USER102984,134.89,Utility Bills,Android,Chennai,10,0,
TXN101652,2026-09-03 11:01:14,USER100365,USER101352,228.53,Fuel,Android,Bengaluru,11,0,
TXN101653,2026-09-03 11:02:45,USER100182,USER102432,1653.59,Shopping,Android,Delhi,11,0,
TXN101654,2026-09-03 11:02:55,USER101626,USER100342,303.75,Travel,Android,Patna,11,0,
TXN101655,2026-09-03 11:03:33,USER102027,USER102223,846.56,Entertainment,Android,Delhi,11,0,
TXN101656,2026-09-03 11:04:21,USER100081,USER101860,1141.46,Grocery,Android,Chennai,11,0,
TXN101657,2026-09-03 11:05:27,USER100240,MERCH200527,323.04,Shopping,Android,Delhi,11,0,
TXN101658,2026-09-03 11:05:43,USER102954,USER102240,274.72,Shopping,Android,Jaipur,11,0,
TXN101659,2026-09-03 11:05:55,USER100875,USER102813,808.12,Travel,Android,Delhi,11,0,
TXN101660,2026-09-03 11:06:37,USER102253,USER101431,290.67,Food & Dining,Android,Mumbai,11,0,
TXN101661,2026-09-03 11:08:22,USER102984,USER100378,495.76,Entertainment,iOS,Mumbai,11,0,
TXN101662,2026-09-03 11:08:59,USER102675,USER102181,1741.71,Shopping,Android,Bengaluru,11,0,
TXN101663,2026-09-03 11:10:23,USER100057,MERCH200263,181.88,Travel,iOS,Mumbai,11,0,
TXN101664,2026-09-03 11:11:23,USER102007,USER102582,2013.56,Healthcare,Android,Chennai,11,0,
TXN101665,2026-09-03 11:12:14,USER100969,MERCH201110,253.96,Utility Bills,Android,Delhi,11,0,
TXN101666,2026-09-03 11:13:42,USER100335,USER101680,165.43,Grocery,Android,Kolkata,11,0,
TXN101667,2026-09-03 11:16:10,USER101706,MERCH201142,124.51,Entertainment,Android,Hyderabad,11,0,
TXN101668,2026-09-03 11:16:17,USER102729,USER102285,1434.77,Fuel,Android,Mumbai,11,0,
TXN101669,2026-09-03 11:19:00,USER100454,MERCH200034,364.8,Healthcare,Android,Mumbai,11,0,
TXN101670,2026-09-03 11:19:18,USER101566,USER101439,257.06,Grocery,Android,Kolkata,11,0,
TXN101671,2026-09-03 11:19:45,USER101706,MERCH200318,888.52,Entertainment,Android,Chennai,11,0,
TXN101672,2026-09-03 11:19:47,USER100023,USER101499,139.19,Fuel,iOS,Hyderabad,11,0,
TXN101673,2026-09-03 11:21:18,USER101818,USER102488,266.71,Shopping,iOS,Mumbai,11,0,
TXN101674,2026-09-03 11:21:58,USER101635,USER100301,474.85,Utility Bills,Android,Pune,11,0,
TXN101675,2026-09-03 11:23:48,USER101284,USER101554,578.72,Healthcare,Android,Chennai,11,0,
TXN101676,2026-09-03 11:24:58,USER101592,USER101326,238.94,Healthcare,iOS,Ahmedabad,11,0,
TXN101677,2026-09-03 11:24:59,USER101702,USER101704,130.04,P2P Transfer,Android,Pune,11,0,
TXN101678,2026-09-03 11:25:29,USER100756,USER101057,123.3,P2P Transfer,Android,Chennai,11,0,
TXN101679,2026-09-03 11:29:05,USER101531,MERCH200386,312.7,Food & Dining,Android,Mumbai,11,0,
TXN101680,2026-09-03 11:29:30,USER100588,USER100557,3035.67,Healthcare,Android,Pune,11,0,
TXN101681,2026-09-03 11:30:23,USER100231,USER100179,2415.43,Food & Dining,Android,Lucknow,11,0,
TXN101682,2026-09-03 11:31:19,USER102202,USER100481,166.53,Shopping,iOS,Kolkata,11,0,
TXN101683,2026-09-03 11:32:11,USER101997,USER102978,698.25,Entertainment,Android,Delhi,11,0,
TXN101684,2026-09-03 11:32:45,USER102307,USER102997,460.64,Utility Bills,Android,Bengaluru,11,0,
TXN101685,2026-09-03 11:33:11,USER100880,USER101269,234.24,Healthcare,iOS,Kolkata,11,0,
TXN101686,2026-09-03 11:33:21,USER101088,USER102917,169.31,Travel,Android,Mumbai,11,0,
TXN101687,2026-09-03 11:34:22,USER101944,USER100998,294.82,Utility Bills,Android,Delhi,11,0,
TXN101688,2026-09-03 11:34:26,USER101789,USER100968,1208.3,Mobile Recharge,iOS,Hyderabad,11,0,
TXN101689,2026-09-03 11:39:19,USER101698,USER100457,687.61,Food & Dining,Android,Mumbai,11,0,
TXN101690,2026-09-03 11:40:22,USER102001,MERCH200659,165.12,Entertainment,Android,Hyderabad,11,0,
TXN101691,2026-09-03 11:41:02,USER102961,MERCH200969,332.43,Food & Dining,Android,Jaipur,11,0,
TXN101692,2026-09-03 11:42:40,USER101065,USER100277,192.02,Utility Bills,Android,Delhi,11,0,
TXN101693,2026-09-03 11:44:16,USER100790,MERCH201186,71.95,Food & Dining,Android,Mumbai,11,0,
TXN101694,2026-09-03 11:44:27,USER102399,USER100711,173.8,Grocery,Android,Mumbai,11,0,
TXN101695,2026-09-03 11:46:12,USER101920,USER102972,119.91,Utility Bills,Android,Delhi,11,0,
TXN101696,2026-09-03 11:46:23,USER100316,MERCH200699,300.82,Mobile Recharge,iOS,Hyderabad,11,0,
TXN101697,2026-09-03 11:46:36,USER101746,MERCH200183,735.29,Utility Bills,Android,Chennai,11,0,
TXN101698,2026-09-03 11:48:06,USER100388,USER101453,245.16,Food & Dining,iOS,Chennai,11,0,
TXN101699,2026-09-03 11:48:12,USER101717,USER100631,33.68,Grocery,Android,Delhi,11,0,
TXN101700,2026-09-03 11:49:04,USER100534,USER102431,231.06,Utility Bills,Android,Kolkata,11,0,
TXN101701,2026-09-03 11:49:22,USER101317,USER101428,82.18,Food & Dining,Android,Jaipur,11,0,
TXN101702,2026-09-03 11:49:51,USER102720,USER102785,222.83,Utility Bills,Android,Chennai,11,0,
TXN101703,2026-09-03 11:51:28,USER102859,MERCH200063,1279.31,Travel,Android,Delhi,11,0,
TXN101704,2026-09-03 11:52:07,USER101951,MERCH201084,103.03,Grocery,Android,Kolkata,11,0,
TXN101705,2026-09-03 11:53:53,USER100741,USER100345,213.13,Utility Bills,Android,Ahmedabad,11,0,
TXN101706,2026-09-03 11:55:35,USER100402,USER101066,411.1,Food & Dining,Android,Kolkata,11,0,
TXN101707,2026-09-03 11:57:12,USER101600,USER102013,1694.4,Utility Bills,Android,Bengaluru,11,0,
TXN101708,2026-09-03 11:58:38,USER101993,MERCH201249,121.65,Fuel,iOS,Hyderabad,11,0,
TXN101709,2026-09-03 11:59:03,USER102039,USER100467,82.96,Utility Bills,Android,Patna,11,0,
TXN101710,2026-09-03 11:59:30,USER101387,MERCH200602,196.76,Fuel,Android,Mumbai,11,0,
TXN101711,2026-09-03 11:59:58,USER101346,USER100955,888.54,Entertainment,Android,Bengaluru,11,0,
TXN101712,2026-09-03 12:00:22,USER102413,USER102170,690.46,Travel,Android,Delhi,12,0,
TXN101713,2026-09-03 12:00:43,USER101802,USER101525,162.36,Mobile Recharge,Android,Bengaluru,12,0,
TXN101714,2026-09-03 12:01:30,USER100071,MERCH200061,367.24,Travel,Android,Chennai,12,0,
TXN101715,2026-09-03 12:03:12,USER100824,MERCH200362,126.02,Shopping,Android,Mumbai,12,0,
TXN101716,2026-09-03 12:04:49,USER101711,USER100530,709.91,Shopping,Android,Mumbai,12,0,
TXN101717,2026-09-03 12:05:05,USER102530,USER100849,711.19,Food & Dining,Android,Hyderabad,12,0,
TXN101718,2026-09-03 12:05:16,USER102979,USER100021,183.37,Fuel,Android,Hyderabad,12,0,
TXN101719,2026-09-03 12:05:19,USER100137,USER100313,994.15,P2P Transfer,Android,Hyderabad,12,0,
TXN101720,2026-09-03 12:06:54,USER102194,USER101030,220.45,Healthcare,Android,Mumbai,12,0,
TXN101721,2026-09-03 12:08:12,USER102731,USER100526,432.32,Travel,Android,Bengaluru,12,0,
TXN101722,2026-09-03 12:08:56,USER100554,USER102353,109.56,Mobile Recharge,Android,Mumbai,12,0,
TXN101723,2026-09-03 12:12:12,USER101722,USER102499,233.48,Entertainment,Android,Hyderabad,12,0,
TXN101724,2026-09-03 12:14:05,USER102939,USER101246,226.95,P2P Transfer,Android,Pune,12,0,
TXN101725,2026-09-03 12:16:08,USER100452,USER101092,44.42,P2P Transfer,Android,Mumbai,12,0,
TXN101726,2026-09-03 12:17:04,USER101719,USER102992,502.75,Shopping,Android,Jaipur,12,0,
TXN101727,2026-09-03 12:20:05,USER102260,USER102265,174.53,Utility Bills,iOS,Hyderabad,12,0,
TXN101728,2026-09-03 12:23:31,USER100433,USER101222,70.91,Healthcare,Android,Mumbai,12,0,
TXN101729,2026-09-03 12:25:41,USER101479,USER102884,134.81,P2P Transfer,Android,Chennai,12,0,
TXN101730,2026-09-03 12:26:00,USER101484,MERCH200570,1029.37,Grocery,Android,Bengaluru,12,0,
TXN101731,2026-09-03 12:26:43,USER102467,MERCH201405,214.19,Mobile Recharge,Android,Delhi,12,0,
TXN101732,2026-09-03 12:27:06,USER102893,MERCH201400,213.21,Grocery,iOS,Delhi,12,0,
TXN101733,2026-09-03 12:27:08,USER102465,USER100869,172.74,Travel,Android,Lucknow,12,0,
TXN101734,2026-09-03 12:27:44,USER100189,MERCH201256,97.02,Shopping,Android,Jaipur,12,0,
TXN101735,2026-09-03 12:29:04,USER100896,USER102863,71.54,Grocery,iOS,Lucknow,12,0,
TXN101736,2026-09-03 12:29:08,USER100737,USER102584,218.22,Healthcare,Android,Patna,12,0,
TXN101737,2026-09-03 12:29:22,USER101488,USER102991,581.29,Shopping,Android,Bengaluru,12,0,
TXN101738,2026-09-03 12:29:39,USER101011,MERCH200467,1059.89,Healthcare,Android,Delhi,12,0,
TXN101739,2026-09-03 12:34:22,USER100712,USER101698,1841.36,Fuel,Android,Delhi,12,0,
TXN101740,2026-09-03 12:34:40,USER102898,USER100244,604.66,Entertainment,Android,Jaipur,12,0,
TXN101741,2026-09-03 12:34:50,USER102168,USER101029,229.85,Food & Dining,Android,Kolkata,12,0,
TXN101742,2026-09-03 12:35:02,USER102847,USER100370,267.33,P2P Transfer,Android,Delhi,12,0,
TXN101743,2026-09-03 12:38:18,USER102997,MERCH200419,487.66,Mobile Recharge,Android,Delhi,12,0,
TXN101744,2026-09-03 12:39:24,USER102969,USER100737,60464.42,P2P Transfer,New Device,Mumbai,12,1,new_device_high
TXN101745,2026-09-03 12:40:10,USER101045,USER102945,59510.97,Entertainment,New Device,Mumbai,12,1,new_device_high
TXN101746,2026-09-03 12:41:36,USER101833,MERCH201104,639.38,P2P Transfer,Android,Bengaluru,12,0,
TXN101747,2026-09-03 12:42:39,USER102997,USER102094,421.04,Utility Bills,iOS,Pune,12,0,
TXN101748,2026-09-03 12:44:28,USER102060,MERCH201383,1097.62,Grocery,iOS,Ahmedabad,12,0,
TXN101749,2026-09-03 12:44:28,USER102971,USER102195,276.1,Mobile Recharge,Android,Indore,12,0,
TXN101750,2026-09-03 12:44:31,USER102234,USER101675,516.4,Grocery,Android,Hyderabad,12,0,
TXN101751,2026-09-03 12:46:40,USER100758,USER100181,890.59,Healthcare,Android,Bengaluru,12,0,
TXN101752,2026-09-03 12:50:38,USER102491,USER101266,831.0,Fuel,Android,Chennai,12,0,
TXN101753,2026-09-03 12:52:41,USER100502,USER100048,54.58,P2P Transfer,Android,Delhi,12,0,
TXN101754,2026-09-03 12:54:03,USER102611,MERCH201375,1035.28,Entertainment,Android,Patna,12,0,
TXN101755,2026-09-03 12:54:09,USER100413,USER102305,187.11,Fuel,Android,Delhi,12,0,
TXN101756,2026-09-03 12:55:30,USER100033,MERCH201059,127.19,Travel,iOS,Kolkata,12,0,
TXN101757,2026-09-03 12:55:34,USER100724,USER101141,121.14,Healthcare,iOS,Hyderabad,12,0,
TXN101758,2026-09-03 12:56:55,USER102329,MERCH200731,57.91,Mobile Recharge,Android,Pune,12,0,
TXN101759,2026-09-03 12:57:23,USER101156,USER101115,353.05,Utility Bills,Android,Kolkata,12,0,
TXN101760,2026-09-03 12:58:58,USER102008,MERCH200257,455.36,Travel,Android,Jaipur,12,0,
TXN101761,2026-09-03 13:03:10,USER102958,USER101288,900.92,Shopping,Android,Delhi,13,0,
TXN101762,2026-09-03 13:03:34,USER101049,USER102531,421.21,Fuel,Android,Jaipur,13,0,
TXN101763,2026-09-03 13:04:00,USER101125,USER100206,342.37,Healthcare,Android,Mumbai,13,0,
TXN101764,2026-09-03 13:05:12,USER100586,USER100463,471.42,Travel,iOS,Bengaluru,13,0,
TXN101765,2026-09-03 13:07:02,USER102385,USER101562,451.07,Fuel,Android,Pune,13,0,
TXN101766,2026-09-03 13:07:03,USER102278,USER100140,483.54,Shopping,Android,Ahmedabad,13,0,
TXN101767,2026-09-03 13:09:10,USER102723,MERCH201486,754.98,P2P Transfer,Android,Lucknow,13,0,
TXN101768,2026-09-03 13:09:37,USER100721,USER101398,610.78,P2P Transfer,Android,Bengaluru,13,0,
TXN101769,2026-09-03 13:10:00,USER101438,USER101542,6217.3,P2P Transfer,Android,Indore,13,1,velocity_burst
TXN101770,2026-09-03 13:10:49,USER101063,MERCH200318,460.92,Mobile Recharge,Android,Hyderabad,13,0,
TXN101771,2026-09-03 13:11:04,USER100087,MERCH200344,457.55,Entertainment,Android,Hyderabad,13,0,
TXN101772,2026-09-03 13:11:05,USER102991,USER100139,10000.0,Travel,Android,Pune,13,1,round_number
TXN101773,2026-09-03 13:11:50,USER102017,USER102588,1238.52,Entertainment,Android,Ahmedabad,13,0,
TXN101774,2026-09-03 13:11:51,USER100797,USER102282,337.93,Food & Dining,Android,Mumbai,13,0,
TXN101775,2026-09-03 13:12:24,USER100216,USER100824,2220.26,Travel,Android,Mumbai,13,0,
TXN101776,2026-09-03 13:16:14,USER102742,MERCH200337,3103.81,P2P Transfer,Android,Mumbai,13,0,
TXN101777,2026-09-03 13:16:41,USER100061,USER101012,656.38,Utility Bills,Android,Patna,13,0,
TXN101778,2026-09-03 13:20:00,USER102166,MERCH201405,49.09,Mobile Recharge,Android,Chennai,13,0,
TXN101779,2026-09-03 13:20:06,USER101264,MERCH201274,328.73,Shopping,iOS,Patna,13,0,
TXN101780,2026-09-03 13:20:07,USER102569,USER101952,753.95,Food & Dining,Android,Patna,13,0,
TXN101781,2026-09-03 13:22:43,USER101479,MERCH200212,276.68,Fuel,Android,Hyderabad,13,0,
TXN101782,2026-09-03 13:24:15,USER100932,MERCH201263,162.96,Shopping,Android,Chennai,13,0,
TXN101783,2026-09-03 13:25:20,USER100762,USER100971,486.79,P2P Transfer,Android,Bengaluru,13,0,
TXN101784,2026-09-03 13:25:38,USER100618,MERCH200288,793.94,Food & Dining,Android,Indore,13,0,
TXN101785,2026-09-03 13:25:54,USER100645,MERCH201247,25174.94,Travel,New Device,Kolkata,13,1,new_device_high
TXN101786,2026-09-03 13:25:55,USER101088,MERCH200373,196.45,Mobile Recharge,Android,Mumbai,13,0,
TXN101787,2026-09-03 13:26:13,USER102292,USER102039,319.57,Shopping,Android,Pune,13,0,
TXN101788,2026-09-03 13:26:37,USER100637,USER101063,1289.19,Mobile Recharge,Android,Mumbai,13,0,
TXN101789,2026-09-03 13:27:55,USER101934,MERCH201485,595.76,Travel,Android,Mumbai,13,0,
TXN101790,2026-09-03 13:29:49,USER101428,MERCH201497,895.7,Travel,iOS,Mumbai,13,0,
TXN101791,2026-09-03 13:32:33,USER102981,USER100869,3089.03,P2P Transfer,Android,Pune,13,0,
TXN101792,2026-09-03 13:34:08,USER102190,USER100410,207.17,Healthcare,Android,Indore,13,0,
TXN101793,2026-09-03 13:34:36,USER102820,USER100835,2520.7,Utility Bills,Android,Bengaluru,13,0,
TXN101794,2026-09-03 13:34:43,USER102860,USER102807,899.92,P2P Transfer,iOS,Delhi,13,0,
TXN101795,2026-09-03 13:36:23,USER100588,USER100339,303.63,Fuel,Android,Ahmedabad,13,0,
TXN101796,2026-09-03 13:36:55,USER100595,MERCH201441,772.73,Travel,iOS,Jaipur,13,0,
TXN101797,2026-09-03 13:38:33,USER100940,MERCH201489,99.53,Grocery,Android,Kolkata,13,0,
TXN101798,2026-09-03 13:38:58,USER101852,MERCH201304,88.33,Healthcare,Android,Bengaluru,13,0,
TXN101799,2026-09-03 13:39:46,USER102901,USER100319,848.53,Fuel,iOS,Patna,13,0,
TXN101800,2026-09-03 13:40:12,USER102287,MERCH200707,334.67,Entertainment,Android,Patna,13,0,
TXN101801,2026-09-03 13:41:30,USER100211,USER101105,127.3,Entertainment,Android,Patna,13,0,
TXN101802,2026-09-03 13:41:47,USER101434,USER102506,2463.82,Travel,Android,Delhi,13,0,
TXN101803,2026-09-03 13:42:36,USER101708,USER101661,441.77,Entertainment,Android,Bengaluru,13,0,
TXN101804,2026-09-03 13:42:47,USER100224,USER100222,332.81,Fuel,Android,Indore,13,0,
TXN101805,2026-09-03 13:43:56,USER102162,USER102065,309.37,Fuel,Android,Delhi,13,0,
TXN101806,2026-09-03 13:44:05,USER100421,MERCH200670,435.0,Travel,iOS,Kolkata,13,0,
TXN101807,2026-09-03 13:45:34,USER101822,MERCH200072,463.25,Healthcare,Android,Bengaluru,13,0,
TXN101808,2026-09-03 13:46:20,USER100988,USER100814,226.23,Fuel,iOS,Chennai,13,0,
TXN101809,2026-09-03 13:46:49,USER101215,USER100788,1392.28,Food & Dining,Android,Patna,13,0,
TXN101810,2026-09-03 13:49:50,USER102753,USER101884,618.32,P2P Transfer,Android,Delhi,13,0,
TXN101811,2026-09-03 13:49:52,USER101195,USER101332,869.42,Shopping,Android,Chennai,13,0,
TXN101812,2026-09-03 13:51:16,USER100789,USER102500,680.5,Utility Bills,Android,Hyderabad,13,0,
TXN101813,2026-09-03 13:52:53,USER100956,USER102997,1384.03,Grocery,Android,Jaipur,13,0,
TXN101814,2026-09-03 13:53:58,USER100061,USER101644,319.73,P2P Transfer,Android,Pune,13,0,
TXN101815,2026-09-03 13:55:21,USER100349,USER100469,70.05,Utility Bills,iOS,Jaipur,13,0,
TXN101816,2026-09-03 13:57:19,USER102566,MERCH201390,2088.68,Travel,Android,Jaipur,13,0,
TXN101817,2026-09-03 13:58:06,USER101490,USER101862,40.45,Travel,Android,Delhi,13,0,
TXN101818,2026-09-03 13:59:14,USER102575,MERCH200118,474.77,Shopping,Android,Mumbai,13,0,
TXN101819,2026-09-03 13:59:29,USER101380,USER100672,411.32,P2P Transfer,Android,Kolkata,13,0,
TXN101820,2026-09-03 14:02:08,USER102614,USER101382,122.66,Fuel,Android,Bengaluru,14,0,
TXN101821,2026-09-03 14:03:10,USER101725,MERCH201414,732.93,Travel,Android,Bengaluru,14,0,
TXN101822,2026-09-03 14:06:23,USER100352,USER100022,685.5,P2P Transfer,Android,Patna,14,0,
TXN101823,2026-09-03 14:13:47,USER100306,MERCH200001,83.43,Entertainment,iOS,Delhi,14,0,
TXN101824,2026-09-03 14:14:35,USER100347,USER100609,274.58,Mobile Recharge,Android,Delhi,14,0,
TXN101825,2026-09-03 14:15:12,USER102000,MERCH200717,2192.9,Fuel,iOS,Bengaluru,14,0,
TXN101826,2026-09-03 14:17:34,USER100635,USER102498,337.19,Entertainment,Android,Hyderabad,14,0,
TXN101827,2026-09-03 14:17:57,USER102941,USER101494,318.44,Grocery,Android,Delhi,14,0,
TXN101828,2026-09-03 14:18:40,USER102790,MERCH200678,271.26,P2P Transfer,Android,Patna,14,0,
TXN101829,2026-09-03 14:19:43,USER100636,USER101924,589.09,Mobile Recharge,iOS,Chennai,14,0,
TXN101830,2026-09-03 14:20:14,USER100394,USER100807,646.71,Mobile Recharge,Android,Kolkata,14,0,
TXN101831,2026-09-03 14:21:36,USER100839,USER101027,184.76,Fuel,Android,Mumbai,14,0,
TXN101832,2026-09-03 14:23:11,USER101834,USER101593,50.33,Food & Dining,Android,Chennai,14,0,
TXN101833,2026-09-03 14:23:53,USER101630,MERCH201370,669.88,Food & Dining,iOS,Ahmedabad,14,0,
TXN101834,2026-09-03 14:23:56,USER102538,USER100098,1803.28,P2P Transfer,Android,Bengaluru,14,0,
TXN101835,2026-09-03 14:26:39,USER102706,USER101675,571.66,Travel,Android,Delhi,14,0,
TXN101836,2026-09-03 14:26:59,USER100773,USER100540,99.54,Utility Bills,iOS,Pune,14,0,
TXN101837,2026-09-03 14:27:46,USER100764,USER101124,81.36,Utility Bills,Android,Patna,14,0,
TXN101838,2026-09-03 14:29:43,USER100591,MERCH200217,222.44,Entertainment,Android,Hyderabad,14,0,
TXN101839,2026-09-03 14:29:53,USER100913,MERCH201425,174.05,Travel,Android,Chennai,14,0,
TXN101840,2026-09-03 14:30:49,USER102387,USER102164,2531.92,Fuel,Android,Chennai,14,0,
TXN101841,2026-09-03 14:31:47,USER100738,USER102673,211.53,Shopping,Android,Bengaluru,14,0,
TXN101842,2026-09-03 14:35:02,USER100407,USER100006,299.12,P2P Transfer,Android,Hyderabad,14,0,
TXN101843,2026-09-03 14:35:54,USER102197,MERCH201132,567.76,Shopping,Android,Bengaluru,14,0,
TXN101844,2026-09-03 14:35:58,USER102887,MERCH200526,151.57,Shopping,Android,Ahmedabad,14,0,
TXN101845,2026-09-03 14:36:02,USER101958,USER101003,2289.59,Food & Dining,Android,Pune,14,0,
TXN101846,2026-09-03 14:42:51,USER100748,USER102233,222.42,Mobile Recharge,Android,Mumbai,14,0,
TXN101847,2026-09-03 14:43:25,USER102663,USER101529,401.93,Fuel,Android,Jaipur,14,0,
TXN101848,2026-09-03 14:45:01,USER102911,USER100764,754.43,Food & Dining,Android,Delhi,14,0,
TXN101849,2026-09-03 14:45:57,USER101409,MERCH200384,2257.06,Healthcare,Android,Delhi,14,0,
TXN101850,2026-09-03 14:46:25,USER100561,USER101951,789.53,Fuel,Android,Bengaluru,14,0,
TXN101851,2026-09-03 14:47:12,USER102052,MERCH200753,348.2,P2P Transfer,Android,Chennai,14,0,
TXN101852,2026-09-03 14:47:50,USER100166,MERCH200890,142.17,Grocery,Android,Indore,14,0,
TXN101853,2026-09-03 14:47:53,USER101824,USER102438,1539.63,Food & Dining,Android,Mumbai,14,0,
TXN101854,2026-09-03 14:48:10,USER100092,MERCH201413,515.18,Food & Dining,Android,Mumbai,14,0,
TXN101855,2026-09-03 14:49:49,USER101421,USER102869,127.51,Mobile Recharge,Android,Ahmedabad,14,0,
TXN101856,2026-09-03 14:50:28,USER100629,USER100405,257.38,Shopping,Android,Kolkata,14,0,
TXN101857,2026-09-03 14:50:54,USER101082,USER102760,1356.71,Healthcare,iOS,Ahmedabad,14,0,
TXN101858,2026-09-03 14:51:06,USER101008,USER100993,1153.44,Food & Dining,Android,Patna,14,0,
TXN101859,2026-09-03 14:51:35,USER102575,USER101950,337.41,Mobile Recharge,iOS,Bengaluru,14,0,
TXN101860,2026-09-03 14:51:58,USER100573,USER100141,399.97,Grocery,Android,Delhi,14,0,
TXN101861,2026-09-03 14:53:52,USER100073,USER100847,83.57,Entertainment,Android,Bengaluru,14,0,
TXN101862,2026-09-03 14:55:47,USER102568,USER102847,225.57,Utility Bills,Android,Delhi,14,0,
TXN101863,2026-09-03 14:57:38,USER100336,USER102702,1507.92,Mobile Recharge,Android,Kolkata,14,0,
TXN101864,2026-09-03 14:58:39,USER100412,MERCH200066,618.93,Grocery,iOS,Lucknow,14,0,
TXN101865,2026-09-03 14:59:20,USER100246,USER102425,1375.67,Utility Bills,Android,Delhi,14,0,
TXN101866,2026-09-03 15:00:19,USER101320,USER102390,1189.69,Utility Bills,Android,Bengaluru,15,0,
TXN101867,2026-09-03 15:01:34,USER101146,MERCH201457,202.78,Utility Bills,Android,Patna,15,0,
TXN101868,2026-09-03 15:02:05,USER101875,MERCH200617,837.2,Mobile Recharge,Android,Delhi,15,0,
TXN101869,2026-09-03 15:08:39,USER102943,MERCH200880,105.31,Shopping,Android,Chennai,15,0,
TXN101870,2026-09-03 15:09:23,USER100640,MERCH201428,156.74,Food & Dining,iOS,Jaipur,15,0,
TXN101871,2026-09-03 15:11:29,USER100015,MERCH200246,947.91,P2P Transfer,iOS,Ahmedabad,15,0,
TXN101872,2026-09-03 15:12:54,USER101257,MERCH200683,118.66,Shopping,Android,Delhi,15,0,
TXN101873,2026-09-03 15:13:25,USER101438,USER100941,78.51,Food & Dining,Android,Bengaluru,15,0,
TXN101874,2026-09-03 15:18:04,USER101112,USER100772,609.74,Grocery,Android,Mumbai,15,0,
TXN101875,2026-09-03 15:18:09,USER100389,USER102798,350.3,Utility Bills,Android,Bengaluru,15,0,
TXN101876,2026-09-03 15:18:12,USER100538,USER101563,71.44,Shopping,Android,Delhi,15,0,
TXN101877,2026-09-03 15:18:14,USER101382,USER101331,167.98,Healthcare,Android,Delhi,15,0,
TXN101878,2026-09-03 15:18:18,USER100154,USER102195,1124.64,P2P Transfer,iOS,Mumbai,15,0,
TXN101879,2026-09-03 15:19:03,USER102636,USER100435,183.05,Travel,Android,Delhi,15,0,
TXN101880,2026-09-03 15:20:16,USER100019,USER100867,379.72,P2P Transfer,Android,Patna,15,0,
TXN101881,2026-09-03 15:22:02,USER100030,USER100327,111.63,Travel,Android,Bengaluru,15,0,
TXN101882,2026-09-03 15:23:28,USER102297,MERCH200890,236.92,Utility Bills,iOS,Jaipur,15,0,
TXN101883,2026-09-03 15:23:51,USER100582,USER100811,268.39,Mobile Recharge,Android,Mumbai,15,0,
TXN101884,2026-09-03 15:25:43,USER102835,MERCH200256,1294.7,P2P Transfer,Android,Lucknow,15,0,
TXN101885,2026-09-03 15:26:15,USER100023,USER100387,3242.08,P2P Transfer,iOS,Pune,15,0,
TXN101886,2026-09-03 15:27:03,USER100397,USER102108,299.21,Fuel,Android,Ahmedabad,15,0,
TXN101887,2026-09-03 15:27:04,USER101874,USER102074,41707.85,Fuel,New Device,Mumbai,15,1,new_device_high
TXN101888,2026-09-03 15:27:10,USER100977,USER102183,1286.02,Entertainment,Android,Ahmedabad,15,0,
TXN101889,2026-09-03 15:28:12,USER102370,USER100622,89.77,P2P Transfer,Android,Kolkata,15,0,
TXN101890,2026-09-03 15:28:17,USER100349,USER102480,100.84,Travel,Android,Kolkata,15,0,
TXN101891,2026-09-03 15:28:36,USER101076,USER100897,957.63,Mobile Recharge,Android,Bengaluru,15,0,
TXN101892,2026-09-03 15:37:12,USER100384,USER102175,169.61,Grocery,iOS,Mumbai,15,0,
TXN101893,2026-09-03 15:38:22,USER100277,MERCH200661,395.43,Mobile Recharge,iOS,Mumbai,15,0,
TXN101894,2026-09-03 15:40:36,USER100786,USER101520,1073.69,Food & Dining,Android,Delhi,15,0,
TXN101895,2026-09-03 15:41:41,USER101225,USER101065,211.61,Healthcare,Android,Pune,15,0,
TXN101896,2026-09-03 15:42:27,USER100307,USER101033,956.12,Shopping,iOS,Delhi,15,0,
TXN101897,2026-09-03 15:43:22,USER101910,USER100646,722.54,Grocery,Android,Delhi,15,0,
TXN101898,2026-09-03 15:43:23,USER100443,MERCH200728,48.67,Fuel,Android,Jaipur,15,0,
TXN101899,2026-09-03 15:44:19,USER102521,USER100173,379.79,Entertainment,Android,Lucknow,15,0,
TXN101900,2026-09-03 15:45:41,USER100121,USER100612,288.64,Mobile Recharge,Android,Mumbai,15,0,
TXN101901,2026-09-03 15:47:16,USER100228,USER102763,277.59,Healthcare,Android,Hyderabad,15,0,
TXN101902,2026-09-03 15:50:49,USER101927,USER101871,382.47,P2P Transfer,Android,Bengaluru,15,0,
TXN101903,2026-09-03 15:54:06,USER101825,USER102574,1254.46,Healthcare,Android,Bengaluru,15,0,
TXN101904,2026-09-03 15:56:40,USER102707,MERCH200751,1725.32,Shopping,iOS,Delhi,15,0,
TXN101905,2026-09-03 15:57:40,USER100304,MERCH201108,519.79,Utility Bills,Android,Bengaluru,15,0,
TXN101906,2026-09-03 15:58:19,USER101898,USER101804,161.57,Grocery,Android,Bengaluru,15,0,
TXN101907,2026-09-03 15:59:12,USER101805,USER100110,295.23,Travel,Android,Hyderabad,15,0,
TXN101908,2026-09-03 15:59:26,USER102423,MERCH200311,219.97,Travel,Android,Jaipur,15,0,
TXN101909,2026-09-03 15:59:50,USER102157,MERCH200824,172.05,Mobile Recharge,Android,Delhi,15,0,
TXN101910,2026-09-03 16:01:49,USER100215,USER102829,391.58,P2P Transfer,Android,Delhi,16,0,
TXN101911,2026-09-03 16:02:51,USER102484,USER102876,236.74,Food & Dining,Android,Ahmedabad,16,0,
TXN101912,2026-09-03 16:04:33,USER101663,USER101589,203.89,Healthcare,Android,Bengaluru,16,0,
TXN101913,2026-09-03 16:04:38,USER100645,USER102842,865.9,Utility Bills,Android,Ahmedabad,16,0,
TXN101914,2026-09-03 16:05:37,USER100239,MERCH201145,988.72,Shopping,Android,Bengaluru,16,0,
TXN101915,2026-09-03 16:05:48,USER102059,MERCH200813,145.67,Healthcare,Android,Bengaluru,16,0,
TXN101916,2026-09-03 16:07:01,USER100353,USER102166,2198.82,Food & Dining,Android,Delhi,16,0,
TXN101917,2026-09-03 16:08:39,USER101609,USER102447,354.66,Fuel,Android,Delhi,16,0,
TXN101918,2026-09-03 16:09:07,USER102899,MERCH201482,564.1,Travel,Android,Patna,16,0,
TXN101919,2026-09-03 16:09:34,USER100451,MERCH201086,211.39,Fuel,Android,Mumbai,16,0,
TXN101920,2026-09-03 16:10:08,USER100755,USER100871,98.38,Healthcare,Android,Ahmedabad,16,0,
TXN101921,2026-09-03 16:10:50,USER102689,USER102660,161.42,Entertainment,Android,Ahmedabad,16,0,
TXN101922,2026-09-03 16:12:11,USER101231,USER100059,338.87,Mobile Recharge,iOS,Bengaluru,16,0,
TXN101923,2026-09-03 16:14:08,USER102538,USER100811,2551.06,Food & Dining,Android,Delhi,16,0,
TXN101924,2026-09-03 16:15:12,USER102830,MERCH201254,478.94,Mobile Recharge,Android,Chennai,16,0,
TXN101925,2026-09-03 16:16:27,USER100338,USER101408,388.16,Food & Dining,iOS,Chennai,16,0,
TXN101926,2026-09-03 16:16:42,USER102369,MERCH200131,253.66,Food & Dining,Android,Delhi,16,0,
TXN101927,2026-09-03 16:18:47,USER102555,MERCH200576,34.22,Fuel,Android,Kolkata,16,0,
TXN101928,2026-09-03 16:19:46,USER102503,USER100898,206.86,P2P Transfer,Android,Bengaluru,16,0,
TXN101929,2026-09-03 16:24:01,USER101117,USER102383,408.27,Travel,Android,Bengaluru,16,0,
TXN101930,2026-09-03 16:30:16,USER101472,USER102653,865.94,P2P Transfer,Android,Mumbai,16,0,
TXN101931,2026-09-03 16:32:25,USER102894,MERCH201074,348.92,Shopping,iOS,Delhi,16,0,
TXN101932,2026-09-03 16:33:20,USER100510,MERCH201113,244.66,Travel,Android,Bengaluru,16,0,
TXN101933,2026-09-03 16:36:48,USER100721,MERCH200303,65632.92,Utility Bills,New Device,Lucknow,16,1,new_device_high
TXN101934,2026-09-03 16:37:28,USER100722,USER101395,5064.65,P2P Transfer,Android,Mumbai,16,0,
TXN101935,2026-09-03 16:37:54,USER102986,MERCH200769,501.86,Entertainment,Android,Mumbai,16,0,
TXN101936,2026-09-03 16:39:19,USER100593,USER100591,210.61,Food & Dining,Android,Mumbai,16,0,
TXN101937,2026-09-03 16:41:05,USER101303,USER100647,366.78,Grocery,Android,Bengaluru,16,0,
TXN101938,2026-09-03 16:41:16,USER102930,USER100255,163.02,Fuel,Android,Bengaluru,16,0,
TXN101939,2026-09-03 16:45:32,USER102872,MERCH200944,26.53,Travel,Android,Jaipur,16,0,
TXN101940,2026-09-03 16:45:55,USER102106,USER101673,627.9,Travel,Android,Pune,16,0,
TXN101941,2026-09-03 16:50:05,USER102338,USER102318,2595.66,Travel,iOS,Hyderabad,16,0,
TXN101942,2026-09-03 16:52:03,USER102435,USER102070,46.25,Utility Bills,Android,Bengaluru,16,0,
TXN101943,2026-09-03 16:54:07,USER101051,MERCH201178,692.34,Healthcare,Android,Kolkata,16,0,
TXN101944,2026-09-03 16:56:54,USER102582,USER102089,175.01,Fuel,Android,Delhi,16,0,
TXN101945,2026-09-03 16:57:04,USER101530,USER100838,959.95,Healthcare,Android,Mumbai,16,0,
TXN101946,2026-09-03 16:58:27,USER100807,USER101784,436.35,Travel,Android,Delhi,16,0,
TXN101947,2026-09-03 16:58:52,USER100917,USER101291,350.13,Grocery,iOS,Delhi,16,0,
TXN101948,2026-09-03 17:01:11,USER101496,MERCH201285,715.49,Fuel,Android,Mumbai,17,0,
TXN101949,2026-09-03 17:01:54,USER102560,MERCH201351,95.56,Fuel,Android,Mumbai,17,0,
TXN101950,2026-09-03 17:02:05,USER102512,MERCH200843,77.72,Healthcare,Android,Delhi,17,0,
TXN101951,2026-09-03 17:02:16,USER100138,USER100205,1352.4,Travel,iOS,Kolkata,17,0,
TXN101952,2026-09-03 17:06:25,USER102124,USER100243,231.57,Travel,Android,Mumbai,17,0,
TXN101953,2026-09-03 17:07:48,USER101972,MERCH200857,672.32,Utility Bills,iOS,Bengaluru,17,0,
TXN101954,2026-09-03 17:08:41,USER100730,USER100891,441.86,Entertainment,Android,Delhi,17,0,
TXN101955,2026-09-03 17:09:45,USER101927,USER101728,97.26,Food & Dining,Android,Delhi,17,0,
TXN101956,2026-09-03 17:10:51,USER102165,MERCH201198,253.8,Grocery,Android,Pune,17,0,
TXN101957,2026-09-03 17:13:44,USER102418,MERCH200884,682.08,Utility Bills,Android,Jaipur,17,0,
TXN101958,2026-09-03 17:13:57,USER102787,USER102864,120.39,P2P Transfer,Android,Mumbai,17,0,
TXN101959,2026-09-03 17:16:52,USER101497,USER100594,554.03,Mobile Recharge,Android,Lucknow,17,0,
TXN101960,2026-09-03 17:21:31,USER100903,USER102971,143.5,Food & Dining,Android,Kolkata,17,0,
TXN101961,2026-09-03 17:23:37,USER102619,USER100242,640.88,Utility Bills,Android,Mumbai,17,0,
TXN101962,2026-09-03 17:24:37,USER100214,USER101181,90.14,Shopping,iOS,Mumbai,17,0,
TXN101963,2026-09-03 17:24:52,USER102946,USER101195,180.65,Mobile Recharge,Android,Patna,17,0,
TXN101964,2026-09-03 17:25:37,USER101240,MERCH200920,49.11,P2P Transfer,iOS,Ahmedabad,17,0,
TXN101965,2026-09-03 17:28:50,USER100788,USER101435,356.68,Healthcare,Android,Delhi,17,0,
TXN101966,2026-09-03 17:32:35,USER100780,USER102013,331.45,Food & Dining,Android,Chennai,17,0,
TXN101967,2026-09-03 17:32:39,USER100631,USER101002,833.77,Utility Bills,Android,Pune,17,0,
TXN101968,2026-09-03 17:34:10,USER102813,MERCH201424,210.83,Mobile Recharge,Android,Kolkata,17,0,
TXN101969,2026-09-03 17:37:05,USER102085,USER102047,810.0,Mobile Recharge,iOS,Delhi,17,0,
TXN101970,2026-09-03 17:37:55,USER102191,USER100648,500.95,Entertainment,Android,Mumbai,17,0,
TXN101971,2026-09-03 17:39:46,USER102345,USER101916,342.87,Travel,Android,Mumbai,17,0,
TXN101972,2026-09-03 17:40:23,USER101035,MERCH200989,187.06,Shopping,Android,Ahmedabad,17,0,
TXN101973,2026-09-03 17:42:58,USER100615,USER100238,404.24,Travel,Android,Ahmedabad,17,0,
TXN101974,2026-09-03 17:44:12,USER102634,USER100668,220.98,Mobile Recharge,Android,Bengaluru,17,0,
TXN101975,2026-09-03 17:44:55,USER101398,USER101973,852.21,Travel,Android,Kolkata,17,0,
TXN101976,2026-09-03 17:47:39,USER100943,MERCH201089,614.98,Mobile Recharge,Android,Chennai,17,0,
TXN101977,2026-09-03 17:49:02,USER102531,MERCH201151,190.26,Grocery,Android,Bengaluru,17,0,
TXN101978,2026-09-03 17:51:42,USER102928,USER101901,89.59,Fuel,Android,Mumbai,17,0,
TXN101979,2026-09-03 17:52:06,USER101186,MERCH200346,1389.6,Shopping,Android,Indore,17,0,
TXN101980,2026-09-03 17:52:35,USER100658,USER102455,207.87,Shopping,Android,Patna,17,0,
TXN101981,2026-09-03 17:53:02,USER101983,MERCH200243,292.18,Travel,iOS,Delhi,17,0,
TXN101982,2026-09-03 17:53:08,USER101549,USER101868,262.88,Mobile Recharge,Android,Bengaluru,17,0,
TXN101983,2026-09-03 17:54:08,USER101027,USER101428,198.0,Healthcare,Android,Delhi,17,0,
TXN101984,2026-09-03 17:54:20,USER101945,MERCH200466,925.31,Entertainment,Android,Delhi,17,0,
TXN101985,2026-09-03 17:54:34,USER101780,USER100562,289.37,P2P Transfer,Android,Hyderabad,17,0,
TXN101986,2026-09-03 17:55:32,USER102505,MERCH200843,109.77,Fuel,iOS,Mumbai,17,0,
TXN101987,2026-09-03 17:56:13,USER102784,USER102741,1160.39,Utility Bills,Android,Delhi,17,0,
TXN101988,2026-09-03 17:56:39,USER100032,MERCH200775,115.85,Grocery,iOS,Kolkata,17,0,
TXN101989,2026-09-03 17:57:04,USER101410,USER100811,102.0,P2P Transfer,Android,Delhi,17,0,
TXN101990,2026-09-03 17:57:37,USER101016,MERCH200381,276.65,P2P Transfer,Android,Bengaluru,17,0,
TXN101991,2026-09-03 17:58:19,USER101433,USER101665,259.55,Travel,Android,Hyderabad,17,0,
TXN101992,2026-09-03 18:00:13,USER101416,USER100369,161.38,Mobile Recharge,Android,Bengaluru,18,0,
TXN101993,2026-09-03 18:01:19,USER100885,MERCH201251,90.46,Entertainment,Android,Hyderabad,18,0,
TXN101994,2026-09-03 18:01:28,USER101975,MERCH200565,1021.43,Food & Dining,iOS,Mumbai,18,0,
TXN101995,2026-09-03 18:01:29,USER101244,USER100488,88.0,Utility Bills,Android,Chennai,18,0,
TXN101996,2026-09-03 18:02:53,USER101631,USER102501,114.99,Grocery,Android,Delhi,18,0,
TXN101997,2026-09-03 18:04:23,USER101295,USER102928,284.77,Travel,Android,Mumbai,18,0,
TXN101998,2026-09-03 18:08:31,USER101644,USER101505,1596.16,Mobile Recharge,Android,Bengaluru,18,0,
TXN101999,2026-09-03 18:10:37,USER101161,USER102999,94.22,Shopping,iOS,Ahmedabad,18,0,
TXN102000,2026-09-03 18:11:23,USER100798,USER100080,323.41,Shopping,Android,Delhi,18,0,
TXN102001,2026-09-03 18:11:39,USER100676,USER100141,1778.44,Food & Dining,Android,Delhi,18,0,
TXN102002,2026-09-03 18:14:10,USER100449,USER102074,4942.83,Grocery,Android,Mumbai,18,0,
TXN102003,2026-09-03 18:14:32,USER100441,USER101265,175.39,Mobile Recharge,Android,Delhi,18,0,
TXN102004,2026-09-03 18:15:39,USER102098,USER101646,233.0,Entertainment,Android,Hyderabad,18,0,
TXN102005,2026-09-03 18:16:18,USER102949,USER101074,244.5,Travel,Android,Delhi,18,0,
TXN102006,2026-09-03 18:16:54,USER102029,USER101473,181.51,Healthcare,iOS,Ahmedabad,18,0,
TXN102007,2026-09-03 18:19:26,USER101171,USER100504,369.21,Travel,Android,Chennai,18,0,
TXN102008,2026-09-03 18:20:44,USER101311,MERCH201167,223.24,Shopping,Android,Ahmedabad,18,0,
TXN102009,2026-09-03 18:21:24,USER100412,USER100461,357.14,Healthcare,Android,Lucknow,18,0,
TXN102010,2026-09-03 18:22:14,USER101917,USER102695,1131.66,Food & Dining,Android,Jaipur,18,0,
TXN102011,2026-09-03 18:22:34,USER102895,USER101234,513.98,Fuel,Android,Mumbai,18,0,
TXN102012,2026-09-03 18:24:23,USER101201,USER102461,1233.11,Healthcare,Android,Mumbai,18,0,
TXN102013,2026-09-03 18:25:02,USER100119,USER102083,75.05,Mobile Recharge,Android,Patna,18,0,
TXN102014,2026-09-03 18:25:22,USER101644,USER100736,107.2,Mobile Recharge,Android,Indore,18,0,
TXN102015,2026-09-03 18:26:22,USER101118,MERCH200990,108.85,Entertainment,Android,Delhi,18,0,
TXN102016,2026-09-03 18:27:35,USER102235,USER100220,737.46,Mobile Recharge,Android,Mumbai,18,0,
TXN102017,2026-09-03 18:28:03,USER100955,MERCH201211,132.64,Entertainment,Android,Ahmedabad,18,0,
TXN102018,2026-09-03 18:28:27,USER101046,MERCH200313,108.15,Utility Bills,iOS,Bengaluru,18,0,
TXN102019,2026-09-03 18:28:43,USER101218,USER102357,551.31,Healthcare,Android,Indore,18,0,
TXN102020,2026-09-03 18:29:35,USER101477,USER102946,822.74,Mobile Recharge,Android,Hyderabad,18,0,
TXN102021,2026-09-03 18:29:57,USER102847,USER102466,764.53,Food & Dining,iOS,Kolkata,18,0,
TXN102022,2026-09-03 18:33:11,USER100566,MERCH201243,858.48,Shopping,iOS,Jaipur,18,0,
TXN102023,2026-09-03 18:33:56,USER100702,MERCH201122,310.75,Entertainment,Android,Mumbai,18,0,
TXN102024,2026-09-03 18:34:44,USER100968,USER100483,147.1,Entertainment,Android,Indore,18,0,
TXN102025,2026-09-03 18:35:01,USER102472,USER100340,695.08,Healthcare,Android,Indore,18,0,
TXN102026,2026-09-03 18:36:06,USER102521,USER102131,400.65,Utility Bills,Android,Delhi,18,0,
TXN102027,2026-09-03 18:36:45,USER101218,USER101611,484.56,Fuel,iOS,Chennai,18,0,
TXN102028,2026-09-03 18:37:20,USER101473,USER101467,27.98,Entertainment,iOS,Bengaluru,18,0,
TXN102029,2026-09-03 18:38:02,USER102143,MERCH200419,384.07,Utility Bills,Android,Delhi,18,0,
TXN102030,2026-09-03 18:38:35,USER100466,USER101560,145.33,Food & Dining,Android,Kolkata,18,0,
TXN102031,2026-09-03 18:41:38,USER100805,MERCH200106,286.21,Travel,Android,Delhi,18,0,
TXN102032,2026-09-03 18:42:43,USER100757,USER100381,346.59,Entertainment,iOS,Bengaluru,18,0,
TXN102033,2026-09-03 18:43:40,USER102193,USER100648,152.73,Shopping,Android,Kolkata,18,0,
TXN102034,2026-09-03 18:43:55,USER100961,MERCH201225,355.18,Mobile Recharge,iOS,Chennai,18,0,
TXN102035,2026-09-03 18:44:08,USER101696,USER100236,350.14,Grocery,Android,Delhi,18,0,
TXN102036,2026-09-03 18:45:12,USER102736,USER101153,719.4,Mobile Recharge,Android,Kolkata,18,0,
TXN102037,2026-09-03 18:46:24,USER102449,MERCH201489,54.82,Food & Dining,Android,Delhi,18,0,
TXN102038,2026-09-03 18:48:46,USER102913,USER100674,2436.81,Shopping,Android,Hyderabad,18,0,
TXN102039,2026-09-03 18:50:10,USER101986,USER100327,240.75,P2P Transfer,Android,Delhi,18,0,
TXN102040,2026-09-03 18:51:14,USER102897,USER101137,428.23,Travel,iOS,Delhi,18,0,
TXN102041,2026-09-03 18:52:04,USER101417,USER101925,272.43,Fuel,Android,Bengaluru,18,0,
TXN102042,2026-09-03 18:55:13,USER101216,MERCH200935,281.12,Fuel,Android,Delhi,18,0,
TXN102043,2026-09-03 18:56:30,USER102511,USER102613,142.58,Fuel,Android,Lucknow,18,0,
TXN102044,2026-09-03 18:56:57,USER101467,USER102669,1778.93,Healthcare,Android,Bengaluru,18,0,
TXN102045,2026-09-03 18:57:24,USER100955,MERCH200216,141.93,Mobile Recharge,Android,Hyderabad,18,0,
TXN102046,2026-09-03 18:58:22,USER102827,MERCH200374,50.69,Grocery,Android,Hyderabad,18,0,
TXN102047,2026-09-03 18:59:24,USER100858,USER100177,50000.0,Grocery,Android,Chennai,18,1,round_number
TXN102048,2026-09-03 19:00:45,USER102992,USER101973,297.66,Travel,Android,Lucknow,19,0,
TXN102049,2026-09-03 19:00:58,USER101900,USER102281,218.99,Travel,iOS,Mumbai,19,0,
TXN102050,2026-09-03 19:01:09,USER100782,MERCH200934,65.86,Utility Bills,Android,Kolkata,19,0,
TXN102051,2026-09-03 19:02:18,USER101973,USER101945,625.31,Entertainment,Android,Pune,19,0,
TXN102052,2026-09-03 19:02:20,USER102152,USER101034,137.34,Healthcare,iOS,Mumbai,19,0,
TXN102053,2026-09-03 19:03:02,USER102612,USER102066,1287.36,Utility Bills,Android,Indore,19,0,
TXN102054,2026-09-03 19:03:02,USER102913,USER101111,161.87,P2P Transfer,Android,Mumbai,19,0,
TXN102055,2026-09-03 19:03:25,USER102213,USER100377,473.85,Healthcare,Android,Mumbai,19,0,
TXN102056,2026-09-03 19:03:52,USER102778,USER101234,165.64,Entertainment,Android,Hyderabad,19,0,
TXN102057,2026-09-03 19:04:26,USER102303,USER100790,330.5,Utility Bills,Android,Jaipur,19,0,
TXN102058,2026-09-03 19:04:39,USER100072,USER102396,3351.98,Healthcare,iOS,Pune,19,0,
TXN102059,2026-09-03 19:05:32,USER102314,USER100210,808.39,Grocery,Android,Bengaluru,19,0,
TXN102060,2026-09-03 19:06:45,USER100189,USER102510,77.71,Food & Dining,iOS,Bengaluru,19,0,
TXN102061,2026-09-03 19:08:46,USER102441,USER102395,808.01,Entertainment,Android,Hyderabad,19,0,
TXN102062,2026-09-03 19:08:50,USER101580,MERCH200167,137.52,Fuel,Android,Pune,19,0,
TXN102063,2026-09-03 19:10:42,USER102985,USER100976,70.25,Grocery,Android,Delhi,19,0,
TXN102064,2026-09-03 19:10:43,USER100407,MERCH200245,767.73,Entertainment,Android,Pune,19,0,
TXN102065,2026-09-03 19:10:56,USER102474,MERCH200879,109.25,Fuel,Android,Bengaluru,19,0,
TXN102066,2026-09-03 19:12:35,USER100532,USER101229,3080.33,Healthcare,Android,Mumbai,19,0,
TXN102067,2026-09-03 19:13:27,USER101220,MERCH200093,1362.31,Food & Dining,Android,Patna,19,0,
TXN102068,2026-09-03 19:13:41,USER102930,USER102897,150.08,Healthcare,Android,Pune,19,0,
TXN102069,2026-09-03 19:14:17,USER100105,USER100392,697.12,Grocery,Android,Hyderabad,19,0,
TXN102070,2026-09-03 19:15:34,USER100188,MERCH201242,116.99,Fuel,Android,Mumbai,19,0,
TXN102071,2026-09-03 19:17:52,USER100178,USER100130,174.87,Utility Bills,Android,Hyderabad,19,0,
TXN102072,2026-09-03 19:17:58,USER102952,MERCH201285,1698.86,Shopping,Android,Pune,19,0,
TXN102073,2026-09-03 19:20:48,USER100721,USER101052,1331.31,Grocery,Android,Patna,19,0,
TXN102074,2026-09-03 19:22:02,USER102020,USER102263,363.73,Entertainment,Android,Delhi,19,0,
TXN102075,2026-09-03 19:22:24,USER102376,MERCH200853,781.56,Food & Dining,iOS,Mumbai,19,0,
TXN102076,2026-09-03 19:24:00,USER102328,MERCH200417,715.57,Grocery,Android,Bengaluru,19,0,
TXN102077,2026-09-03 19:24:55,USER102082,USER102473,1891.93,Utility Bills,Android,Ahmedabad,19,0,
TXN102078,2026-09-03 19:27:07,USER102711,USER100308,564.43,Utility Bills,Android,Bengaluru,19,0,
TXN102079,2026-09-03 19:27:31,USER100642,USER101401,516.71,P2P Transfer,Android,Bengaluru,19,0,
TXN102080,2026-09-03 19:28:36,USER100868,USER100240,233.39,Utility Bills,Android,Bengaluru,19,0,
TXN102081,2026-09-03 19:29:15,USER102828,USER101037,284.38,Food & Dining,Android,Hyderabad,19,0,
TXN102082,2026-09-03 19:29:18,USER101432,MERCH201358,405.36,P2P Transfer,Android,Lucknow,19,0,
TXN102083,2026-09-03 19:30:36,USER101357,USER102638,193.22,Travel,Android,Mumbai,19,0,
TXN102084,2026-09-03 19:31:47,USER100249,MERCH201267,112.23,Entertainment,Android,Delhi,19,0,
TXN102085,2026-09-03 19:31:52,USER100643,MERCH200739,402.96,Fuel,Android,Delhi,19,0,
TXN102086,2026-09-03 19:32:44,USER101076,USER101435,78.36,Grocery,Android,Delhi,19,0,
TXN102087,2026-09-03 19:33:48,USER101914,USER101616,98.88,Mobile Recharge,Android,Mumbai,19,0,
TXN102088,2026-09-03 19:33:54,USER101044,MERCH200893,758.28,P2P Transfer,Android,Patna,19,0,
TXN102089,2026-09-03 19:34:11,USER102715,USER102706,972.49,Travel,Android,Kolkata,19,0,
TXN102090,2026-09-03 19:38:36,USER100305,USER100834,23.58,Entertainment,iOS,Pune,19,0,
TXN102091,2026-09-03 19:41:22,USER100166,MERCH200052,194.75,Utility Bills,iOS,Patna,19,0,
TXN102092,2026-09-03 19:43:56,USER100614,USER102132,724.74,Food & Dining,Android,Jaipur,19,0,
TXN102093,2026-09-03 19:44:17,USER101377,USER102875,800.08,Healthcare,iOS,Hyderabad,19,0,
TXN102094,2026-09-03 19:47:16,USER102861,USER101417,262.71,Shopping,Android,Delhi,19,0,
TXN102095,2026-09-03 19:47:20,USER101778,USER101904,799.51,Grocery,iOS,Hyderabad,19,0,
TXN102096,2026-09-03 19:47:39,USER101832,USER102736,972.72,Grocery,Android,Ahmedabad,19,0,
TXN102097,2026-09-03 19:48:12,USER101371,MERCH200727,109.16,Shopping,Android,Hyderabad,19,0,
TXN102098,2026-09-03 19:50:23,USER101922,USER100596,1026.05,Shopping,Android,Kolkata,19,0,
TXN102099,2026-09-03 19:53:12,USER102627,MERCH200513,146.28,Healthcare,Android,Delhi,19,0,
TXN102100,2026-09-03 19:53:49,USER102666,MERCH200099,154.46,Shopping,Android,Patna,19,0,
TXN102101,2026-09-03 19:55:05,USER100421,USER100140,394.36,Mobile Recharge,Android,Delhi,19,0,
TXN102102,2026-09-03 19:57:31,USER100493,USER102080,3032.14,Healthcare,iOS,Delhi,19,0,
TXN102103,2026-09-03 19:57:41,USER101702,MERCH200368,1222.22,Utility Bills,Android,Ahmedabad,19,0,
TXN102104,2026-09-03 19:58:24,USER102305,MERCH200294,183.36,Healthcare,Android,Delhi,19,0,
TXN102105,2026-09-03 20:03:04,USER100398,USER102544,1034.74,Mobile Recharge,Android,Pune,20,0,
TXN102106,2026-09-03 20:03:54,USER101628,USER101957,110.82,Utility Bills,Android,Jaipur,20,0,
TXN102107,2026-09-03 20:04:08,USER102016,USER101178,748.48,P2P Transfer,Android,Bengaluru,20,0,
TXN102108,2026-09-03 20:04:49,USER100988,USER101140,132.55,Healthcare,Android,Pune,20,0,
TXN102109,2026-09-03 20:04:54,USER101249,USER102599,100000.0,P2P Transfer,Android,Hyderabad,20,1,round_number
TXN102110,2026-09-03 20:05:31,USER100229,USER102816,99.92,Food & Dining,Android,Bengaluru,20,0,
TXN102111,2026-09-03 20:06:56,USER100283,USER101963,546.15,Healthcare,Android,Delhi,20,0,
TXN102112,2026-09-03 20:07:25,USER100209,MERCH201109,236.53,Food & Dining,Android,Kolkata,20,0,
TXN102113,2026-09-03 20:08:34,USER100266,USER102262,61.71,Grocery,Android,Chennai,20,0,
TXN102114,2026-09-03 20:09:34,USER100343,USER102598,489.07,Healthcare,Android,Hyderabad,20,0,
TXN102115,2026-09-03 20:10:18,USER102878,USER102493,421.65,Healthcare,Android,Hyderabad,20,0,
TXN102116,2026-09-03 20:10:36,USER101083,USER101567,736.23,Healthcare,Android,Chennai,20,0,
TXN102117,2026-09-03 20:10:47,USER102634,USER102759,120.91,Entertainment,Android,Ahmedabad,20,0,
TXN102118,2026-09-03 20:12:36,USER100929,USER100209,317.01,P2P Transfer,Android,Delhi,20,0,
TXN102119,2026-09-03 20:13:21,USER102083,USER100677,15.88,Food & Dining,Android,Chennai,20,0,
TXN102120,2026-09-03 20:13:45,USER101123,USER100993,792.65,Travel,Android,Bengaluru,20,0,
TXN102121,2026-09-03 20:14:36,USER102407,USER100403,78.92,Travel,Android,Kolkata,20,0,
TXN102122,2026-09-03 20:16:38,USER100549,USER102806,950.65,Mobile Recharge,Android,Ahmedabad,20,0,
TXN102123,2026-09-03 20:20:28,USER100927,USER100970,1854.46,Shopping,Android,Delhi,20,0,
TXN102124,2026-09-03 20:20:31,USER101149,USER102214,92.3,Grocery,Android,Ahmedabad,20,0,
TXN102125,2026-09-03 20:23:42,USER102350,USER100352,184.1,Shopping,iOS,Mumbai,20,0,
TXN102126,2026-09-03 20:27:40,USER101424,USER100322,510.16,Grocery,Android,Ahmedabad,20,0,
TXN102127,2026-09-03 20:28:06,USER100035,USER100685,123.83,Shopping,Android,Chennai,20,0,
TXN102128,2026-09-03 20:28:10,USER102833,USER101525,182.34,Shopping,Android,Delhi,20,0,
TXN102129,2026-09-03 20:28:38,USER100591,MERCH200298,6570.11,Healthcare,Android,Bengaluru,20,0,
TXN102130,2026-09-03 20:28:45,USER101506,MERCH201068,149.04,Mobile Recharge,Android,Jaipur,20,0,
TXN102131,2026-09-03 20:30:42,USER100682,USER100073,157.58,Shopping,Android,Pune,20,0,
TXN102132,2026-09-03 20:31:10,USER101501,USER101005,434.12,Food & Dining,Android,Kolkata,20,0,
TXN102133,2026-09-03 20:32:53,USER100423,MERCH201107,969.99,Grocery,Android,Indore,20,0,
TXN102134,2026-09-03 20:33:48,USER101560,MERCH200427,4984.58,Entertainment,Android,Chennai,20,0,
TXN102135,2026-09-03 20:33:51,USER102232,MERCH201396,530.83,Healthcare,Android,Mumbai,20,0,
TXN102136,2026-09-03 20:34:28,USER102638,MERCH201068,23.48,P2P Transfer,Android,Delhi,20,0,
TXN102137,2026-09-03 20:36:23,USER100482,USER102979,834.91,Fuel,Android,Mumbai,20,0,
TXN102138,2026-09-03 20:36:42,USER102664,USER100010,264.72,Grocery,Android,Kolkata,20,0,
TXN102139,2026-09-03 20:36:52,USER101941,USER102961,470.89,Fuel,Android,Delhi,20,0,
TXN102140,2026-09-03 20:40:23,USER102531,USER100988,196.04,Mobile Recharge,iOS,Mumbai,20,0,
TXN102141,2026-09-03 20:41:44,USER100710,MERCH200411,166.14,Food & Dining,Android,Delhi,20,0,
TXN102142,2026-09-03 20:45:14,USER102509,USER100907,119.64,Grocery,Android,Ahmedabad,20,0,
TXN102143,2026-09-03 20:47:09,USER100058,USER101155,276.75,Food & Dining,Android,Bengaluru,20,0,
TXN102144,2026-09-03 20:47:39,USER102413,USER102949,616.83,Food & Dining,Android,Delhi,20,0,
TXN102145,2026-09-03 20:48:06,USER102010,USER100271,882.97,Grocery,iOS,Hyderabad,20,0,
TXN102146,2026-09-03 20:49:45,USER100914,USER100441,54.48,Entertainment,Android,Bengaluru,20,0,
TXN102147,2026-09-03 20:49:57,USER102695,USER102235,47.66,Healthcare,iOS,Delhi,20,0,
TXN102148,2026-09-03 20:49:59,USER102791,MERCH200679,584.17,P2P Transfer,Android,Jaipur,20,0,
TXN102149,2026-09-03 20:50:03,USER102522,USER100692,142.92,Healthcare,Android,Mumbai,20,0,
TXN102150,2026-09-03 20:52:38,USER102392,USER100939,80.63,Mobile Recharge,Android,Delhi,20,0,
TXN102151,2026-09-03 20:56:04,USER101153,USER102484,1470.12,Mobile Recharge,Android,Hyderabad,20,0,
TXN102152,2026-09-03 20:56:46,USER102697,USER100786,1128.14,Food & Dining,Android,Pune,20,0,
TXN102153,2026-09-03 20:57:50,USER102145,MERCH200510,430.99,Travel,Android,Mumbai,20,0,
TXN102154,2026-09-03 21:03:02,USER100795,USER101862,83.6,P2P Transfer,Android,Mumbai,21,0,
TXN102155,2026-09-03 21:03:03,USER101467,USER102725,833.57,Food & Dining,Android,Bengaluru,21,0,
TXN102156,2026-09-03 21:06:57,USER100065,USER101020,473.65,Shopping,Android,Chennai,21,0,
TXN102157,2026-09-03 21:09:20,USER100876,USER100653,192.75,Fuel,Android,Pune,21,0,
TXN102158,2026-09-03 21:15:09,USER100511,USER101559,128.9,Entertainment,Android,Delhi,21,0,
TXN102159,2026-09-03 21:15:20,USER101271,MERCH200337,363.49,Entertainment,Android,Mumbai,21,0,
TXN102160,2026-09-03 21:17:42,USER101688,USER101670,1399.03,Entertainment,iOS,Bengaluru,21,0,
TXN102161,2026-09-03 21:19:37,USER100464,USER102723,374.02,Travel,iOS,Patna,21,0,
TXN102162,2026-09-03 21:20:21,USER100118,USER101040,932.26,Entertainment,Android,Pune,21,0,
TXN102163,2026-09-03 21:26:09,USER101075,USER101988,386.52,Shopping,Android,Hyderabad,21,0,
TXN102164,2026-09-03 21:27:23,USER102178,MERCH200693,1049.57,Shopping,iOS,Bengaluru,21,0,
TXN102165,2026-09-03 21:27:34,USER100618,USER101222,239.1,Shopping,Android,Jaipur,21,0,
TXN102166,2026-09-03 21:27:38,USER100459,MERCH200479,138.67,Fuel,Android,Lucknow,21,0,
TXN102167,2026-09-03 21:30:04,USER100364,MERCH200867,2351.58,Food & Dining,Android,Mumbai,21,0,
TXN102168,2026-09-03 21:30:34,USER101331,MERCH201346,325.58,Food & Dining,Android,Chennai,21,0,
TXN102169,2026-09-03 21:30:43,USER100330,USER102744,335.03,Fuel,Android,Kolkata,21,0,
TXN102170,2026-09-03 21:30:45,USER101590,USER100252,521.47,Food & Dining,Android,Jaipur,21,0,
TXN102171,2026-09-03 21:34:16,USER100542,USER100510,1785.34,Travel,Android,Delhi,21,0,
TXN102172,2026-09-03 21:36:27,USER101258,MERCH201161,319.89,Fuel,Android,Delhi,21,0,
TXN102173,2026-09-03 21:39:08,USER102246,MERCH200962,105.49,Mobile Recharge,Android,Jaipur,21,0,
TXN102174,2026-09-03 21:40:42,USER100880,USER100669,308.26,Healthcare,iOS,Bengaluru,21,0,
TXN102175,2026-09-03 21:46:00,USER100450,USER102952,1756.0,Mobile Recharge,Android,Hyderabad,21,0,
TXN102176,2026-09-03 21:46:58,USER102450,USER101613,480.38,Healthcare,Android,Hyderabad,21,0,
TXN102177,2026-09-03 21:49:01,USER101621,USER100221,1274.74,Healthcare,Android,Delhi,21,0,
TXN102178,2026-09-03 21:53:20,USER100478,USER100512,372.51,Travel,Android,Jaipur,21,0,
TXN102179,2026-09-03 21:54:04,USER100832,USER100995,91.14,Entertainment,iOS,Jaipur,21,0,
TXN102180,2026-09-03 21:58:28,USER101157,MERCH200692,746.38,Fuel,Android,Delhi,21,0,
TXN102181,2026-09-03 22:06:39,USER100927,MERCH201214,233.35,Utility Bills,iOS,Delhi,22,0,
TXN102182,2026-09-03 22:13:35,USER101343,USER100148,132.91,Mobile Recharge,Android,Mumbai,22,0,
TXN102183,2026-09-03 22:15:49,USER100642,USER100817,417.87,Healthcare,Android,Indore,22,0,
TXN102184,2026-09-03 22:24:14,USER102582,USER100461,241.74,Shopping,Android,Chennai,22,0,
TXN102185,2026-09-03 22:25:16,USER101810,USER102795,601.86,Entertainment,Android,Jaipur,22,0,
TXN102186,2026-09-03 22:25:28,USER101023,USER102160,281.87,Mobile Recharge,Android,Delhi,22,0,
TXN102187,2026-09-03 22:31:04,USER102937,USER102762,449.48,Food & Dining,Android,Delhi,22,0,
TXN102188,2026-09-03 22:39:15,USER102011,MERCH200456,36.47,Fuel,Android,Indore,22,0,
TXN102189,2026-09-03 22:44:20,USER101696,MERCH200900,221.86,Food & Dining,iOS,Mumbai,22,0,
TXN102190,2026-09-03 22:46:54,USER100845,MERCH200422,252.69,Shopping,Android,Jaipur,22,0,
TXN102191,2026-09-03 22:47:19,USER100565,USER102609,526.68,Travel,Android,Mumbai,22,0,
TXN102192,2026-09-03 22:47:27,USER101169,USER102652,655.01,Shopping,Android,Ahmedabad,22,0,
TXN102193,2026-09-03 22:50:36,USER101933,USER100725,541.83,Shopping,iOS,Chennai,22,0,
TXN102194,2026-09-03 22:51:03,USER100109,USER102384,563.67,P2P Transfer,Android,Hyderabad,22,0,
TXN102195,2026-09-03 22:51:08,USER102522,MERCH201290,100.63,Travel,Android,Ahmedabad,22,0,
TXN102196,2026-09-03 22:53:10,USER102736,MERCH201049,885.16,Healthcare,Android,Delhi,22,0,
TXN102197,2026-09-03 22:54:19,USER101403,USER100170,484.56,Healthcare,Android,Delhi,22,0,
TXN102198,2026-09-03 23:01:35,USER101249,MERCH200029,106.45,Healthcare,Android,Pune,23,0,
TXN102199,2026-09-03 23:06:12,USER102379,MERCH201172,1304.85,Fuel,Android,Bengaluru,23,0,
TXN102200,2026-09-03 23:51:11,USER100608,USER100390,45.63,Utility Bills,Android,Pune,23,0,
TXN102201,2026-09-03 23:55:23,USER101207,USER102542,130.73,P2P Transfer,Android,Delhi,23,0,
TXN102202,2026-09-03 23:56:06,USER101682,USER102155,307.14,P2P Transfer,Android,Delhi,23,0,
TXN102203,2026-09-03 23:59:50,USER100741,USER100376,830.12,P2P Transfer,Android,Pune,23,0,
TXN102204,2026-09-04 00:01:00,USER100457,USER101627,7604.5,P2P Transfer,Android,Hyderabad,0,1,velocity_burst
TXN102205,2026-09-04 00:29:59,USER102333,USER101881,185.51,Healthcare,iOS,Bengaluru,0,0,
TXN102206,2026-09-04 00:35:37,USER101052,MERCH200741,175.19,P2P Transfer,iOS,Mumbai,0,0,
TXN102207,2026-09-04 00:40:15,USER101573,USER100729,316.71,Healthcare,Android,Chennai,0,0,
TXN102208,2026-09-04 00:44:46,USER100357,USER102582,360.7,Shopping,Android,Patna,0,0,
TXN102209,2026-09-04 01:41:24,USER101034,MERCH200528,173.36,P2P Transfer,iOS,Bengaluru,1,0,
TXN102210,2026-09-04 02:12:00,USER102217,USER100759,1655.1,P2P Transfer,Android,Jaipur,2,1,velocity_burst
TXN102211,2026-09-04 02:21:07,USER102924,USER102865,276.49,Travel,Android,Jaipur,2,0,
TXN102212,2026-09-04 02:52:00,USER101246,USER101103,48603.12,Grocery,iOS,Indore,2,1,odd_hour_high_amount
TXN102213,2026-09-04 03:12:29,USER102348,MERCH200822,459.02,P2P Transfer,Android,Bengaluru,3,0,
TXN102214,2026-09-04 03:47:00,USER101311,USER101086,36425.3,Fuel,Android,Hyderabad,3,1,odd_hour_high_amount
TXN102215,2026-09-04 03:50:00,USER100012,USER100618,40951.97,P2P Transfer,Android,Chennai,3,1,odd_hour_high_amount
TXN102216,2026-09-04 03:58:39,USER101742,MERCH200385,3190.02,P2P Transfer,iOS,Ahmedabad,3,0,
TXN102217,2026-09-04 04:15:38,USER100359,USER101536,38.35,Utility Bills,Android,Mumbai,4,0,
TXN102218,2026-09-04 04:44:00,USER102281,MERCH200264,45241.52,Food & Dining,Android,Delhi,4,1,odd_hour_high_amount
TXN102219,2026-09-04 04:56:00,USER101219,MERCH200941,15976.7,Utility Bills,Android,Ahmedabad,4,1,odd_hour_high_amount
TXN102220,2026-09-04 05:27:12,USER101834,USER101486,329.22,P2P Transfer,Android,Mumbai,5,0,
TXN102221,2026-09-04 06:01:00,USER100076,USER100676,6619.32,P2P Transfer,Android,Pune,6,1,velocity_burst
TXN102222,2026-09-04 06:11:41,USER101417,MERCH200326,6708.62,Entertainment,Android,Chennai,6,0,
TXN102223,2026-09-04 06:37:50,USER102629,MERCH200124,2689.23,Healthcare,iOS,Mumbai,6,0,
TXN102224,2026-09-04 06:38:38,USER101696,MERCH200242,676.86,Mobile Recharge,Android,Chennai,6,0,
TXN102225,2026-09-04 06:38:59,USER100862,MERCH201052,568.74,Fuel,iOS,Hyderabad,6,0,
TXN102226,2026-09-04 07:08:02,USER102800,USER100680,281.05,Travel,Android,Delhi,7,0,
TXN102227,2026-09-04 07:13:04,USER100948,MERCH201294,132.38,P2P Transfer,Android,Chennai,7,0,
TXN102228,2026-09-04 07:22:59,USER102535,MERCH200570,843.06,Travel,Android,Mumbai,7,0,
TXN102229,2026-09-04 07:31:14,USER100423,USER101867,847.77,P2P Transfer,Android,Chennai,7,0,
TXN102230,2026-09-04 07:32:18,USER100621,MERCH200735,1243.96,Travel,Android,Delhi,7,0,
TXN102231,2026-09-04 07:32:29,USER102387,MERCH201159,763.32,Healthcare,Android,Mumbai,7,0,
TXN102232,2026-09-04 07:34:43,USER102244,USER102600,718.42,Grocery,Android,Chennai,7,0,
TXN102233,2026-09-04 07:41:01,USER102975,MERCH200091,159.47,Food & Dining,Android,Pune,7,0,
TXN102234,2026-09-04 07:44:45,USER101767,MERCH200852,347.5,Fuel,Android,Bengaluru,7,0,
TXN102235,2026-09-04 07:50:44,USER100588,USER102022,783.54,Mobile Recharge,iOS,Mumbai,7,0,
TXN102236,2026-09-04 07:51:47,USER101384,USER102380,2485.83,Grocery,Android,Indore,7,0,
TXN102237,2026-09-04 07:54:37,USER102349,USER101879,698.8,Utility Bills,Android,Mumbai,7,0,
TXN102238,2026-09-04 08:03:56,USER101867,USER100870,185.93,Healthcare,Android,Bengaluru,8,0,
TXN102239,2026-09-04 08:04:38,USER102089,MERCH200330,917.49,Mobile Recharge,Android,Kolkata,8,0,
TXN102240,2026-09-04 08:05:08,USER100449,USER102544,255.82,Healthcare,Android,Hyderabad,8,0,
TXN102241,2026-09-04 08:07:16,USER100733,USER100465,163.8,Mobile Recharge,iOS,Chennai,8,0,
TXN102242,2026-09-04 08:07:53,USER101893,USER102271,425.64,Travel,Android,Delhi,8,0,
TXN102243,2026-09-04 08:10:38,USER100808,USER100700,178.81,P2P Transfer,Android,Delhi,8,0,
TXN102244,2026-09-04 08:10:44,USER100606,USER101203,7721.85,Travel,Android,Chennai,8,0,
TXN102245,2026-09-04 08:13:26,USER102674,USER101482,601.8,Shopping,Android,Lucknow,8,0,
TXN102246,2026-09-04 08:15:05,USER100357,USER101697,125.23,P2P Transfer,iOS,Chennai,8,0,
TXN102247,2026-09-04 08:16:03,USER101348,USER101326,268.52,P2P Transfer,Android,Hyderabad,8,0,
TXN102248,2026-09-04 08:16:13,USER100730,USER102678,143.85,Fuel,Android,Ahmedabad,8,0,
TXN102249,2026-09-04 08:22:14,USER101225,USER101149,49.79,Food & Dining,Android,Pune,8,0,
TXN102250,2026-09-04 08:26:27,USER102437,MERCH200489,309.18,Utility Bills,Android,Pune,8,0,
TXN102251,2026-09-04 08:30:14,USER102056,MERCH200608,56.48,Fuel,Android,Patna,8,0,
TXN102252,2026-09-04 08:34:27,USER101758,MERCH200189,128.83,Food & Dining,Android,Bengaluru,8,0,
TXN102253,2026-09-04 08:34:48,USER100081,USER100804,225.69,Utility Bills,Android,Chennai,8,0,
TXN102254,2026-09-04 08:36:02,USER101079,USER102947,3343.96,Mobile Recharge,Android,Ahmedabad,8,0,
TXN102255,2026-09-04 08:36:41,USER102575,MERCH200306,886.43,Grocery,Android,Pune,8,0,
TXN102256,2026-09-04 08:38:22,USER102630,USER100208,392.57,Healthcare,iOS,Mumbai,8,0,
TXN102257,2026-09-04 08:38:52,USER102900,USER100614,609.21,Shopping,Android,Pune,8,0,
TXN102258,2026-09-04 08:42:46,USER101267,MERCH201041,471.37,Travel,Android,Mumbai,8,0,
TXN102259,2026-09-04 08:42:57,USER100124,USER101998,3079.05,Food & Dining,Android,Mumbai,8,0,
TXN102260,2026-09-04 08:43:38,USER100393,MERCH200118,25375.03,Food & Dining,New Device,Bengaluru,8,1,new_device_high
TXN102261,2026-09-04 08:43:50,USER100942,USER102754,341.47,Fuel,Android,Bengaluru,8,0,
TXN102262,2026-09-04 08:43:57,USER101491,USER101420,691.23,Travel,Android,Kolkata,8,0,
TXN102263,2026-09-04 08:45:45,USER102813,MERCH200780,128.74,Shopping,Android,Delhi,8,0,
TXN102264,2026-09-04 08:46:10,USER101215,MERCH201116,128.26,Utility Bills,iOS,Mumbai,8,0,
TXN102265,2026-09-04 08:46:33,USER102908,MERCH200112,1275.58,Grocery,Android,Kolkata,8,0,
TXN102266,2026-09-04 08:46:39,USER100062,USER100088,344.4,Healthcare,Android,Bengaluru,8,0,
TXN102267,2026-09-04 08:49:31,USER102394,MERCH201228,276.67,Shopping,Android,Pune,8,0,
TXN102268,2026-09-04 08:51:51,USER101477,MERCH200547,75.04,Utility Bills,Android,Patna,8,0,
TXN102269,2026-09-04 08:54:04,USER102734,USER100388,159.99,Mobile Recharge,Android,Chennai,8,0,
TXN102270,2026-09-04 08:55:36,USER101026,USER100197,274.52,Healthcare,Android,Hyderabad,8,0,
TXN102271,2026-09-04 09:02:18,USER100446,MERCH200466,950.92,Shopping,Android,Lucknow,9,0,
TXN102272,2026-09-04 09:03:01,USER102619,USER100169,106.46,Healthcare,Android,Mumbai,9,0,
TXN102273,2026-09-04 09:03:20,USER101459,MERCH200933,141.13,Utility Bills,Android,Delhi,9,0,
TXN102274,2026-09-04 09:03:28,USER101796,USER100023,270.73,Utility Bills,iOS,Bengaluru,9,0,
TXN102275,2026-09-04 09:03:37,USER102351,MERCH200367,191.92,Utility Bills,iOS,Hyderabad,9,0,
TXN102276,2026-09-04 09:06:25,USER101725,USER102425,275.58,Travel,iOS,Mumbai,9,0,
TXN102277,2026-09-04 09:08:46,USER101503,MERCH200876,1526.43,Mobile Recharge,Android,Bengaluru,9,0,
TXN102278,2026-09-04 09:09:34,USER102069,MERCH201249,239.29,Entertainment,iOS,Ahmedabad,9,0,
TXN102279,2026-09-04 09:09:35,USER101804,USER102745,362.94,Shopping,Android,Indore,9,0,
TXN102280,2026-09-04 09:13:25,USER102221,USER102860,357.47,Travel,iOS,Chennai,9,0,
TXN102281,2026-09-04 09:15:50,USER101690,MERCH200038,1361.03,Grocery,Android,Delhi,9,0,
TXN102282,2026-09-04 09:16:27,USER100279,MERCH200718,476.63,Shopping,iOS,Delhi,9,0,
TXN102283,2026-09-04 09:18:01,USER102322,USER102165,4516.94,Grocery,Android,Kolkata,9,0,
TXN102284,2026-09-04 09:18:12,USER100851,USER101714,221.95,Grocery,iOS,Bengaluru,9,0,
TXN102285,2026-09-04 09:18:15,USER101354,MERCH200040,52.66,Fuel,iOS,Ahmedabad,9,0,
TXN102286,2026-09-04 09:18:36,USER100688,USER100024,206.63,Healthcare,Android,Mumbai,9,0,
TXN102287,2026-09-04 09:20:25,USER100234,USER100215,540.25,Travel,Android,Patna,9,0,
TXN102288,2026-09-04 09:20:40,USER102553,USER102384,610.41,Food & Dining,Android,Delhi,9,0,
TXN102289,2026-09-04 09:22:09,USER100203,MERCH201368,212.42,Grocery,Android,Delhi,9,0,
TXN102290,2026-09-04 09:22:12,USER102882,USER101250,603.8,Utility Bills,Android,Ahmedabad,9,0,
TXN102291,2026-09-04 09:22:38,USER100085,USER100225,3479.49,Healthcare,Android,Bengaluru,9,0,
TXN102292,2026-09-04 09:22:49,USER102168,USER102271,329.95,Entertainment,Android,Kolkata,9,0,
TXN102293,2026-09-04 09:23:04,USER101450,MERCH200244,1010.11,Healthcare,Android,Delhi,9,0,
TXN102294,2026-09-04 09:25:15,USER101667,MERCH200184,241.23,Grocery,Android,Pune,9,0,
TXN102295,2026-09-04 09:27:17,USER100556,USER101972,344.42,Fuel,iOS,Kolkata,9,0,
TXN102296,2026-09-04 09:28:29,USER100292,USER102025,95.87,P2P Transfer,Android,Patna,9,0,
TXN102297,2026-09-04 09:29:35,USER100843,USER101715,303.44,Shopping,Android,Delhi,9,0,
TXN102298,2026-09-04 09:29:36,USER100392,USER102848,313.34,Grocery,Android,Delhi,9,0,
TXN102299,2026-09-04 09:29:47,USER100322,USER100056,547.76,Travel,Android,Bengaluru,9,0,
TXN102300,2026-09-04 09:32:05,USER101745,MERCH200757,3190.69,Healthcare,iOS,Delhi,9,0,
TXN102301,2026-09-04 09:32:24,USER100021,MERCH201458,118.38,Food & Dining,iOS,Bengaluru,9,0,
TXN102302,2026-09-04 09:36:08,USER102311,MERCH200047,184.19,Fuel,Android,Bengaluru,9,0,
TXN102303,2026-09-04 09:39:36,USER102735,USER102374,224.19,Travel,iOS,Mumbai,9,0,
TXN102304,2026-09-04 09:39:37,USER101374,USER100118,283.69,Entertainment,Android,Delhi,9,0,
TXN102305,2026-09-04 09:40:46,USER101812,MERCH200795,561.29,Travel,Android,Pune,9,0,
TXN102306,2026-09-04 09:42:13,USER102830,USER102397,143.48,Shopping,iOS,Indore,9,0,
TXN102307,2026-09-04 09:43:25,USER102042,MERCH201463,153.54,Utility Bills,Android,Mumbai,9,0,
TXN102308,2026-09-04 09:45:27,USER101270,USER100960,381.03,P2P Transfer,iOS,Delhi,9,0,
TXN102309,2026-09-04 09:45:59,USER102387,USER101861,208.43,Fuel,iOS,Ahmedabad,9,0,
TXN102310,2026-09-04 09:45:59,USER100928,USER101073,957.01,Food & Dining,Android,Pune,9,0,
TXN102311,2026-09-04 09:46:51,USER102653,MERCH200212,683.4,Entertainment,Android,Kolkata,9,0,
TXN102312,2026-09-04 09:48:31,USER101691,USER101464,78.76,Shopping,Android,Bengaluru,9,0,
TXN102313,2026-09-04 09:49:57,USER101885,USER100705,60.42,Shopping,Android,Delhi,9,0,
TXN102314,2026-09-04 09:50:51,USER101102,USER102446,307.68,P2P Transfer,Android,Delhi,9,0,
TXN102315,2026-09-04 09:53:32,USER101380,USER100940,575.64,Mobile Recharge,Android,Mumbai,9,0,
TXN102316,2026-09-04 09:55:29,USER101519,USER100099,5936.01,Utility Bills,Android,Mumbai,9,0,
TXN102317,2026-09-04 09:56:36,USER102979,MERCH201114,402.15,Shopping,iOS,Delhi,9,0,
TXN102318,2026-09-04 09:57:02,USER100680,USER102081,159.54,Grocery,Android,Delhi,9,0,
TXN102319,2026-09-04 09:57:20,USER101293,MERCH201141,144.94,Grocery,Android,Mumbai,9,0,
TXN102320,2026-09-04 10:03:51,USER101579,MERCH200884,639.15,Grocery,iOS,Delhi,10,0,
TXN102321,2026-09-04 10:05:25,USER100905,USER101957,179.63,Mobile Recharge,Android,Chennai,10,0,
TXN102322,2026-09-04 10:06:40,USER102076,USER101600,549.54,Food & Dining,Android,Delhi,10,0,
TXN102323,2026-09-04 10:07:06,USER100982,USER100059,221.57,P2P Transfer,Android,Bengaluru,10,0,
TXN102324,2026-09-04 10:07:16,USER100030,USER100623,346.16,Grocery,Android,Bengaluru,10,0,
TXN102325,2026-09-04 10:08:39,USER100096,MERCH201230,564.25,P2P Transfer,iOS,Kolkata,10,0,
TXN102326,2026-09-04 10:09:28,USER102804,USER100230,764.39,Grocery,Android,Ahmedabad,10,0,
TXN102327,2026-09-04 10:10:40,USER100795,USER102755,939.76,Healthcare,Android,Jaipur,10,0,
TXN102328,2026-09-04 10:11:14,USER101372,MERCH200169,255.67,Utility Bills,Android,Jaipur,10,0,
TXN102329,2026-09-04 10:11:45,USER101058,MERCH201380,253.6,Fuel,Android,Lucknow,10,0,
TXN102330,2026-09-04 10:14:49,USER100386,USER102982,395.12,Mobile Recharge,Android,Lucknow,10,0,
TXN102331,2026-09-04 10:15:14,USER101418,USER101590,140.55,Food & Dining,Android,Mumbai,10,0,
TXN102332,2026-09-04 10:17:38,USER102147,USER101858,1061.22,P2P Transfer,Android,Hyderabad,10,0,
TXN102333,2026-09-04 10:18:53,USER101667,USER100002,697.94,Food & Dining,iOS,Kolkata,10,0,
TXN102334,2026-09-04 10:19:29,USER102551,USER102451,294.19,Mobile Recharge,Android,Delhi,10,0,
TXN102335,2026-09-04 10:19:58,USER100811,USER101179,255.18,Healthcare,Android,Delhi,10,0,
TXN102336,2026-09-04 10:20:16,USER100618,USER100039,564.97,Healthcare,Android,Pune,10,0,
TXN102337,2026-09-04 10:21:27,USER100917,MERCH200615,366.92,Mobile Recharge,iOS,Bengaluru,10,0,
TXN102338,2026-09-04 10:22:35,USER100146,MERCH200934,39.39,Entertainment,Android,Kolkata,10,0,
TXN102339,2026-09-04 10:24:10,USER100343,USER101517,641.97,Food & Dining,iOS,Hyderabad,10,0,
TXN102340,2026-09-04 10:25:26,USER101915,MERCH200705,617.04,Travel,Android,Chennai,10,0,
TXN102341,2026-09-04 10:26:29,USER100885,USER101997,936.38,Mobile Recharge,Android,Mumbai,10,0,
TXN102342,2026-09-04 10:28:27,USER100813,MERCH200889,544.95,Entertainment,Android,Delhi,10,0,
TXN102343,2026-09-04 10:28:47,USER102331,USER100774,1504.72,P2P Transfer,iOS,Hyderabad,10,0,
TXN102344,2026-09-04 10:30:11,USER100462,MERCH200024,139.08,Healthcare,Android,Hyderabad,10,0,
TXN102345,2026-09-04 10:30:34,USER102569,MERCH200336,71.65,Mobile Recharge,Android,Mumbai,10,0,
TXN102346,2026-09-04 10:31:23,USER102275,USER100433,29824.96,Mobile Recharge,New Device,Delhi,10,1,new_device_high
TXN102347,2026-09-04 10:31:58,USER101157,MERCH200668,878.33,Utility Bills,iOS,Pune,10,0,
TXN102348,2026-09-04 10:33:14,USER100428,MERCH200981,2403.01,Healthcare,Android,Jaipur,10,0,
TXN102349,2026-09-04 10:33:31,USER100902,MERCH200448,332.14,P2P Transfer,Android,Kolkata,10,0,
TXN102350,2026-09-04 10:37:10,USER102117,MERCH201166,483.79,Utility Bills,Android,Mumbai,10,0,
TXN102351,2026-09-04 10:38:07,USER100321,USER101540,1234.77,Fuel,iOS,Mumbai,10,0,
TXN102352,2026-09-04 10:39:16,USER101289,MERCH200310,831.73,P2P Transfer,Android,Mumbai,10,0,
TXN102353,2026-09-04 10:39:24,USER102277,USER102587,414.44,Travel,iOS,Delhi,10,0,
TXN102354,2026-09-04 10:40:36,USER100249,USER102685,96.96,P2P Transfer,Android,Lucknow,10,0,
TXN102355,2026-09-04 10:41:07,USER100059,USER102415,1048.44,P2P Transfer,iOS,Mumbai,10,0,
TXN102356,2026-09-04 10:45:27,USER101742,MERCH201374,1038.47,Mobile Recharge,Android,Pune,10,0,
TXN102357,2026-09-04 10:45:30,USER101851,USER102584,742.56,Shopping,Android,Mumbai,10,0,
TXN102358,2026-09-04 10:46:22,USER102771,MERCH200839,159.65,Utility Bills,iOS,Delhi,10,0,
TXN102359,2026-09-04 10:46:48,USER102658,USER101586,181.66,Grocery,Android,Bengaluru,10,0,
TXN102360,2026-09-04 10:48:56,USER100299,USER101281,534.85,Healthcare,Android,Ahmedabad,10,0,
TXN102361,2026-09-04 10:49:04,USER101436,MERCH200879,191.3,Grocery,Android,Chennai,10,0,
TXN102362,2026-09-04 10:50:15,USER101997,MERCH200025,112.93,Travel,Android,Ahmedabad,10,0,
TXN102363,2026-09-04 10:51:44,USER102646,USER100463,175.45,Entertainment,Android,Delhi,10,0,
TXN102364,2026-09-04 10:51:51,USER101180,MERCH200077,628.11,Food & Dining,Android,Delhi,10,0,
TXN102365,2026-09-04 10:53:40,USER102158,USER102504,1380.8,Utility Bills,Android,Chennai,10,0,
TXN102366,2026-09-04 10:54:08,USER100800,MERCH200901,451.75,Food & Dining,Android,Delhi,10,0,
TXN102367,2026-09-04 10:54:25,USER101627,MERCH201360,302.02,Food & Dining,Android,Chennai,10,0,
TXN102368,2026-09-04 10:55:15,USER100150,MERCH200298,218.2,Entertainment,iOS,Indore,10,0,
TXN102369,2026-09-04 10:56:16,USER102543,USER102440,768.55,Food & Dining,Android,Patna,10,0,
TXN102370,2026-09-04 11:00:25,USER100764,USER102172,302.86,Entertainment,Android,Kolkata,11,0,
TXN102371,2026-09-04 11:00:39,USER101062,USER102090,206.32,Utility Bills,iOS,Mumbai,11,0,
TXN102372,2026-09-04 11:01:41,USER101911,MERCH200766,211.23,Grocery,Android,Delhi,11,0,
TXN102373,2026-09-04 11:02:04,USER102671,USER100449,203.56,Fuel,Android,Hyderabad,11,0,
TXN102374,2026-09-04 11:02:31,USER102249,MERCH200964,370.97,Mobile Recharge,Android,Mumbai,11,0,
TXN102375,2026-09-04 11:03:31,USER102317,USER101214,853.87,Travel,iOS,Indore,11,0,
TXN102376,2026-09-04 11:03:32,USER102516,USER101394,1235.26,Utility Bills,iOS,Mumbai,11,0,
TXN102377,2026-09-04 11:03:42,USER100192,MERCH201469,413.05,Mobile Recharge,Android,Mumbai,11,0,
TXN102378,2026-09-04 11:03:58,USER102921,MERCH201359,126.84,Food & Dining,Android,Kolkata,11,0,
TXN102379,2026-09-04 11:05:11,USER102202,MERCH201037,559.44,Entertainment,Android,Chennai,11,0,
TXN102380,2026-09-04 11:06:32,USER101024,USER102058,107.71,P2P Transfer,iOS,Mumbai,11,0,
TXN102381,2026-09-04 11:10:48,USER100174,USER100127,464.56,Utility Bills,Android,Mumbai,11,0,
TXN102382,2026-09-04 11:11:34,USER100335,USER101694,840.86,Shopping,Android,Delhi,11,0,
TXN102383,2026-09-04 11:11:58,USER102290,MERCH201246,243.24,Healthcare,Android,Pune,11,0,
TXN102384,2026-09-04 11:13:04,USER100842,USER100572,508.41,Utility Bills,Android,Mumbai,11,0,
TXN102385,2026-09-04 11:13:05,USER102886,USER101705,100000.0,Food & Dining,Android,Ahmedabad,11,1,round_number
TXN102386,2026-09-04 11:15:02,USER100246,USER102477,824.36,Fuel,Android,Ahmedabad,11,0,
TXN102387,2026-09-04 11:19:12,USER101202,USER101783,2061.16,Mobile Recharge,Android,Delhi,11,0,
TXN102388,2026-09-04 11:24:20,USER100842,MERCH200420,369.79,Healthcare,Android,Pune,11,0,
TXN102389,2026-09-04 11:27:10,USER101508,USER101274,948.42,Food & Dining,Android,Chennai,11,0,
TXN102390,2026-09-04 11:28:55,USER100165,MERCH200844,535.27,Shopping,Android,Bengaluru,11,0,
TXN102391,2026-09-04 11:29:53,USER100499,USER101500,222.87,Travel,Android,Delhi,11,0,
TXN102392,2026-09-04 11:32:34,USER102886,USER102105,341.7,Mobile Recharge,Android,Chennai,11,0,
TXN102393,2026-09-04 11:33:07,USER100892,USER101916,159.1,Fuel,Android,Jaipur,11,0,
TXN102394,2026-09-04 11:35:25,USER102302,USER101553,552.03,Fuel,Android,Bengaluru,11,0,
TXN102395,2026-09-04 11:35:55,USER102607,USER102508,400.24,Travel,Android,Pune,11,0,
TXN102396,2026-09-04 11:40:41,USER102688,USER100385,1678.85,Utility Bills,iOS,Pune,11,0,
TXN102397,2026-09-04 11:42:04,USER100755,MERCH200918,407.06,Fuel,iOS,Indore,11,0,
TXN102398,2026-09-04 11:44:26,USER102094,USER100574,88.28,Travel,Android,Bengaluru,11,0,
TXN102399,2026-09-04 11:44:36,USER100537,USER100547,1156.89,P2P Transfer,Android,Hyderabad,11,0,
TXN102400,2026-09-04 11:45:13,USER100497,USER100447,763.32,Grocery,Android,Chennai,11,0,
TXN102401,2026-09-04 11:45:45,USER102922,MERCH201075,70.51,Shopping,Android,Delhi,11,0,
TXN102402,2026-09-04 11:46:10,USER102286,MERCH200572,646.01,Mobile Recharge,Android,Indore,11,0,
TXN102403,2026-09-04 11:49:14,USER101058,USER102478,2001.78,Utility Bills,Android,Delhi,11,0,
TXN102404,2026-09-04 11:49:58,USER100698,USER102435,168.26,Fuel,Android,Mumbai,11,0,
TXN102405,2026-09-04 11:50:26,USER100506,MERCH200010,268.25,Shopping,Android,Mumbai,11,0,
TXN102406,2026-09-04 11:53:24,USER102266,USER102947,1174.79,P2P Transfer,Android,Bengaluru,11,0,
TXN102407,2026-09-04 11:53:26,USER102348,USER100126,170.34,Travel,Android,Jaipur,11,0,
TXN102408,2026-09-04 11:57:33,USER101544,USER100584,328.27,Entertainment,Android,Chennai,11,0,
TXN102409,2026-09-04 11:58:04,USER102992,MERCH201283,1331.65,Fuel,Android,Pune,11,0,
TXN102410,2026-09-04 11:59:27,USER100469,USER102052,1163.89,P2P Transfer,Android,Mumbai,11,0,
TXN102411,2026-09-04 11:59:53,USER102764,MERCH200536,364.33,Healthcare,Android,Mumbai,11,0,
TXN102412,2026-09-04 11:59:53,USER102628,MERCH200335,1373.29,Healthcare,Android,Hyderabad,11,0,
TXN102413,2026-09-04 12:00:02,USER102238,USER100611,393.47,Shopping,Android,Ahmedabad,12,0,
TXN102414,2026-09-04 12:01:07,USER100871,MERCH201426,51.9,Entertainment,Android,Jaipur,12,0,
TXN102415,2026-09-04 12:01:23,USER102582,USER102884,5932.83,Fuel,Android,Kolkata,12,0,
TXN102416,2026-09-04 12:02:42,USER102836,USER102954,1492.84,Fuel,Android,Ahmedabad,12,0,
TXN102417,2026-09-04 12:02:56,USER100339,USER100239,771.4,Mobile Recharge,Android,Bengaluru,12,0,
TXN102418,2026-09-04 12:03:37,USER100200,USER100048,244.97,Healthcare,Android,Hyderabad,12,0,
TXN102419,2026-09-04 12:03:43,USER101773,USER101635,1009.05,Healthcare,Android,Pune,12,0,
TXN102420,2026-09-04 12:04:21,USER100276,USER100332,1077.49,Entertainment,Android,Bengaluru,12,0,
TXN102421,2026-09-04 12:04:59,USER102552,USER101922,685.86,Food & Dining,Android,Hyderabad,12,0,
TXN102422,2026-09-04 12:05:08,USER102123,MERCH200428,30.52,Travel,iOS,Delhi,12,0,
TXN102423,2026-09-04 12:06:05,USER101866,USER102198,745.7,Shopping,Android,Ahmedabad,12,0,
TXN102424,2026-09-04 12:08:05,USER101434,MERCH201206,423.72,Entertainment,Android,Bengaluru,12,0,
TXN102425,2026-09-04 12:08:09,USER101773,USER102216,309.45,Shopping,Android,Kolkata,12,0,
TXN102426,2026-09-04 12:08:31,USER100188,USER102483,996.36,Mobile Recharge,Android,Hyderabad,12,0,
TXN102427,2026-09-04 12:10:12,USER100262,USER102027,1055.51,Healthcare,Android,Bengaluru,12,0,
TXN102428,2026-09-04 12:12:32,USER101312,USER102639,320.38,Healthcare,Android,Chennai,12,0,
TXN102429,2026-09-04 12:14:22,USER102336,USER101870,2039.39,P2P Transfer,iOS,Kolkata,12,0,
TXN102430,2026-09-04 12:15:02,USER100239,USER102705,209.2,Utility Bills,Android,Delhi,12,0,
TXN102431,2026-09-04 12:15:07,USER100728,MERCH201076,178.74,Travel,Android,Hyderabad,12,0,
TXN102432,2026-09-04 12:15:37,USER102461,MERCH200752,50000.0,Food & Dining,Android,Hyderabad,12,1,round_number
TXN102433,2026-09-04 12:16:32,USER102476,USER102391,553.21,Entertainment,Android,Chennai,12,0,
TXN102434,2026-09-04 12:17:13,USER102618,MERCH201170,42.9,P2P Transfer,Android,Hyderabad,12,0,
TXN102435,2026-09-04 12:17:52,USER100666,USER102652,44.56,P2P Transfer,Android,Bengaluru,12,0,
TXN102436,2026-09-04 12:18:26,USER100959,USER102553,481.18,Healthcare,Android,Mumbai,12,0,
TXN102437,2026-09-04 12:19:19,USER101467,USER101554,218.5,Travel,Android,Ahmedabad,12,0,
TXN102438,2026-09-04 12:20:26,USER100356,USER101140,389.04,Utility Bills,iOS,Bengaluru,12,0,
TXN102439,2026-09-04 12:21:13,USER100874,MERCH201223,257.66,Utility Bills,iOS,Mumbai,12,0,
TXN102440,2026-09-04 12:23:10,USER100069,MERCH200476,264.32,Entertainment,Android,Bengaluru,12,0,
TXN102441,2026-09-04 12:25:22,USER102267,USER102576,282.52,Fuel,Android,Jaipur,12,0,
TXN102442,2026-09-04 12:26:53,USER101717,MERCH201198,50.43,Food & Dining,iOS,Lucknow,12,0,
TXN102443,2026-09-04 12:27:10,USER100499,USER102627,919.65,Healthcare,Android,Mumbai,12,0,
TXN102444,2026-09-04 12:27:44,USER101340,USER100750,489.55,Fuel,Android,Kolkata,12,0,
TXN102445,2026-09-04 12:29:05,USER102016,USER101737,736.33,Fuel,Android,Delhi,12,0,
TXN102446,2026-09-04 12:31:16,USER102494,USER102601,260.24,Utility Bills,Android,Kolkata,12,0,
TXN102447,2026-09-04 12:31:28,USER100737,USER101089,174.14,P2P Transfer,Android,Delhi,12,0,
TXN102448,2026-09-04 12:33:44,USER100599,MERCH200064,84.74,Mobile Recharge,Android,Jaipur,12,0,
TXN102449,2026-09-04 12:34:16,USER101214,MERCH200561,117.5,Shopping,Android,Bengaluru,12,0,
TXN102450,2026-09-04 12:34:32,USER100093,USER102605,424.57,Mobile Recharge,Android,Bengaluru,12,0,
TXN102451,2026-09-04 12:36:14,USER101147,MERCH201075,114.78,P2P Transfer,Android,Chennai,12,0,
TXN102452,2026-09-04 12:38:05,USER100862,USER102630,78.95,Healthcare,Android,Lucknow,12,0,
TXN102453,2026-09-04 12:38:38,USER101399,USER100021,285.01,Grocery,Android,Bengaluru,12,0,
TXN102454,2026-09-04 12:40:03,USER100538,MERCH201446,480.03,P2P Transfer,Android,Patna,12,0,
TXN102455,2026-09-04 12:40:47,USER101531,USER101988,326.31,Healthcare,Android,Lucknow,12,0,
TXN102456,2026-09-04 12:41:08,USER101696,USER101849,231.39,Travel,iOS,Chennai,12,0,
TXN102457,2026-09-04 12:41:36,USER102091,MERCH200470,75.44,Entertainment,Android,Bengaluru,12,0,
TXN102458,2026-09-04 12:41:45,USER102575,MERCH200304,2192.4,P2P Transfer,Android,Mumbai,12,0,
TXN102459,2026-09-04 12:43:26,USER100522,MERCH200871,10000.0,Shopping,Android,Chennai,12,1,round_number
TXN102460,2026-09-04 12:43:30,USER100077,USER101031,676.59,Shopping,Android,Pune,12,0,
TXN102461,2026-09-04 12:45:14,USER101921,MERCH201317,774.89,Mobile Recharge,Android,Ahmedabad,12,0,
TXN102462,2026-09-04 12:45:28,USER101123,MERCH200959,151.68,Entertainment,Android,Patna,12,0,
TXN102463,2026-09-04 12:45:49,USER102775,MERCH200372,2525.85,Grocery,Android,Chennai,12,0,
TXN102464,2026-09-04 12:46:06,USER100149,USER100609,49.77,Mobile Recharge,Android,Mumbai,12,0,
TXN102465,2026-09-04 12:46:21,USER100129,USER100600,608.49,Shopping,Android,Chennai,12,0,
TXN102466,2026-09-04 12:49:25,USER102210,USER102223,231.15,Mobile Recharge,iOS,Patna,12,0,
TXN102467,2026-09-04 12:50:27,USER100954,USER102662,274.47,Shopping,iOS,Ahmedabad,12,0,
TXN102468,2026-09-04 12:52:37,USER102435,USER101663,940.37,Shopping,Android,Chennai,12,0,
TXN102469,2026-09-04 12:53:47,USER101567,USER100766,505.08,Mobile Recharge,iOS,Ahmedabad,12,0,
TXN102470,2026-09-04 12:55:47,USER101196,USER100423,49.16,Mobile Recharge,Android,Patna,12,0,
TXN102471,2026-09-04 12:57:21,USER101616,MERCH200271,1808.9,Utility Bills,Android,Kolkata,12,0,
TXN102472,2026-09-04 12:58:19,USER102031,MERCH201017,86.59,Grocery,Android,Kolkata,12,0,
TXN102473,2026-09-04 13:00:27,USER100285,USER102359,2575.8,Utility Bills,Android,Bengaluru,13,0,
TXN102474,2026-09-04 13:00:36,USER100439,MERCH200694,166.87,Utility Bills,Android,Bengaluru,13,0,
TXN102475,2026-09-04 13:00:48,USER101850,USER101509,152.9,Grocery,Android,Bengaluru,13,0,
TXN102476,2026-09-04 13:01:36,USER101425,MERCH200613,833.01,Fuel,Android,Hyderabad,13,0,
TXN102477,2026-09-04 13:03:42,USER100720,USER102109,367.86,Healthcare,Android,Pune,13,0,
TXN102478,2026-09-04 13:04:46,USER101906,USER102726,477.84,Grocery,Android,Mumbai,13,0,
TXN102479,2026-09-04 13:06:07,USER100713,USER102498,149.49,Entertainment,Android,Patna,13,0,
TXN102480,2026-09-04 13:07:00,USER101057,USER101025,462.58,Fuel,iOS,Hyderabad,13,0,
TXN102481,2026-09-04 13:07:30,USER101796,MERCH201490,468.18,Travel,Android,Mumbai,13,0,
TXN102482,2026-09-04 13:07:41,USER100230,USER101627,808.29,Fuel,Android,Mumbai,13,0,
TXN102483,2026-09-04 13:08:42,USER101890,USER100706,592.46,Healthcare,Android,Jaipur,13,0,
TXN102484,2026-09-04 13:09:06,USER101699,USER102920,834.0,Grocery,Android,Mumbai,13,0,
TXN102485,2026-09-04 13:09:16,USER100413,USER102557,251.07,Healthcare,Android,Bengaluru,13,0,
TXN102486,2026-09-04 13:09:36,USER100847,USER101613,295.65,Shopping,Android,Pune,13,0,
TXN102487,2026-09-04 13:10:18,USER102374,USER100587,46.01,Travel,iOS,Jaipur,13,0,
TXN102488,2026-09-04 13:10:26,USER102459,USER101848,27.26,Mobile Recharge,Android,Hyderabad,13,0,
TXN102489,2026-09-04 13:10:40,USER102173,USER102229,165.62,Travel,Android,Ahmedabad,13,0,
TXN102490,2026-09-04 13:11:01,USER101036,USER100760,1073.03,Utility Bills,Android,Bengaluru,13,0,
TXN102491,2026-09-04 13:11:22,USER100044,USER100071,300.6,P2P Transfer,iOS,Delhi,13,0,
TXN102492,2026-09-04 13:12:30,USER102210,USER102094,776.84,Mobile Recharge,Android,Bengaluru,13,0,
TXN102493,2026-09-04 13:12:42,USER100084,USER101649,842.38,Fuel,Android,Patna,13,0,
TXN102494,2026-09-04 13:13:24,USER100237,USER101413,46.5,P2P Transfer,iOS,Chennai,13,0,
TXN102495,2026-09-04 13:14:39,USER101028,USER101486,296.69,Utility Bills,iOS,Bengaluru,13,0,
TXN102496,2026-09-04 13:15:38,USER102341,USER100098,433.88,Travel,Android,Lucknow,13,0,
TXN102497,2026-09-04 13:16:17,USER101614,USER100242,418.78,Fuel,Android,Bengaluru,13,0,
TXN102498,2026-09-04 13:17:38,USER102505,MERCH201394,104.67,Utility Bills,Android,Bengaluru,13,0,
TXN102499,2026-09-04 13:18:03,USER102306,USER100588,203.91,Grocery,Android,Ahmedabad,13,0,
TXN102500,2026-09-04 13:18:09,USER101121,USER101013,1977.75,P2P Transfer,Android,Kolkata,13,0,
TXN102501,2026-09-04 13:19:12,USER100978,USER101806,2147.03,Travel,Android,Mumbai,13,0,
TXN102502,2026-09-04 13:20:00,USER101366,MERCH200581,5761.9,P2P Transfer,Android,Indore,13,1,velocity_burst
TXN102503,2026-09-04 13:20:01,USER100956,MERCH200417,160.09,Travel,Android,Mumbai,13,0,
TXN102504,2026-09-04 13:20:17,USER101581,USER102958,227.02,Utility Bills,iOS,Ahmedabad,13,0,
TXN102505,2026-09-04 13:20:55,USER100117,USER102574,233.14,Travel,Android,Bengaluru,13,0,
TXN102506,2026-09-04 13:26:11,USER100681,USER100050,2891.1,Food & Dining,Android,Mumbai,13,0,
TXN102507,2026-09-04 13:26:12,USER102838,USER102309,146.02,Travel,Android,Delhi,13,0,
TXN102508,2026-09-04 13:28:17,USER101507,MERCH201463,106.28,P2P Transfer,Android,Delhi,13,0,
TXN102509,2026-09-04 13:30:13,USER102635,USER101768,52.29,Travel,Android,Hyderabad,13,0,
TXN102510,2026-09-04 13:30:47,USER100605,USER101538,590.83,Travel,Android,Chennai,13,0,
TXN102511,2026-09-04 13:31:57,USER100891,USER102678,134.74,Entertainment,Android,Patna,13,0,
TXN102512,2026-09-04 13:32:59,USER101535,MERCH200635,79.64,Mobile Recharge,iOS,Hyderabad,13,0,
TXN102513,2026-09-04 13:33:01,USER102873,MERCH200633,193.46,Mobile Recharge,Android,Chennai,13,0,
TXN102514,2026-09-04 13:33:36,USER100513,USER100245,137.29,Travel,Android,Delhi,13,0,
TXN102515,2026-09-04 13:34:54,USER100343,USER102101,91.46,Fuel,Android,Indore,13,0,
TXN102516,2026-09-04 13:35:21,USER101850,USER101370,335.7,Food & Dining,Android,Hyderabad,13,0,
TXN102517,2026-09-04 13:35:32,USER100725,USER101569,656.44,P2P Transfer,Android,Bengaluru,13,0,
TXN102518,2026-09-04 13:36:03,USER102584,USER101076,595.79,Utility Bills,iOS,Delhi,13,0,
TXN102519,2026-09-04 13:36:17,USER101261,USER100763,252.34,Shopping,iOS,Mumbai,13,0,
TXN102520,2026-09-04 13:36:35,USER102374,MERCH201314,437.09,Utility Bills,Android,Bengaluru,13,0,
TXN102521,2026-09-04 13:38:33,USER101662,MERCH200197,511.02,Mobile Recharge,Android,Bengaluru,13,0,
TXN102522,2026-09-04 13:38:39,USER100843,MERCH200433,160.43,Entertainment,Android,Kolkata,13,0,
TXN102523,2026-09-04 13:39:27,USER100599,USER100519,209.09,Entertainment,Android,Bengaluru,13,0,
TXN102524,2026-09-04 13:39:28,USER101812,USER100522,667.36,Entertainment,Android,Delhi,13,0,
TXN102525,2026-09-04 13:39:51,USER100606,MERCH200558,393.68,P2P Transfer,Android,Hyderabad,13,0,
TXN102526,2026-09-04 13:40:45,USER100638,USER102359,950.97,Mobile Recharge,Android,Ahmedabad,13,0,
TXN102527,2026-09-04 13:41:21,USER102340,MERCH200020,564.36,Healthcare,Android,Lucknow,13,0,
TXN102528,2026-09-04 13:43:46,USER101618,MERCH200125,293.31,Grocery,iOS,Chennai,13,0,
TXN102529,2026-09-04 13:44:16,USER102808,USER101783,20000.0,Travel,Android,Indore,13,1,round_number
TXN102530,2026-09-04 13:44:36,USER100963,USER102935,550.79,Travel,Android,Bengaluru,13,0,
TXN102531,2026-09-04 13:46:01,USER102261,USER102732,71854.62,Utility Bills,New Device,Delhi,13,1,new_device_high
TXN102532,2026-09-04 13:47:52,USER100771,USER102682,387.5,Healthcare,Android,Pune,13,0,
TXN102533,2026-09-04 13:48:02,USER100674,USER102090,305.46,Utility Bills,Android,Jaipur,13,0,
TXN102534,2026-09-04 13:48:23,USER102381,MERCH200227,763.52,Grocery,Android,Chennai,13,0,
TXN102535,2026-09-04 13:49:02,USER100093,MERCH200730,89.52,Healthcare,Android,Bengaluru,13,0,
TXN102536,2026-09-04 13:52:30,USER100039,USER102669,708.3,Grocery,Android,Patna,13,0,
TXN102537,2026-09-04 13:56:12,USER100061,MERCH200312,436.19,Shopping,Android,Hyderabad,13,0,
TXN102538,2026-09-04 13:57:04,USER101381,USER102682,209.02,Food & Dining,Android,Bengaluru,13,0,
TXN102539,2026-09-04 13:57:22,USER101538,USER100442,622.31,Travel,Android,Bengaluru,13,0,
TXN102540,2026-09-04 13:58:26,USER100701,USER102274,348.37,Fuel,Android,Delhi,13,0,
TXN102541,2026-09-04 13:59:05,USER100867,USER102767,1012.67,P2P Transfer,iOS,Kolkata,13,0,
TXN102542,2026-09-04 13:59:37,USER101974,MERCH201143,282.71,Healthcare,iOS,Jaipur,13,0,
TXN102543,2026-09-04 13:59:53,USER101322,USER101824,760.07,Travel,Android,Bengaluru,13,0,
TXN102544,2026-09-04 14:01:35,USER101608,USER101397,721.17,Grocery,Android,Hyderabad,14,0,
TXN102545,2026-09-04 14:01:36,USER101140,MERCH201152,204.65,Food & Dining,Android,Chennai,14,0,
TXN102546,2026-09-04 14:02:11,USER102261,USER100132,45.42,Entertainment,Android,Chennai,14,0,
TXN102547,2026-09-04 14:02:20,USER102143,MERCH200125,488.7,Grocery,Android,Bengaluru,14,0,
TXN102548,2026-09-04 14:02:36,USER100377,USER101794,404.93,Healthcare,iOS,Kolkata,14,0,
TXN102549,2026-09-04 14:04:58,USER101812,USER102837,513.44,Utility Bills,Android,Bengaluru,14,0,
TXN102550,2026-09-04 14:06:08,USER102233,USER101019,72.01,P2P Transfer,Android,Delhi,14,0,
TXN102551,2026-09-04 14:06:32,USER100396,USER101201,82.86,Fuel,Android,Kolkata,14,0,
TXN102552,2026-09-04 14:07:14,USER100520,USER101747,950.52,Travel,Android,Delhi,14,0,
TXN102553,2026-09-04 14:08:43,USER102648,USER102383,193.62,Healthcare,Android,Bengaluru,14,0,
TXN102554,2026-09-04 14:09:52,USER101558,MERCH200804,86.14,Grocery,iOS,Bengaluru,14,0,
TXN102555,2026-09-04 14:10:11,USER101259,USER102033,681.51,Utility Bills,Android,Mumbai,14,0,
TXN102556,2026-09-04 14:10:39,USER101731,MERCH201364,107.69,Grocery,Android,Hyderabad,14,0,
TXN102557,2026-09-04 14:12:15,USER100733,MERCH200397,186.71,Grocery,iOS,Bengaluru,14,0,
TXN102558,2026-09-04 14:13:05,USER102124,USER101337,233.68,Food & Dining,Android,Ahmedabad,14,0,
TXN102559,2026-09-04 14:14:24,USER102312,USER100366,1725.34,Entertainment,Android,Mumbai,14,0,
TXN102560,2026-09-04 14:15:19,USER101853,USER101081,358.7,P2P Transfer,iOS,Delhi,14,0,
TXN102561,2026-09-04 14:16:01,USER101711,USER102765,7301.04,Grocery,Android,Ahmedabad,14,0,
TXN102562,2026-09-04 14:16:27,USER102275,USER102617,188.96,Entertainment,Android,Mumbai,14,0,
TXN102563,2026-09-04 14:16:46,USER100029,USER100899,328.01,Grocery,Android,Hyderabad,14,0,
TXN102564,2026-09-04 14:16:53,USER101652,USER100385,195.39,Food & Dining,Android,Delhi,14,0,
TXN102565,2026-09-04 14:17:35,USER100561,MERCH201037,228.37,Utility Bills,Android,Kolkata,14,0,
TXN102566,2026-09-04 14:18:57,USER102513,USER102013,228.37,Utility Bills,Android,Hyderabad,14,0,
TXN102567,2026-09-04 14:19:21,USER100257,USER100749,546.51,Travel,Android,Bengaluru,14,0,
TXN102568,2026-09-04 14:19:23,USER102300,MERCH201309,58.85,P2P Transfer,iOS,Bengaluru,14,0,
TXN102569,2026-09-04 14:21:36,USER102629,USER101920,446.56,Travel,iOS,Lucknow,14,0,
TXN102570,2026-09-04 14:23:03,USER101222,MERCH200273,752.66,Shopping,Android,Patna,14,0,
TXN102571,2026-09-04 14:23:18,USER101676,USER101016,5026.39,P2P Transfer,Android,Jaipur,14,0,
TXN102572,2026-09-04 14:25:01,USER100447,USER100085,313.94,Shopping,Android,Bengaluru,14,0,
TXN102573,2026-09-04 14:26:37,USER100149,MERCH201285,148.44,Travel,Android,Mumbai,14,0,
TXN102574,2026-09-04 14:27:55,USER102884,MERCH200571,1483.75,Entertainment,Android,Mumbai,14,0,
TXN102575,2026-09-04 14:29:20,USER100892,MERCH200350,1435.3,Shopping,iOS,Kolkata,14,0,
TXN102576,2026-09-04 14:30:07,USER102727,MERCH200655,109.9,P2P Transfer,Android,Indore,14,0,
TXN102577,2026-09-04 14:30:07,USER100209,USER100771,324.49,Entertainment,Android,Delhi,14,0,
TXN102578,2026-09-04 14:30:49,USER100962,USER101190,1383.55,Mobile Recharge,iOS,Kolkata,14,0,
TXN102579,2026-09-04 14:32:39,USER102138,USER101003,749.28,Travel,Android,Mumbai,14,0,
TXN102580,2026-09-04 14:32:58,USER101641,MERCH200243,287.79,Healthcare,Android,Bengaluru,14,0,
TXN102581,2026-09-04 14:33:16,USER100057,MERCH200373,193.46,Travel,Android,Jaipur,14,0,
TXN102582,2026-09-04 14:33:34,USER102033,USER102434,234.29,Fuel,Android,Kolkata,14,0,
TXN102583,2026-09-04 14:34:04,USER102534,USER101019,379.41,Healthcare,Android,Chennai,14,0,
TXN102584,2026-09-04 14:34:50,USER100664,MERCH201202,522.6,P2P Transfer,Android,Kolkata,14,0,
TXN102585,2026-09-04 14:37:20,USER102493,MERCH200332,267.75,Travel,Android,Mumbai,14,0,
TXN102586,2026-09-04 14:38:08,USER101348,USER100416,573.94,Entertainment,iOS,Lucknow,14,0,
TXN102587,2026-09-04 14:38:52,USER102653,USER101447,1687.51,Shopping,Android,Bengaluru,14,0,
TXN102588,2026-09-04 14:39:24,USER102170,USER102475,61.44,Travel,Android,Bengaluru,14,0,
TXN102589,2026-09-04 14:40:04,USER100127,USER101601,507.43,P2P Transfer,Android,Hyderabad,14,0,
TXN102590,2026-09-04 14:41:02,USER102649,USER100562,880.51,Entertainment,Android,Chennai,14,0,
TXN102591,2026-09-04 14:42:34,USER100241,USER101325,492.03,Utility Bills,Android,Mumbai,14,0,
TXN102592,2026-09-04 14:43:22,USER100048,USER101863,1732.85,Entertainment,iOS,Kolkata,14,0,
TXN102593,2026-09-04 14:43:29,USER102215,USER101452,56.51,Grocery,Android,Ahmedabad,14,0,
TXN102594,2026-09-04 14:45:13,USER100906,MERCH200140,900.09,Healthcare,Android,Mumbai,14,0,
TXN102595,2026-09-04 14:47:43,USER102930,USER100732,767.15,Travel,Android,Chennai,14,0,
TXN102596,2026-09-04 14:47:44,USER101037,MERCH200225,154.42,Shopping,Android,Patna,14,0,
TXN102597,2026-09-04 14:48:05,USER102202,USER102223,250.6,Grocery,Android,Mumbai,14,0,
TXN102598,2026-09-04 14:48:21,USER100496,MERCH200361,1040.33,Entertainment,Android,Chennai,14,0,
TXN102599,2026-09-04 14:48:24,USER100925,MERCH200101,437.66,Entertainment,iOS,Mumbai,14,0,
TXN102600,2026-09-04 14:49:03,USER101102,USER102192,447.61,Shopping,iOS,Mumbai,14,0,
TXN102601,2026-09-04 14:49:05,USER101221,USER100328,220.9,Fuel,Android,Ahmedabad,14,0,
TXN102602,2026-09-04 14:49:46,USER102535,USER101248,641.65,Entertainment,Android,Delhi,14,0,
TXN102603,2026-09-04 14:49:59,USER102309,MERCH200325,1241.38,Entertainment,Android,Bengaluru,14,0,
TXN102604,2026-09-04 14:51:52,USER102532,USER102220,1168.99,Food & Dining,iOS,Kolkata,14,0,
TXN102605,2026-09-04 14:51:57,USER100681,MERCH201020,242.47,Food & Dining,Android,Bengaluru,14,0,
TXN102606,2026-09-04 14:53:23,USER101189,USER100671,2885.77,Shopping,Android,Pune,14,0,
TXN102607,2026-09-04 14:53:27,USER102312,MERCH200741,439.72,Mobile Recharge,iOS,Mumbai,14,0,
TXN102608,2026-09-04 14:55:31,USER101257,USER100007,85.67,Travel,Android,Bengaluru,14,0,
TXN102609,2026-09-04 14:55:46,USER102528,USER101059,534.57,Entertainment,Android,Chennai,14,0,
TXN102610,2026-09-04 14:58:45,USER102750,USER101632,252.67,P2P Transfer,Android,Delhi,14,0,
TXN102611,2026-09-04 14:59:31,USER100609,USER101672,1455.92,Healthcare,Android,Patna,14,0,
TXN102612,2026-09-04 15:03:17,USER101597,MERCH200470,595.63,Entertainment,iOS,Kolkata,15,0,
TXN102613,2026-09-04 15:05:07,USER102399,USER102603,1779.42,Shopping,iOS,Chennai,15,0,
TXN102614,2026-09-04 15:06:24,USER102427,MERCH200244,186.05,Grocery,iOS,Hyderabad,15,0,
TXN102615,2026-09-04 15:06:52,USER101315,USER102803,2517.07,Healthcare,Android,Chennai,15,0,
TXN102616,2026-09-04 15:07:24,USER102821,USER101106,323.74,P2P Transfer,Android,Mumbai,15,0,
TXN102617,2026-09-04 15:07:46,USER100450,USER102456,1130.5,P2P Transfer,Android,Chennai,15,0,
TXN102618,2026-09-04 15:07:57,USER101012,USER102576,113.19,Travel,Android,Kolkata,15,0,
TXN102619,2026-09-04 15:08:24,USER102931,MERCH200104,1493.37,Mobile Recharge,Android,Mumbai,15,0,
TXN102620,2026-09-04 15:08:25,USER102514,MERCH200210,104.79,Mobile Recharge,Android,Hyderabad,15,0,
TXN102621,2026-09-04 15:09:18,USER101673,MERCH200265,75000.0,Utility Bills,iOS,Mumbai,15,1,round_number
TXN102622,2026-09-04 15:09:59,USER100034,USER101085,451.03,P2P Transfer,Android,Hyderabad,15,0,
TXN102623,2026-09-04 15:10:00,USER102363,USER101002,376.01,P2P Transfer,Android,Hyderabad,15,0,
TXN102624,2026-09-04 15:10:14,USER100450,USER100149,67.94,Travel,Android,Hyderabad,15,0,
TXN102625,2026-09-04 15:11:03,USER100288,MERCH200307,689.03,Healthcare,Android,Mumbai,15,0,
TXN102626,2026-09-04 15:11:20,USER101513,USER102399,203.05,P2P Transfer,Android,Hyderabad,15,0,
TXN102627,2026-09-04 15:12:07,USER101413,USER102456,638.24,Travel,Android,Lucknow,15,0,
TXN102628,2026-09-04 15:12:48,USER101370,MERCH201036,99999.0,Grocery,iOS,Mumbai,15,1,round_number
TXN102629,2026-09-04 15:13:07,USER102169,USER102867,1171.42,Grocery,iOS,Delhi,15,0,
TXN102630,2026-09-04 15:14:20,USER101574,MERCH200120,324.45,Grocery,iOS,Delhi,15,0,
TXN102631,2026-09-04 15:14:30,USER100397,MERCH200815,882.26,Entertainment,Android,Hyderabad,15,0,
TXN102632,2026-09-04 15:15:17,USER101821,USER101972,276.84,Shopping,Android,Mumbai,15,0,
TXN102633,2026-09-04 15:16:17,USER101010,MERCH200514,395.04,Food & Dining,Android,Hyderabad,15,0,
TXN102634,2026-09-04 15:17:20,USER102420,USER102101,480.62,Food & Dining,Android,Hyderabad,15,0,
TXN102635,2026-09-04 15:19:40,USER102627,USER101662,172.45,P2P Transfer,Android,Pune,15,0,
TXN102636,2026-09-04 15:19:45,USER100170,USER100044,217.36,Fuel,Android,Delhi,15,0,
TXN102637,2026-09-04 15:22:17,USER101286,USER100874,359.99,Travel,iOS,Pune,15,0,
TXN102638,2026-09-04 15:23:48,USER101940,USER102095,452.65,Healthcare,Android,Pune,15,0,
TXN102639,2026-09-04 15:23:49,USER100309,MERCH200454,609.45,Utility Bills,Android,Mumbai,15,0,
TXN102640,2026-09-04 15:27:09,USER100452,USER100373,360.47,Entertainment,Android,Hyderabad,15,0,
TXN102641,2026-09-04 15:28:07,USER102245,USER101832,384.33,Travel,iOS,Lucknow,15,0,
TXN102642,2026-09-04 15:28:23,USER102619,USER102339,146.98,Mobile Recharge,Android,Kolkata,15,0,
TXN102643,2026-09-04 15:28:32,USER102991,USER102800,284.19,Entertainment,Android,Mumbai,15,0,
TXN102644,2026-09-04 15:29:40,USER102708,USER101215,363.56,Food & Dining,Android,Jaipur,15,0,
TXN102645,2026-09-04 15:29:53,USER101735,MERCH200635,165.15,P2P Transfer,Android,Delhi,15,0,
TXN102646,2026-09-04 15:31:01,USER100592,MERCH200144,36.77,Utility Bills,iOS,Pune,15,0,
TXN102647,2026-09-04 15:33:36,USER101397,MERCH200869,385.36,P2P Transfer,Android,Kolkata,15,0,
TXN102648,2026-09-04 15:33:57,USER102718,USER100352,402.91,Grocery,Android,Delhi,15,0,
TXN102649,2026-09-04 15:36:15,USER100166,MERCH201434,206.06,Food & Dining,Android,Kolkata,15,0,
TXN102650,2026-09-04 15:38:05,USER102640,USER102665,773.24,Fuel,Android,Mumbai,15,0,
TXN102651,2026-09-04 15:38:28,USER102737,USER102844,71156.31,Entertainment,New Device,Bengaluru,15,1,new_device_high
TXN102652,2026-09-04 15:42:02,USER100865,USER102131,272.99,Healthcare,Android,Pune,15,0,
TXN102653,2026-09-04 15:42:55,USER100193,MERCH201033,373.47,Travel,Android,Bengaluru,15,0,
TXN102654,2026-09-04 15:44:59,USER100932,MERCH200499,691.58,Travel,Android,Patna,15,0,
TXN102655,2026-09-04 15:44:59,USER100985,USER101076,429.81,Mobile Recharge,iOS,Chennai,15,0,
TXN102656,2026-09-04 15:45:58,USER101012,USER102274,352.4,Travel,Android,Indore,15,0,
TXN102657,2026-09-04 15:46:11,USER101713,USER100728,317.69,Food & Dining,Android,Bengaluru,15,0,
TXN102658,2026-09-04 15:47:05,USER102181,USER101870,1075.98,P2P Transfer,Android,Chennai,15,0,
TXN102659,2026-09-04 15:47:34,USER100276,USER100991,279.44,Mobile Recharge,Android,Bengaluru,15,0,
TXN102660,2026-09-04 15:48:16,USER101330,MERCH200162,138.61,Mobile Recharge,iOS,Delhi,15,0,
TXN102661,2026-09-04 15:48:52,USER100144,USER102124,315.37,Food & Dining,iOS,Ahmedabad,15,0,
TXN102662,2026-09-04 15:50:47,USER100616,MERCH200788,98.12,Fuel,iOS,Hyderabad,15,0,
TXN102663,2026-09-04 15:51:14,USER100256,USER101245,1177.75,Entertainment,Android,Delhi,15,0,
TXN102664,2026-09-04 15:51:46,USER101532,USER101135,396.28,Shopping,Android,Chennai,15,0,
TXN102665,2026-09-04 15:51:53,USER100532,MERCH200278,2191.11,Fuel,Android,Pune,15,0,
TXN102666,2026-09-04 15:52:53,USER102594,USER102652,245.28,Fuel,Android,Delhi,15,0,
TXN102667,2026-09-04 15:53:17,USER100300,MERCH200597,640.29,Healthcare,Android,Delhi,15,0,
TXN102668,2026-09-04 15:53:34,USER101421,USER101464,175.75,P2P Transfer,Android,Patna,15,0,
TXN102669,2026-09-04 15:58:41,USER102100,MERCH200099,1148.15,Food & Dining,Android,Kolkata,15,0,
TXN102670,2026-09-04 15:58:47,USER102080,USER100061,147.85,Entertainment,Android,Chennai,15,0,
TXN102671,2026-09-04 15:58:59,USER100752,MERCH200120,1689.81,Entertainment,Android,Delhi,15,0,
TXN102672,2026-09-04 15:59:10,USER100024,USER101897,96.5,Grocery,Android,Chennai,15,0,
TXN102673,2026-09-04 15:59:12,USER102931,USER102698,251.43,Shopping,Android,Delhi,15,0,
TXN102674,2026-09-04 16:00:19,USER101669,MERCH200046,517.44,Healthcare,Android,Mumbai,16,0,
TXN102675,2026-09-04 16:00:52,USER100625,USER102344,442.22,Shopping,Android,Bengaluru,16,0,
TXN102676,2026-09-04 16:01:55,USER102019,USER102343,165.32,Entertainment,Android,Delhi,16,0,
TXN102677,2026-09-04 16:02:47,USER101717,USER100007,246.0,Mobile Recharge,Android,Kolkata,16,0,
TXN102678,2026-09-04 16:04:21,USER102700,USER101988,937.9,Fuel,Android,Hyderabad,16,0,
TXN102679,2026-09-04 16:05:31,USER102482,USER100609,2128.69,Mobile Recharge,iOS,Bengaluru,16,0,
TXN102680,2026-09-04 16:08:15,USER102390,USER101034,629.74,Shopping,Android,Mumbai,16,0,
TXN102681,2026-09-04 16:08:39,USER101304,USER101306,138.33,Entertainment,Android,Hyderabad,16,0,
TXN102682,2026-09-04 16:09:11,USER101420,USER101893,202.69,Food & Dining,Android,Bengaluru,16,0,
TXN102683,2026-09-04 16:10:12,USER100472,MERCH201449,54.1,Shopping,Android,Chennai,16,0,
TXN102684,2026-09-04 16:12:43,USER100629,MERCH201023,69.39,Shopping,Android,Mumbai,16,0,
TXN102685,2026-09-04 16:15:00,USER100166,USER102208,797.96,Food & Dining,Android,Mumbai,16,0,
TXN102686,2026-09-04 16:15:10,USER101779,USER102841,390.33,Shopping,Android,Chennai,16,0,
TXN102687,2026-09-04 16:15:14,USER100360,MERCH200964,568.62,Entertainment,Android,Patna,16,0,
TXN102688,2026-09-04 16:17:08,USER101796,USER100371,510.84,Mobile Recharge,Android,Mumbai,16,0,
TXN102689,2026-09-04 16:18:49,USER102702,MERCH200220,1020.43,Grocery,iOS,Chennai,16,0,
TXN102690,2026-09-04 16:20:30,USER102542,USER101172,227.39,Utility Bills,Android,Kolkata,16,0,
TXN102691,2026-09-04 16:22:27,USER100312,USER100275,418.28,Mobile Recharge,iOS,Pune,16,0,
TXN102692,2026-09-04 16:22:39,USER102169,MERCH201457,578.51,Entertainment,iOS,Bengaluru,16,0,
TXN102693,2026-09-04 16:23:19,USER101134,USER102902,242.6,Travel,Android,Mumbai,16,0,
TXN102694,2026-09-04 16:24:00,USER100336,USER102257,4012.67,Grocery,Android,Hyderabad,16,0,
TXN102695,2026-09-04 16:24:57,USER102766,USER101119,137.22,Utility Bills,iOS,Patna,16,0,
TXN102696,2026-09-04 16:27:34,USER101717,USER102440,435.68,Mobile Recharge,Android,Mumbai,16,0,
TXN102697,2026-09-04 16:31:59,USER102732,USER100530,281.34,Healthcare,Android,Delhi,16,0,
TXN102698,2026-09-04 16:34:51,USER101252,USER102233,1627.37,Fuel,Android,Kolkata,16,0,
TXN102699,2026-09-04 16:36:59,USER102306,MERCH200955,631.08,Travel,iOS,Mumbai,16,0,
TXN102700,2026-09-04 16:38:33,USER102763,USER101089,309.71,Travel,Android,Ahmedabad,16,0,
TXN102701,2026-09-04 16:38:50,USER102259,MERCH201384,681.18,Mobile Recharge,Android,Hyderabad,16,0,
TXN102702,2026-09-04 16:38:53,USER100017,USER100791,54.72,Travel,Android,Delhi,16,0,
TXN102703,2026-09-04 16:40:30,USER102248,MERCH200722,277.88,Utility Bills,Android,Delhi,16,0,
TXN102704,2026-09-04 16:41:32,USER102529,MERCH201414,116.33,Travel,Android,Bengaluru,16,0,
TXN102705,2026-09-04 16:44:00,USER101384,MERCH200125,1545.4,P2P Transfer,iOS,Lucknow,16,0,
TXN102706,2026-09-04 16:44:09,USER101041,MERCH200286,451.72,Travel,Android,Chennai,16,0,
TXN102707,2026-09-04 16:44:59,USER102654,USER101011,266.33,Grocery,Android,Mumbai,16,0,
TXN102708,2026-09-04 16:47:34,USER100691,USER101163,43.46,Grocery,Android,Delhi,16,0,
TXN102709,2026-09-04 16:49:12,USER101022,MERCH201184,948.79,Food & Dining,Android,Pune,16,0,
TXN102710,2026-09-04 16:49:50,USER101230,USER100762,348.72,P2P Transfer,iOS,Bengaluru,16,0,
TXN102711,2026-09-04 16:56:50,USER102694,USER101384,2606.15,P2P Transfer,Android,Bengaluru,16,0,
TXN102712,2026-09-04 16:58:08,USER101817,USER102515,747.08,Entertainment,iOS,Pune,16,0,
TXN102713,2026-09-04 16:58:49,USER101063,USER101168,126.17,Entertainment,Android,Jaipur,16,0,
TXN102714,2026-09-04 17:00:11,USER100030,USER101836,109.13,Shopping,Android,Bengaluru,17,0,
TXN102715,2026-09-04 17:03:10,USER100021,USER101659,178.26,Fuel,Android,Mumbai,17,0,
TXN102716,2026-09-04 17:03:52,USER102306,MERCH201317,181.84,Fuel,Android,Hyderabad,17,0,
TXN102717,2026-09-04 17:04:23,USER101831,USER101798,1188.08,Grocery,Android,Delhi,17,0,
TXN102718,2026-09-04 17:07:40,USER102229,USER100855,333.08,Shopping,Android,Delhi,17,0,
TXN102719,2026-09-04 17:09:15,USER102652,USER100416,339.31,Entertainment,Android,Chennai,17,0,
TXN102720,2026-09-04 17:11:44,USER100887,USER102048,347.51,Travel,Android,Lucknow,17,0,
TXN102721,2026-09-04 17:16:27,USER100205,MERCH201194,1471.38,Travel,Android,Kolkata,17,0,
TXN102722,2026-09-04 17:16:33,USER102421,USER102397,853.17,P2P Transfer,Android,Ahmedabad,17,0,
TXN102723,2026-09-04 17:16:36,USER101754,MERCH200718,512.44,Utility Bills,Android,Indore,17,0,
TXN102724,2026-09-04 17:17:30,USER102650,USER100666,55.61,Utility Bills,Android,Pune,17,0,
TXN102725,2026-09-04 17:18:06,USER102034,USER101415,2162.93,Fuel,Android,Pune,17,0,
TXN102726,2026-09-04 17:18:14,USER101292,USER102138,306.98,Utility Bills,Android,Kolkata,17,0,
TXN102727,2026-09-04 17:19:19,USER101286,USER101872,240.0,Travel,Android,Hyderabad,17,0,
TXN102728,2026-09-04 17:21:50,USER101733,MERCH200682,682.22,Shopping,Android,Ahmedabad,17,0,
TXN102729,2026-09-04 17:23:13,USER101568,MERCH201394,229.45,Food & Dining,Android,Kolkata,17,0,
TXN102730,2026-09-04 17:24:06,USER101138,USER102634,1201.37,P2P Transfer,Android,Pune,17,0,
TXN102731,2026-09-04 17:25:47,USER100594,USER100072,101.44,Shopping,iOS,Hyderabad,17,0,
TXN102732,2026-09-04 17:26:20,USER102535,USER101786,838.89,Travel,Android,Kolkata,17,0,
TXN102733,2026-09-04 17:29:13,USER100518,MERCH200817,890.48,Mobile Recharge,Android,Chennai,17,0,
TXN102734,2026-09-04 17:30:22,USER102978,USER100731,516.45,Travel,iOS,Indore,17,0,
TXN102735,2026-09-04 17:30:24,USER101253,USER102712,474.78,P2P Transfer,Android,Chennai,17,0,
TXN102736,2026-09-04 17:30:46,USER101169,USER102140,246.36,P2P Transfer,iOS,Indore,17,0,
TXN102737,2026-09-04 17:33:40,USER100447,USER100413,888.19,Travel,iOS,Delhi,17,0,
TXN102738,2026-09-04 17:34:11,USER100045,MERCH201231,135.35,Healthcare,iOS,Hyderabad,17,0,
TXN102739,2026-09-04 17:38:18,USER101956,USER100095,433.24,Grocery,Android,Bengaluru,17,0,
TXN102740,2026-09-04 17:39:40,USER101946,USER100335,15834.55,Fuel,New Device,Pune,17,1,new_device_high
TXN102741,2026-09-04 17:42:20,USER100144,MERCH200881,55.92,P2P Transfer,iOS,Mumbai,17,0,
TXN102742,2026-09-04 17:42:40,USER102233,USER102777,363.16,Mobile Recharge,Android,Chennai,17,0,
TXN102743,2026-09-04 17:43:11,USER102061,MERCH200402,435.88,Food & Dining,Android,Lucknow,17,0,
TXN102744,2026-09-04 17:43:43,USER102416,USER102305,1074.73,Mobile Recharge,Android,Indore,17,0,
TXN102745,2026-09-04 17:45:16,USER100977,USER100983,179.61,Shopping,Android,Mumbai,17,0,
TXN102746,2026-09-04 17:47:15,USER101685,USER100221,435.41,Healthcare,Android,Patna,17,0,
TXN102747,2026-09-04 17:48:51,USER100804,USER101774,464.61,Fuel,Android,Mumbai,17,0,
TXN102748,2026-09-04 17:51:23,USER100223,USER102952,444.12,Shopping,Android,Mumbai,17,0,
TXN102749,2026-09-04 17:54:37,USER100175,MERCH201359,410.28,Shopping,iOS,Bengaluru,17,0,
TXN102750,2026-09-04 17:54:54,USER102136,MERCH200268,312.62,Food & Dining,Android,Bengaluru,17,0,
TXN102751,2026-09-04 17:56:28,USER102352,USER102602,1095.43,Fuel,Android,Bengaluru,17,0,
TXN102752,2026-09-04 17:58:05,USER102106,USER102107,272.01,Grocery,Android,Mumbai,17,0,
TXN102753,2026-09-04 17:58:46,USER100160,USER102247,654.14,Utility Bills,Android,Hyderabad,17,0,
TXN102754,2026-09-04 18:01:50,USER101550,USER100774,143.88,Shopping,Android,Jaipur,18,0,
TXN102755,2026-09-04 18:02:44,USER100487,USER102241,235.63,Fuel,Android,Chennai,18,0,
TXN102756,2026-09-04 18:04:11,USER101799,USER101810,289.21,Travel,Android,Ahmedabad,18,0,
TXN102757,2026-09-04 18:04:16,USER101106,MERCH201294,42.03,Grocery,iOS,Hyderabad,18,0,
TXN102758,2026-09-04 18:07:09,USER101851,USER101893,495.26,Fuel,Android,Bengaluru,18,0,
TXN102759,2026-09-04 18:08:22,USER101118,USER101320,131.59,Utility Bills,iOS,Mumbai,18,0,
TXN102760,2026-09-04 18:10:47,USER102936,USER101943,1896.57,P2P Transfer,Android,Jaipur,18,0,
TXN102761,2026-09-04 18:13:22,USER100292,USER101745,328.23,Fuel,Android,Delhi,18,0,
TXN102762,2026-09-04 18:15:16,USER102346,USER101671,929.04,Travel,Android,Delhi,18,0,
TXN102763,2026-09-04 18:16:55,USER100420,USER100680,1942.45,Shopping,Android,Pune,18,0,
TXN102764,2026-09-04 18:17:12,USER100149,USER100107,2347.25,Food & Dining,Android,Mumbai,18,0,
TXN102765,2026-09-04 18:17:17,USER100174,MERCH200741,80.61,Utility Bills,Android,Bengaluru,18,0,
TXN102766,2026-09-04 18:17:28,USER101370,USER101761,353.43,Grocery,Android,Hyderabad,18,0,
TXN102767,2026-09-04 18:20:12,USER100618,USER102819,331.44,Utility Bills,Android,Bengaluru,18,0,
TXN102768,2026-09-04 18:20:19,USER101055,USER100556,711.05,Food & Dining,Android,Mumbai,18,0,
TXN102769,2026-09-04 18:22:48,USER102177,USER101628,700.59,Travel,iOS,Mumbai,18,0,
TXN102770,2026-09-04 18:25:59,USER102608,USER101146,225.67,Healthcare,Android,Patna,18,0,
TXN102771,2026-09-04 18:27:47,USER102640,USER101191,223.63,Travel,Android,Hyderabad,18,0,
TXN102772,2026-09-04 18:28:32,USER102275,USER100150,196.19,Food & Dining,Android,Hyderabad,18,0,
TXN102773,2026-09-04 18:28:55,USER102679,MERCH200691,399.37,Entertainment,Android,Mumbai,18,0,
TXN102774,2026-09-04 18:29:40,USER100474,MERCH201027,401.21,Food & Dining,Android,Bengaluru,18,0,
TXN102775,2026-09-04 18:30:00,USER100559,MERCH200819,424.66,P2P Transfer,iOS,Delhi,18,0,
TXN102776,2026-09-04 18:32:07,USER101630,MERCH200205,128.93,Food & Dining,iOS,Hyderabad,18,0,
TXN102777,2026-09-04 18:33:42,USER101332,USER100063,639.29,Food & Dining,iOS,Bengaluru,18,0,
TXN102778,2026-09-04 18:34:28,USER101459,MERCH200427,626.88,Shopping,Android,Hyderabad,18,0,
TXN102779,2026-09-04 18:37:06,USER102019,USER100207,226.42,Travel,Android,Mumbai,18,0,
TXN102780,2026-09-04 18:37:35,USER100028,MERCH200439,2370.03,Healthcare,Android,Pune,18,0,
TXN102781,2026-09-04 18:39:08,USER102391,USER101321,422.71,Entertainment,Android,Bengaluru,18,0,
TXN102782,2026-09-04 18:41:21,USER100628,USER102326,277.06,P2P Transfer,iOS,Delhi,18,0,
TXN102783,2026-09-04 18:41:37,USER102743,USER102235,2989.9,P2P Transfer,Android,Mumbai,18,0,
TXN102784,2026-09-04 18:44:21,USER101268,MERCH200324,602.14,Fuel,iOS,Delhi,18,0,
TXN102785,2026-09-04 18:48:48,USER101685,USER100806,191.49,Mobile Recharge,Android,Delhi,18,0,
TXN102786,2026-09-04 18:49:34,USER101633,USER101617,72.17,Mobile Recharge,Android,Patna,18,0,
TXN102787,2026-09-04 18:49:53,USER101217,USER102387,101.93,Travel,iOS,Ahmedabad,18,0,
TXN102788,2026-09-04 18:52:44,USER100271,USER102210,2295.89,Utility Bills,iOS,Bengaluru,18,0,
TXN102789,2026-09-04 18:53:04,USER100801,USER102252,241.15,Grocery,Android,Patna,18,0,
TXN102790,2026-09-04 18:53:20,USER102884,MERCH200907,92.12,Shopping,Android,Patna,18,0,
TXN102791,2026-09-04 18:54:20,USER100016,USER102896,686.13,Grocery,Android,Chennai,18,0,
TXN102792,2026-09-04 18:55:11,USER100693,USER101522,1261.19,Healthcare,Android,Kolkata,18,0,
TXN102793,2026-09-04 18:55:48,USER101810,USER102160,59.39,Travel,Android,Hyderabad,18,0,
TXN102794,2026-09-04 18:57:24,USER102726,USER101402,205.26,P2P Transfer,Android,Delhi,18,0,
TXN102795,2026-09-04 18:59:30,USER101665,USER100088,149.95,Grocery,Android,Delhi,18,0,
TXN102796,2026-09-04 18:59:37,USER102596,USER101554,185.86,Travel,Android,Jaipur,18,0,
TXN102797,2026-09-04 19:02:08,USER100724,USER101306,53.61,Food & Dining,Android,Hyderabad,19,0,
TXN102798,2026-09-04 19:02:36,USER101352,MERCH200627,760.71,Shopping,Android,Chennai,19,0,
TXN102799,2026-09-04 19:03:05,USER100969,MERCH201012,136.07,Shopping,Android,Mumbai,19,0,
TXN102800,2026-09-04 19:03:56,USER100011,USER101653,83.89,Mobile Recharge,Android,Bengaluru,19,0,
TXN102801,2026-09-04 19:04:09,USER100982,USER102754,830.87,P2P Transfer,Android,Jaipur,19,0,
TXN102802,2026-09-04 19:05:21,USER100235,USER101411,336.87,Travel,Android,Mumbai,19,0,
TXN102803,2026-09-04 19:06:18,USER102592,MERCH201091,299.82,Mobile Recharge,Android,Bengaluru,19,0,
TXN102804,2026-09-04 19:07:34,USER102190,MERCH200599,1575.33,Healthcare,Android,Pune,19,0,
TXN102805,2026-09-04 19:08:04,USER101962,USER100415,62.53,Grocery,iOS,Patna,19,0,
TXN102806,2026-09-04 19:10:19,USER100775,USER102401,136.13,Healthcare,iOS,Ahmedabad,19,0,
TXN102807,2026-09-04 19:10:27,USER102513,MERCH200751,625.21,P2P Transfer,Android,Hyderabad,19,0,
TXN102808,2026-09-04 19:12:16,USER100792,USER101859,153.33,Travel,Android,Patna,19,0,
TXN102809,2026-09-04 19:14:04,USER102550,USER100903,384.29,Mobile Recharge,Android,Jaipur,19,0,
TXN102810,2026-09-04 19:15:42,USER100951,MERCH200662,116.72,Entertainment,Android,Delhi,19,0,
TXN102811,2026-09-04 19:16:51,USER100854,USER102141,1111.9,Entertainment,Android,Chennai,19,0,
TXN102812,2026-09-04 19:17:37,USER101565,MERCH201486,639.6,P2P Transfer,iOS,Chennai,19,0,
TXN102813,2026-09-04 19:18:57,USER102640,USER101271,437.19,Mobile Recharge,Android,Delhi,19,0,
TXN102814,2026-09-04 19:27:51,USER100151,USER101056,193.61,Utility Bills,Android,Mumbai,19,0,
TXN102815,2026-09-04 19:27:57,USER100291,MERCH200717,68.48,Shopping,iOS,Patna,19,0,
TXN102816,2026-09-04 19:28:15,USER102159,USER102037,337.6,Utility Bills,Android,Delhi,19,0,
TXN102817,2026-09-04 19:30:22,USER101974,MERCH200178,197.65,Mobile Recharge,Android,Bengaluru,19,0,
TXN102818,2026-09-04 19:30:45,USER100015,USER100198,836.42,Travel,Android,Indore,19,0,
TXN102819,2026-09-04 19:31:11,USER102244,USER102847,675.25,Grocery,Android,Kolkata,19,0,
TXN102820,2026-09-04 19:31:24,USER100590,USER101682,1270.3,Grocery,Android,Jaipur,19,0,
TXN102821,2026-09-04 19:33:32,USER100962,USER100299,659.93,Travel,iOS,Ahmedabad,19,0,
TXN102822,2026-09-04 19:34:19,USER101963,USER100695,321.05,P2P Transfer,Android,Jaipur,19,0,
TXN102823,2026-09-04 19:35:09,USER101514,MERCH200735,849.43,Utility Bills,Android,Mumbai,19,0,
TXN102824,2026-09-04 19:35:58,USER100293,MERCH200876,262.07,Healthcare,iOS,Chennai,19,0,
TXN102825,2026-09-04 19:37:22,USER102068,USER102485,186.32,P2P Transfer,Android,Kolkata,19,0,
TXN102826,2026-09-04 19:37:31,USER101723,USER101890,272.69,Travel,Android,Bengaluru,19,0,
TXN102827,2026-09-04 19:37:36,USER102998,USER101842,294.05,P2P Transfer,Android,Lucknow,19,0,
TXN102828,2026-09-04 19:37:51,USER101332,USER100648,81.11,Shopping,Android,Chennai,19,0,
TXN102829,2026-09-04 19:38:16,USER100652,USER102719,821.86,Utility Bills,iOS,Pune,19,0,
TXN102830,2026-09-04 19:38:39,USER101223,USER101052,951.83,Grocery,Android,Mumbai,19,0,
TXN102831,2026-09-04 19:39:56,USER102691,USER100401,1135.96,Healthcare,Android,Chennai,19,0,
TXN102832,2026-09-04 19:41:39,USER102080,MERCH200514,101.47,P2P Transfer,Android,Bengaluru,19,0,
TXN102833,2026-09-04 19:41:49,USER101234,USER100466,234.7,Travel,Android,Bengaluru,19,0,
TXN102834,2026-09-04 19:42:29,USER100865,USER101192,826.53,Fuel,Android,Chennai,19,0,
TXN102835,2026-09-04 19:45:04,USER101976,USER101778,1037.06,Healthcare,Android,Chennai,19,0,
TXN102836,2026-09-04 19:47:50,USER100876,USER101655,331.53,Shopping,iOS,Bengaluru,19,0,
TXN102837,2026-09-04 19:48:47,USER101036,USER100241,51.2,Fuel,Android,Mumbai,19,0,
TXN102838,2026-09-04 19:49:02,USER100387,USER101538,178.95,P2P Transfer,Android,Kolkata,19,0,
TXN102839,2026-09-04 19:49:29,USER101138,MERCH200230,1128.31,Shopping,Android,Chennai,19,0,
TXN102840,2026-09-04 19:50:12,USER102769,USER101467,198.92,Food & Dining,iOS,Bengaluru,19,0,
TXN102841,2026-09-04 19:50:24,USER102489,USER102348,34.34,Grocery,Android,Hyderabad,19,0,
TXN102842,2026-09-04 19:51:11,USER101952,USER102255,653.53,Healthcare,Android,Ahmedabad,19,0,
TXN102843,2026-09-04 19:53:04,USER102306,USER102405,1000.09,Shopping,iOS,Lucknow,19,0,
TXN102844,2026-09-04 19:54:03,USER102663,MERCH201271,449.57,P2P Transfer,Android,Kolkata,19,0,
TXN102845,2026-09-04 19:54:17,USER102454,USER100565,217.19,P2P Transfer,Android,Hyderabad,19,0,
TXN102846,2026-09-04 19:54:50,USER100074,USER100942,318.87,Utility Bills,Android,Indore,19,0,
TXN102847,2026-09-04 19:57:05,USER101875,USER101457,1085.01,Healthcare,Android,Chennai,19,0,
TXN102848,2026-09-04 19:57:27,USER101143,USER101577,72713.04,Healthcare,New Device,Pune,19,1,new_device_high
TXN102849,2026-09-04 19:59:56,USER101083,USER102651,1664.06,Mobile Recharge,Android,Mumbai,19,0,
TXN102850,2026-09-04 20:01:37,USER101924,MERCH200745,50.26,Utility Bills,Android,Bengaluru,20,0,
TXN102851,2026-09-04 20:02:57,USER100924,MERCH200679,348.83,Food & Dining,Android,Pune,20,0,
TXN102852,2026-09-04 20:03:44,USER101166,USER101566,197.52,Mobile Recharge,Android,Delhi,20,0,
TXN102853,2026-09-04 20:05:01,USER102679,USER101417,4172.23,Travel,Android,Hyderabad,20,0,
TXN102854,2026-09-04 20:07:20,USER100669,MERCH201171,977.81,Healthcare,Android,Mumbai,20,0,
TXN102855,2026-09-04 20:07:45,USER100506,USER102771,1126.1,Entertainment,Android,Pune,20,0,
TXN102856,2026-09-04 20:07:50,USER100417,MERCH200904,445.13,Mobile Recharge,Android,Bengaluru,20,0,
TXN102857,2026-09-04 20:07:53,USER101744,USER101921,83.39,Mobile Recharge,iOS,Bengaluru,20,0,
TXN102858,2026-09-04 20:09:48,USER101055,USER102527,479.62,Grocery,Android,Delhi,20,0,
TXN102859,2026-09-04 20:10:17,USER100683,USER101281,856.28,Entertainment,Android,Pune,20,0,
TXN102860,2026-09-04 20:10:21,USER102371,USER101720,563.87,Healthcare,Android,Jaipur,20,0,
TXN102861,2026-09-04 20:13:03,USER102686,USER102640,394.11,Healthcare,Android,Bengaluru,20,0,
TXN102862,2026-09-04 20:14:07,USER101892,USER101977,1846.14,Entertainment,iOS,Mumbai,20,0,
TXN102863,2026-09-04 20:14:10,USER102389,USER101176,730.28,P2P Transfer,iOS,Delhi,20,0,
TXN102864,2026-09-04 20:15:13,USER102375,USER101075,378.0,Healthcare,Android,Indore,20,0,
TXN102865,2026-09-04 20:17:41,USER100089,USER102717,100.59,Mobile Recharge,Android,Pune,20,0,
TXN102866,2026-09-04 20:18:38,USER102196,MERCH200123,566.89,Utility Bills,Android,Patna,20,0,
TXN102867,2026-09-04 20:21:15,USER101299,USER100150,390.2,Shopping,iOS,Chennai,20,0,
TXN102868,2026-09-04 20:22:06,USER101630,USER102652,761.55,Mobile Recharge,Android,Pune,20,0,
TXN102869,2026-09-04 20:22:23,USER102628,USER102693,727.96,Fuel,Android,Delhi,20,0,
TXN102870,2026-09-04 20:24:04,USER102444,USER102181,815.93,Entertainment,Android,Pune,20,0,
TXN102871,2026-09-04 20:28:20,USER101467,USER102249,1928.66,Fuel,Android,Pune,20,0,
TXN102872,2026-09-04 20:29:00,USER102810,MERCH200493,4563.62,P2P Transfer,Android,Jaipur,20,1,velocity_burst
TXN102873,2026-09-04 20:29:48,USER100628,MERCH201185,403.31,Mobile Recharge,Android,Mumbai,20,0,
TXN102874,2026-09-04 20:31:58,USER102107,USER100459,216.22,Grocery,iOS,Indore,20,0,
TXN102875,2026-09-04 20:35:39,USER102826,MERCH200204,2296.41,P2P Transfer,Android,Pune,20,0,
TXN102876,2026-09-04 20:35:58,USER102652,MERCH200919,204.32,Utility Bills,iOS,Jaipur,20,0,
TXN102877,2026-09-04 20:40:56,USER100725,MERCH200056,355.22,Food & Dining,Android,Mumbai,20,0,
TXN102878,2026-09-04 20:43:47,USER101696,USER101657,381.69,Fuel,Android,Hyderabad,20,0,
TXN102879,2026-09-04 20:44:13,USER102235,USER102365,156.09,Healthcare,Android,Ahmedabad,20,0,
TXN102880,2026-09-04 20:45:48,USER102524,USER101484,211.01,Entertainment,iOS,Bengaluru,20,0,
TXN102881,2026-09-04 20:46:33,USER100597,USER100021,93.98,Utility Bills,Android,Delhi,20,0,
TXN102882,2026-09-04 20:47:54,USER102963,MERCH201306,776.93,Entertainment,Android,Lucknow,20,0,
TXN102883,2026-09-04 20:47:56,USER101658,MERCH200116,258.61,Utility Bills,Android,Lucknow,20,0,
TXN102884,2026-09-04 20:49:06,USER101117,MERCH200810,87.05,Travel,Android,Delhi,20,0,
TXN102885,2026-09-04 20:51:24,USER100894,USER101547,87.45,P2P Transfer,Android,Delhi,20,0,
TXN102886,2026-09-04 20:52:16,USER102280,MERCH200420,429.38,Shopping,iOS,Delhi,20,0,
TXN102887,2026-09-04 20:52:36,USER101216,USER102268,614.13,Travel,Android,Pune,20,0,
TXN102888,2026-09-04 20:53:41,USER100795,USER101976,436.18,Fuel,Android,Lucknow,20,0,
TXN102889,2026-09-04 20:53:59,USER100887,USER101339,281.15,Fuel,Android,Hyderabad,20,0,
TXN102890,2026-09-04 20:55:31,USER101928,USER100975,846.36,Fuel,Android,Chennai,20,0,
TXN102891,2026-09-04 20:57:07,USER101808,USER102635,88.73,Food & Dining,Android,Pune,20,0,
TXN102892,2026-09-04 20:57:45,USER100595,USER102149,21.26,Travel,Android,Mumbai,20,0,
TXN102893,2026-09-04 20:57:55,USER102936,MERCH200059,1504.38,Travel,Android,Delhi,20,0,
TXN102894,2026-09-04 20:58:23,USER102955,USER101198,302.79,Shopping,Android,Kolkata,20,0,
TXN102895,2026-09-04 21:01:25,USER100103,MERCH200361,2779.0,Travel,Android,Delhi,21,0,
TXN102896,2026-09-04 21:01:48,USER102677,USER102458,315.44,Food & Dining,Android,Bengaluru,21,0,
TXN102897,2026-09-04 21:04:28,USER100866,USER100273,59.87,Mobile Recharge,Android,Kolkata,21,0,
TXN102898,2026-09-04 21:07:14,USER100138,USER100751,690.74,Grocery,Android,Pune,21,0,
TXN102899,2026-09-04 21:08:04,USER100288,USER100754,86.03,Mobile Recharge,Android,Jaipur,21,0,
TXN102900,2026-09-04 21:08:19,USER102336,USER101040,735.14,Utility Bills,Android,Chennai,21,0,
TXN102901,2026-09-04 21:09:37,USER100968,MERCH200146,428.23,Food & Dining,Android,Chennai,21,0,
TXN102902,2026-09-04 21:11:23,USER101787,USER101087,495.34,Entertainment,Android,Chennai,21,0,
TXN102903,2026-09-04 21:11:36,USER100892,USER102155,425.69,Travel,Android,Pune,21,0,
TXN102904,2026-09-04 21:12:09,USER102758,USER101753,112.09,Healthcare,Android,Lucknow,21,0,
TXN102905,2026-09-04 21:12:28,USER100251,MERCH200579,117.83,Healthcare,Android,Ahmedabad,21,0,
TXN102906,2026-09-04 21:12:40,USER100826,USER100942,208.07,Food & Dining,Android,Hyderabad,21,0,
TXN102907,2026-09-04 21:13:10,USER102255,MERCH200904,162.42,Shopping,Android,Delhi,21,0,
TXN102908,2026-09-04 21:14:24,USER101243,USER100754,112.95,Healthcare,Android,Kolkata,21,0,
TXN102909,2026-09-04 21:15:03,USER101182,MERCH201107,245.27,Utility Bills,iOS,Indore,21,0,
TXN102910,2026-09-04 21:15:19,USER101150,USER100016,1665.4,Mobile Recharge,Android,Bengaluru,21,0,
TXN102911,2026-09-04 21:18:29,USER100974,MERCH200409,813.68,Food & Dining,Android,Mumbai,21,0,
TXN102912,2026-09-04 21:18:58,USER101151,USER102898,1122.59,Utility Bills,Android,Mumbai,21,0,
TXN102913,2026-09-04 21:21:40,USER102959,USER101492,100.75,Healthcare,Android,Bengaluru,21,0,
TXN102914,2026-09-04 21:22:47,USER100201,MERCH200184,41.91,Travel,Android,Kolkata,21,0,
TXN102915,2026-09-04 21:26:26,USER102861,MERCH200827,360.84,P2P Transfer,iOS,Ahmedabad,21,0,
TXN102916,2026-09-04 21:30:06,USER101176,MERCH201229,90.3,Travel,Android,Mumbai,21,0,
TXN102917,2026-09-04 21:31:03,USER100838,MERCH200278,1692.51,Entertainment,Android,Hyderabad,21,0,
TXN102918,2026-09-04 21:40:40,USER100206,USER100943,774.65,P2P Transfer,Android,Hyderabad,21,0,
TXN102919,2026-09-04 21:40:47,USER102615,USER101561,1549.09,Mobile Recharge,iOS,Mumbai,21,0,
TXN102920,2026-09-04 21:43:56,USER102668,USER100194,198.73,P2P Transfer,iOS,Chennai,21,0,
TXN102921,2026-09-04 21:46:24,USER101056,USER101832,367.82,Travel,Android,Delhi,21,0,
TXN102922,2026-09-04 21:50:13,USER100952,USER102494,646.23,P2P Transfer,Android,Mumbai,21,0,
TXN102923,2026-09-04 21:56:02,USER102803,USER102443,402.79,Healthcare,Android,Mumbai,21,0,
TXN102924,2026-09-04 21:56:15,USER100762,USER102984,285.17,Healthcare,Android,Hyderabad,21,0,
TXN102925,2026-09-04 21:57:01,USER102131,USER102476,99.09,Travel,Android,Jaipur,21,0,
TXN102926,2026-09-04 21:57:06,USER102234,MERCH200241,74.74,Healthcare,Android,Mumbai,21,0,
TXN102927,2026-09-04 21:57:30,USER101716,MERCH201329,32.87,Travel,Android,Delhi,21,0,
TXN102928,2026-09-04 22:06:00,USER101715,MERCH200552,1719.57,P2P Transfer,Android,Bengaluru,22,1,velocity_burst
TXN102929,2026-09-04 22:07:44,USER102278,MERCH200777,212.85,Utility Bills,Android,Hyderabad,22,0,
TXN102930,2026-09-04 22:08:41,USER102590,USER101782,149.27,Healthcare,Android,Hyderabad,22,0,
TXN102931,2026-09-04 22:14:01,USER102181,USER100844,47.51,Utility Bills,Android,Mumbai,22,0,
TXN102932,2026-09-04 22:14:52,USER102957,USER100195,177.9,Healthcare,iOS,Delhi,22,0,
TXN102933,2026-09-04 22:17:43,USER101133,USER100608,617.64,Fuel,Android,Delhi,22,0,
TXN102934,2026-09-04 22:24:17,USER102135,USER102133,246.81,Fuel,Android,Bengaluru,22,0,
TXN102935,2026-09-04 22:29:46,USER102397,MERCH201330,1010.08,Utility Bills,Android,Bengaluru,22,0,
TXN102936,2026-09-04 22:31:34,USER100609,MERCH200657,541.49,Entertainment,Android,Hyderabad,22,0,
TXN102937,2026-09-04 22:32:13,USER102526,USER100247,918.41,Mobile Recharge,iOS,Mumbai,22,0,
TXN102938,2026-09-04 22:33:14,USER102651,USER102090,96.36,Mobile Recharge,Android,Ahmedabad,22,0,
TXN102939,2026-09-04 22:34:27,USER102511,MERCH200999,983.98,Utility Bills,Android,Delhi,22,0,
TXN102940,2026-09-04 22:39:38,USER101453,USER100620,225.83,Grocery,Android,Mumbai,22,0,
TXN102941,2026-09-04 22:46:35,USER100392,USER100839,222.96,Entertainment,Android,Pune,22,0,
TXN102942,2026-09-04 22:48:49,USER101189,USER100355,103.43,Grocery,Android,Pune,22,0,
TXN102943,2026-09-04 22:54:12,USER102004,USER100661,623.46,Grocery,Android,Bengaluru,22,0,
TXN102944,2026-09-04 22:55:42,USER102072,USER101139,192.27,P2P Transfer,Android,Chennai,22,0,
TXN102945,2026-09-04 22:55:54,USER102335,USER100930,417.02,Entertainment,Android,Chennai,22,0,
TXN102946,2026-09-04 22:57:44,USER100208,USER101344,85.9,Mobile Recharge,Android,Bengaluru,22,0,
TXN102947,2026-09-04 23:27:20,USER102562,USER102781,65.44,Entertainment,Android,Ahmedabad,23,0,
TXN102948,2026-09-04 23:33:27,USER100695,USER102162,397.17,Utility Bills,Android,Kolkata,23,0,
TXN102949,2026-09-04 23:36:35,USER102228,MERCH200712,1292.29,Entertainment,Android,Patna,23,0,
TXN102950,2026-09-05 00:10:52,USER101464,MERCH200190,441.71,Entertainment,Android,Pune,0,0,
TXN102951,2026-09-05 00:24:46,USER102954,MERCH200097,614.39,Mobile Recharge,Android,Delhi,0,0,
TXN102952,2026-09-05 00:55:03,USER101725,USER101618,1560.11,Healthcare,Android,Hyderabad,0,0,
TXN102953,2026-09-05 01:02:39,USER100929,MERCH201489,62.81,Travel,Android,Bengaluru,1,0,
TXN102954,2026-09-05 01:40:25,USER101357,USER102384,389.56,P2P Transfer,Android,Hyderabad,1,0,
TXN102955,2026-09-05 01:56:20,USER102814,USER101322,1833.55,Food & Dining,Android,Mumbai,1,0,
TXN102956,2026-09-05 02:07:00,USER100801,USER100177,38939.55,Mobile Recharge,Android,Chennai,2,1,odd_hour_high_amount
TXN102957,2026-09-05 03:12:05,USER102081,USER102925,2371.5,Shopping,Android,Mumbai,3,0,
TXN102958,2026-09-05 04:03:00,USER102791,MERCH201316,51227.58,Travel,Android,Delhi,4,1,odd_hour_high_amount
TXN102959,2026-09-05 05:05:46,USER100699,MERCH200132,443.27,Utility Bills,Android,Pune,5,0,
TXN102960,2026-09-05 05:27:47,USER102483,USER101424,171.58,Grocery,Android,Bengaluru,5,0,
TXN102961,2026-09-05 05:37:56,USER102730,USER100522,378.81,Grocery,Android,Pune,5,0,
TXN102962,2026-09-05 06:17:37,USER101674,MERCH201091,1009.18,Food & Dining,Android,Kolkata,6,0,
TXN102963,2026-09-05 06:46:18,USER101072,USER101449,218.47,Food & Dining,Android,Hyderabad,6,0,
TXN102964,2026-09-05 06:51:45,USER100035,USER101150,388.88,Food & Dining,iOS,Mumbai,6,0,
TXN102965,2026-09-05 07:03:46,USER101388,USER102197,38.02,P2P Transfer,Android,Hyderabad,7,0,
TXN102966,2026-09-05 07:13:54,USER100260,MERCH200557,612.16,P2P Transfer,iOS,Kolkata,7,0,
TXN102967,2026-09-05 07:15:24,USER102855,USER101998,303.63,Food & Dining,Android,Hyderabad,7,0,
TXN102968,2026-09-05 07:23:38,USER100545,USER102288,635.73,Utility Bills,Android,Delhi,7,0,
TXN102969,2026-09-05 07:31:27,USER101717,USER102538,132.47,Grocery,Android,Delhi,7,0,
TXN102970,2026-09-05 07:47:54,USER102860,USER101835,59.29,Utility Bills,iOS,Kolkata,7,0,
TXN102971,2026-09-05 07:57:03,USER100262,USER102155,2210.24,Food & Dining,iOS,Lucknow,7,0,
TXN102972,2026-09-05 07:59:09,USER101526,USER101131,353.71,Shopping,Android,Indore,7,0,
TXN102973,2026-09-05 08:04:17,USER100749,USER102342,399.36,Travel,Android,Bengaluru,8,0,
TXN102974,2026-09-05 08:04:23,USER102167,MERCH200420,284.27,Shopping,Android,Bengaluru,8,0,
TXN102975,2026-09-05 08:05:44,USER101870,MERCH200196,134.97,Fuel,Android,Hyderabad,8,0,
TXN102976,2026-09-05 08:06:54,USER100832,MERCH200115,343.29,Healthcare,iOS,Bengaluru,8,0,
TXN102977,2026-09-05 08:07:13,USER102846,USER102454,129.19,P2P Transfer,iOS,Pune,8,0,
TXN102978,2026-09-05 08:09:52,USER102490,USER102276,101.67,P2P Transfer,Android,Ahmedabad,8,0,
TXN102979,2026-09-05 08:12:11,USER101868,USER102042,3385.93,Shopping,Android,Bengaluru,8,0,
TXN102980,2026-09-05 08:13:48,USER101706,USER102789,162.31,P2P Transfer,Android,Pune,8,0,
TXN102981,2026-09-05 08:14:18,USER102108,MERCH200570,430.39,Mobile Recharge,Android,Pune,8,0,
TXN102982,2026-09-05 08:15:29,USER102407,USER100095,553.5,Food & Dining,iOS,Ahmedabad,8,0,
TXN102983,2026-09-05 08:15:31,USER102577,MERCH200200,502.23,Food & Dining,Android,Hyderabad,8,0,
TXN102984,2026-09-05 08:15:41,USER100876,USER100485,126.5,Shopping,Android,Ahmedabad,8,0,
TXN102985,2026-09-05 08:16:22,USER100538,USER100318,155.85,Healthcare,Android,Pune,8,0,
TXN102986,2026-09-05 08:17:28,USER101770,MERCH200874,814.14,Travel,Android,Mumbai,8,0,
TXN102987,2026-09-05 08:17:31,USER102213,USER102692,90.05,Healthcare,iOS,Pune,8,0,
TXN102988,2026-09-05 08:17:41,USER100771,MERCH200716,24.03,Shopping,Android,Mumbai,8,0,
TXN102989,2026-09-05 08:17:52,USER101366,USER101101,234.39,Utility Bills,iOS,Lucknow,8,0,
TXN102990,2026-09-05 08:18:34,USER101615,USER101695,2238.44,Food & Dining,Android,Bengaluru,8,0,
TXN102991,2026-09-05 08:21:29,USER101772,USER102747,699.39,Mobile Recharge,iOS,Kolkata,8,0,
TXN102992,2026-09-05 08:22:16,USER101134,USER100645,106.29,Food & Dining,iOS,Chennai,8,0,
TXN102993,2026-09-05 08:26:22,USER101633,USER102626,27.74,Fuel,Android,Ahmedabad,8,0,
TXN102994,2026-09-05 08:27:12,USER101435,USER100725,86.33,Fuel,iOS,Delhi,8,0,
TXN102995,2026-09-05 08:28:11,USER101766,USER100255,440.56,Travel,iOS,Bengaluru,8,0,
TXN102996,2026-09-05 08:29:11,USER100254,USER102933,66.73,Mobile Recharge,Android,Pune,8,0,
TXN102997,2026-09-05 08:30:30,USER101954,USER100663,1583.81,Grocery,Android,Lucknow,8,0,
TXN102998,2026-09-05 08:30:41,USER101078,USER102309,134.84,Fuel,Android,Hyderabad,8,0,
TXN102999,2026-09-05 08:32:31,USER100945,USER101441,647.16,Entertainment,Android,Chennai,8,0,
TXN103000,2026-09-05 08:33:18,USER100043,MERCH201054,317.07,P2P Transfer,Android,Mumbai,8,0,
TXN103001,2026-09-05 08:33:28,USER102031,USER102262,341.88,Fuel,Android,Mumbai,8,0,
TXN103002,2026-09-05 08:34:15,USER102738,USER102242,487.62,Utility Bills,Android,Mumbai,8,0,
TXN103003,2026-09-05 08:37:11,USER100338,USER100858,490.75,Mobile Recharge,iOS,Jaipur,8,0,
TXN103004,2026-09-05 08:38:31,USER100702,USER101252,421.39,P2P Transfer,Android,Delhi,8,0,
TXN103005,2026-09-05 08:40:20,USER101956,MERCH200601,174.09,Utility Bills,Android,Hyderabad,8,0,
TXN103006,2026-09-05 08:41:57,USER102551,USER101711,491.95,Shopping,Android,Delhi,8,0,
TXN103007,2026-09-05 08:45:48,USER102554,USER101626,500.68,Travel,Android,Bengaluru,8,0,
TXN103008,2026-09-05 08:47:41,USER101625,MERCH200942,132.86,P2P Transfer,Android,Mumbai,8,0,
TXN103009,2026-09-05 08:47:49,USER100571,USER100974,481.24,P2P Transfer,iOS,Ahmedabad,8,0,
TXN103010,2026-09-05 08:52:20,USER101903,USER100834,187.17,Travel,Android,Delhi,8,0,
TXN103011,2026-09-05 08:53:19,USER102893,USER102693,313.41,Utility Bills,iOS,Delhi,8,0,
TXN103012,2026-09-05 08:53:57,USER102401,MERCH200616,68.44,P2P Transfer,Android,Ahmedabad,8,0,
TXN103013,2026-09-05 08:57:38,USER100974,USER102104,172.0,Food & Dining,Android,Kolkata,8,0,
TXN103014,2026-09-05 08:59:13,USER101785,USER100995,884.56,Travel,Android,Bengaluru,8,0,
TXN103015,2026-09-05 09:00:27,USER102748,USER102944,17.81,P2P Transfer,Android,Pune,9,0,
TXN103016,2026-09-05 09:01:28,USER102069,USER100446,183.48,Fuel,Android,Pune,9,0,
TXN103017,2026-09-05 09:01:54,USER102824,MERCH200380,24.61,Entertainment,Android,Delhi,9,0,
TXN103018,2026-09-05 09:02:42,USER102027,USER102899,702.17,Food & Dining,Android,Bengaluru,9,0,
TXN103019,2026-09-05 09:03:35,USER101223,USER101903,200.76,P2P Transfer,iOS,Lucknow,9,0,
TXN103020,2026-09-05 09:06:48,USER102151,MERCH201014,1620.29,Shopping,Android,Hyderabad,9,0,
TXN103021,2026-09-05 09:06:48,USER101983,MERCH200117,344.8,P2P Transfer,Android,Bengaluru,9,0,
TXN103022,2026-09-05 09:08:22,USER101301,USER101498,677.02,Mobile Recharge,Android,Delhi,9,0,
TXN103023,2026-09-05 09:09:08,USER102598,USER102121,211.31,Food & Dining,Android,Delhi,9,0,
TXN103024,2026-09-05 09:09:19,USER101827,USER101313,233.87,Fuel,Android,Chennai,9,0,
TXN103025,2026-09-05 09:10:12,USER102698,USER100609,533.83,Mobile Recharge,Android,Ahmedabad,9,0,
TXN103026,2026-09-05 09:10:58,USER101210,USER102265,142.42,P2P Transfer,Android,Chennai,9,0,
TXN103027,2026-09-05 09:11:04,USER102097,USER101554,448.37,Fuel,Android,Hyderabad,9,0,
TXN103028,2026-09-05 09:11:14,USER102222,USER100194,577.18,Grocery,Android,Delhi,9,0,
TXN103029,2026-09-05 09:12:46,USER101689,MERCH200178,93.79,Food & Dining,Android,Mumbai,9,0,
TXN103030,2026-09-05 09:13:06,USER101621,MERCH201325,155.55,P2P Transfer,Android,Mumbai,9,0,
TXN103031,2026-09-05 09:13:27,USER102489,USER100796,1141.77,Fuel,Android,Mumbai,9,0,
TXN103032,2026-09-05 09:13:38,USER100333,MERCH200714,179.73,Healthcare,Android,Kolkata,9,0,
TXN103033,2026-09-05 09:15:15,USER100523,MERCH201002,437.08,Entertainment,Android,Mumbai,9,0,
TXN103034,2026-09-05 09:16:15,USER100073,MERCH201436,934.73,Travel,Android,Chennai,9,0,
TXN103035,2026-09-05 09:18:11,USER100242,USER102605,253.3,Travel,Android,Hyderabad,9,0,
TXN103036,2026-09-05 09:19:38,USER101631,MERCH201219,342.88,P2P Transfer,Android,Mumbai,9,0,
TXN103037,2026-09-05 09:26:15,USER100565,USER100687,640.67,Entertainment,Android,Bengaluru,9,0,
TXN103038,2026-09-05 09:26:23,USER100203,USER100197,31.75,Shopping,Android,Mumbai,9,0,
TXN103039,2026-09-05 09:28:41,USER101007,USER101170,379.83,Shopping,Android,Hyderabad,9,0,
TXN103040,2026-09-05 09:29:18,USER102139,USER100349,780.27,Healthcare,Android,Mumbai,9,0,
TXN103041,2026-09-05 09:30:52,USER102265,USER101899,433.95,Utility Bills,Android,Bengaluru,9,0,
TXN103042,2026-09-05 09:34:58,USER101991,MERCH200105,837.15,Food & Dining,Android,Jaipur,9,0,
TXN103043,2026-09-05 09:36:46,USER100159,USER102697,669.43,Entertainment,Android,Patna,9,0,
TXN103044,2026-09-05 09:36:55,USER102262,USER102947,86.16,Fuel,iOS,Ahmedabad,9,0,
TXN103045,2026-09-05 09:38:08,USER100009,USER100466,486.67,Shopping,Android,Mumbai,9,0,
TXN103046,2026-09-05 09:39:58,USER100244,USER102328,1229.8,Food & Dining,Android,Pune,9,0,
TXN103047,2026-09-05 09:41:02,USER100596,MERCH200624,1719.49,Healthcare,Android,Delhi,9,0,
TXN103048,2026-09-05 09:41:46,USER102207,USER102280,2743.15,Mobile Recharge,Android,Mumbai,9,0,
TXN103049,2026-09-05 09:42:48,USER102666,USER102887,611.99,Healthcare,iOS,Hyderabad,9,0,
TXN103050,2026-09-05 09:43:03,USER102808,USER101595,142.85,Travel,Android,Mumbai,9,0,
TXN103051,2026-09-05 09:44:19,USER102082,MERCH200413,744.66,Healthcare,iOS,Mumbai,9,0,
TXN103052,2026-09-05 09:46:16,USER100267,USER100569,446.53,Utility Bills,Android,Patna,9,0,
TXN103053,2026-09-05 09:49:09,USER101943,USER101828,410.64,Shopping,Android,Mumbai,9,0,
TXN103054,2026-09-05 09:51:38,USER102850,MERCH200740,829.45,Food & Dining,Android,Lucknow,9,0,
TXN103055,2026-09-05 09:52:33,USER101064,USER101743,947.86,Grocery,Android,Bengaluru,9,0,
TXN103056,2026-09-05 09:52:36,USER102940,USER102529,180.44,P2P Transfer,Android,Hyderabad,9,0,
TXN103057,2026-09-05 09:52:36,USER100725,USER101394,872.74,Utility Bills,Android,Delhi,9,0,
TXN103058,2026-09-05 09:55:06,USER101804,USER101349,131.92,Shopping,Android,Mumbai,9,0,
TXN103059,2026-09-05 09:57:27,USER101017,USER100946,472.63,Healthcare,iOS,Delhi,9,0,
TXN103060,2026-09-05 09:57:48,USER102419,MERCH200001,136.0,P2P Transfer,Android,Kolkata,9,0,
TXN103061,2026-09-05 09:58:29,USER101000,MERCH201366,402.2,Fuel,Android,Delhi,9,0,
TXN103062,2026-09-05 09:59:08,USER101945,USER100195,669.35,Healthcare,Android,Bengaluru,9,0,
TXN103063,2026-09-05 10:02:24,USER102984,USER100533,336.45,Food & Dining,Android,Patna,10,0,
TXN103064,2026-09-05 10:03:59,USER101126,USER100052,120.36,P2P Transfer,Android,Ahmedabad,10,0,
TXN103065,2026-09-05 10:04:02,USER102984,USER101529,2845.69,P2P Transfer,Android,Chennai,10,0,
TXN103066,2026-09-05 10:07:31,USER101795,USER100686,143.62,Entertainment,Android,Indore,10,0,
TXN103067,2026-09-05 10:09:49,USER100642,USER101989,218.22,Healthcare,Android,Delhi,10,0,
TXN103068,2026-09-05 10:10:00,USER100924,MERCH200065,167.99,Mobile Recharge,iOS,Mumbai,10,0,
TXN103069,2026-09-05 10:13:35,USER100965,MERCH200070,127.07,P2P Transfer,Android,Delhi,10,0,
TXN103070,2026-09-05 10:14:41,USER101090,USER101030,244.08,Entertainment,Android,Patna,10,0,
TXN103071,2026-09-05 10:16:11,USER100620,MERCH200459,828.9,Utility Bills,Android,Bengaluru,10,0,
TXN103072,2026-09-05 10:17:10,USER100322,USER100763,233.51,Mobile Recharge,Android,Bengaluru,10,0,
TXN103073,2026-09-05 10:18:18,USER102140,USER100265,339.33,Shopping,iOS,Pune,10,0,
TXN103074,2026-09-05 10:18:37,USER102187,USER100288,1254.16,Grocery,Android,Ahmedabad,10,0,
TXN103075,2026-09-05 10:18:58,USER101105,MERCH201073,382.05,Travel,Android,Jaipur,10,0,
TXN103076,2026-09-05 10:19:55,USER100750,USER100590,4046.91,Grocery,Android,Indore,10,0,
TXN103077,2026-09-05 10:21:24,USER101845,MERCH201124,338.84,Food & Dining,Android,Lucknow,10,0,
TXN103078,2026-09-05 10:22:19,USER101077,USER102501,213.34,Utility Bills,Android,Indore,10,0,
TXN103079,2026-09-05 10:23:43,USER100381,MERCH201227,550.2,Healthcare,Android,Kolkata,10,0,
TXN103080,2026-09-05 10:25:26,USER100794,MERCH200376,138.35,Travel,Android,Jaipur,10,0,
TXN103081,2026-09-05 10:28:58,USER100075,USER102954,233.95,Healthcare,Android,Kolkata,10,0,
TXN103082,2026-09-05 10:29:58,USER102659,USER102027,739.23,Grocery,Android,Mumbai,10,0,
TXN103083,2026-09-05 10:30:18,USER102004,USER102124,117.6,Healthcare,iOS,Pune,10,0,
TXN103084,2026-09-05 10:31:48,USER102052,USER102625,656.19,Grocery,Android,Hyderabad,10,0,
TXN103085,2026-09-05 10:32:34,USER100734,USER101084,135.27,Mobile Recharge,Android,Mumbai,10,0,
TXN103086,2026-09-05 10:32:43,USER102629,USER101786,534.72,Mobile Recharge,Android,Kolkata,10,0,
TXN103087,2026-09-05 10:34:40,USER101543,USER100577,1055.43,Entertainment,iOS,Kolkata,10,0,
TXN103088,2026-09-05 10:34:45,USER100886,MERCH200719,133.44,Shopping,Android,Hyderabad,10,0,
TXN103089,2026-09-05 10:35:06,USER102007,MERCH201275,737.94,Grocery,Android,Chennai,10,0,
TXN103090,2026-09-05 10:35:28,USER102846,MERCH201308,1932.33,Travel,Android,Bengaluru,10,0,
TXN103091,2026-09-05 10:36:29,USER101678,USER101554,215.23,Healthcare,Android,Chennai,10,0,
TXN103092,2026-09-05 10:37:36,USER100286,USER101024,928.09,P2P Transfer,iOS,Bengaluru,10,0,
TXN103093,2026-09-05 10:38:58,USER100018,USER100989,114.5,P2P Transfer,Android,Delhi,10,0,
TXN103094,2026-09-05 10:39:17,USER100775,USER102102,119.79,Shopping,Android,Delhi,10,0,
TXN103095,2026-09-05 10:39:41,USER101885,USER101752,723.4,Healthcare,Android,Ahmedabad,10,0,
TXN103096,2026-09-05 10:40:01,USER101303,MERCH200011,128.97,Food & Dining,iOS,Indore,10,0,
TXN103097,2026-09-05 10:40:28,USER100661,USER101697,186.55,Food & Dining,iOS,Bengaluru,10,0,
TXN103098,2026-09-05 10:40:36,USER102967,USER102494,433.48,Grocery,iOS,Ahmedabad,10,0,
TXN103099,2026-09-05 10:40:44,USER100741,USER100945,316.29,Fuel,Android,Mumbai,10,0,
TXN103100,2026-09-05 10:43:08,USER102909,MERCH200582,358.31,Entertainment,Android,Chennai,10,0,
TXN103101,2026-09-05 10:44:05,USER101258,MERCH201097,127.47,Shopping,Android,Hyderabad,10,0,
TXN103102,2026-09-05 10:48:32,USER101493,USER102448,468.52,Food & Dining,Android,Pune,10,0,
TXN103103,2026-09-05 10:49:18,USER101548,USER101012,893.95,Fuel,Android,Mumbai,10,0,
TXN103104,2026-09-05 10:52:47,USER102986,USER102704,10000.0,Mobile Recharge,Android,Chennai,10,1,round_number
TXN103105,2026-09-05 10:54:27,USER101680,MERCH200950,25.51,Mobile Recharge,Android,Delhi,10,0,
TXN103106,2026-09-05 10:54:31,USER101172,USER100253,1911.24,Shopping,iOS,Bengaluru,10,0,
TXN103107,2026-09-05 10:55:15,USER101215,USER101224,170.78,Entertainment,Android,Hyderabad,10,0,
TXN103108,2026-09-05 10:56:22,USER100337,MERCH200042,999.84,Mobile Recharge,Android,Delhi,10,0,
TXN103109,2026-09-05 10:57:17,USER100723,USER102548,196.91,Travel,Android,Pune,10,0,
TXN103110,2026-09-05 10:59:22,USER101077,USER100363,805.66,P2P Transfer,Android,Pune,10,0,
TXN103111,2026-09-05 11:01:14,USER102461,USER100829,241.15,Shopping,Android,Kolkata,11,0,
TXN103112,2026-09-05 11:01:18,USER100400,USER101165,168.73,P2P Transfer,Android,Hyderabad,11,0,
TXN103113,2026-09-05 11:01:56,USER102381,USER101742,94.63,Healthcare,Android,Chennai,11,0,
TXN103114,2026-09-05 11:02:36,USER101142,USER102896,246.3,Grocery,iOS,Mumbai,11,0,
TXN103115,2026-09-05 11:03:00,USER100182,USER102201,1058.67,Mobile Recharge,Android,Lucknow,11,0,
TXN103116,2026-09-05 11:03:25,USER101404,USER101456,514.51,Shopping,Android,Lucknow,11,0,
TXN103117,2026-09-05 11:03:34,USER100919,MERCH201362,118.81,Fuel,Android,Delhi,11,0,
TXN103118,2026-09-05 11:06:52,USER100533,USER100534,852.14,Mobile Recharge,Android,Delhi,11,0,
TXN103119,2026-09-05 11:07:25,USER101480,USER101566,192.76,Fuel,Android,Hyderabad,11,0,
TXN103120,2026-09-05 11:07:56,USER101102,USER100389,1756.8,P2P Transfer,iOS,Patna,11,0,
TXN103121,2026-09-05 11:08:06,USER100044,USER102080,1628.33,Entertainment,Android,Delhi,11,0,
TXN103122,2026-09-05 11:09:38,USER100478,USER100383,2702.41,Mobile Recharge,Android,Ahmedabad,11,0,
TXN103123,2026-09-05 11:10:49,USER102578,USER101284,460.08,Fuel,Android,Bengaluru,11,0,
TXN103124,2026-09-05 11:11:11,USER102035,USER100715,748.84,P2P Transfer,Android,Kolkata,11,0,
TXN103125,2026-09-05 11:11:12,USER102729,USER101380,1259.86,Fuel,iOS,Jaipur,11,0,
TXN103126,2026-09-05 11:11:27,USER102677,USER102469,362.62,Fuel,Android,Delhi,11,0,
TXN103127,2026-09-05 11:12:19,USER100481,USER102921,163.98,Food & Dining,iOS,Mumbai,11,0,
TXN103128,2026-09-05 11:12:57,USER101636,USER100401,1112.83,Grocery,Android,Chennai,11,0,
TXN103129,2026-09-05 11:13:51,USER100872,USER100338,459.85,Grocery,iOS,Mumbai,11,0,
TXN103130,2026-09-05 11:14:24,USER102888,MERCH200975,441.44,Grocery,iOS,Delhi,11,0,
TXN103131,2026-09-05 11:15:23,USER101785,USER101867,197.63,Food & Dining,iOS,Pune,11,0,
TXN103132,2026-09-05 11:19:01,USER101147,USER100041,2238.0,Shopping,Android,Delhi,11,0,
TXN103133,2026-09-05 11:20:15,USER101194,USER102904,1659.45,Utility Bills,Android,Patna,11,0,
TXN103134,2026-09-05 11:20:37,USER102919,MERCH200859,462.42,Entertainment,Android,Hyderabad,11,0,
TXN103135,2026-09-05 11:20:39,USER100811,USER102311,288.76,Utility Bills,Android,Delhi,11,0,
TXN103136,2026-09-05 11:21:37,USER102083,USER101227,162.79,Fuel,Android,Kolkata,11,0,
TXN103137,2026-09-05 11:25:02,USER101399,MERCH200683,50000.0,Entertainment,Android,Bengaluru,11,1,round_number
TXN103138,2026-09-05 11:25:21,USER101073,USER100221,68.41,Entertainment,Android,Ahmedabad,11,0,
TXN103139,2026-09-05 11:27:02,USER102611,USER101599,1107.89,Utility Bills,Android,Mumbai,11,0,
TXN103140,2026-09-05 11:29:17,USER100178,MERCH200892,721.5,Entertainment,Android,Ahmedabad,11,0,
TXN103141,2026-09-05 11:30:08,USER102388,USER102630,767.78,Utility Bills,Android,Bengaluru,11,0,
TXN103142,2026-09-05 11:30:14,USER102541,USER101766,32.15,Mobile Recharge,Android,Kolkata,11,0,
TXN103143,2026-09-05 11:31:30,USER102322,USER102029,1327.66,Utility Bills,Android,Kolkata,11,0,
TXN103144,2026-09-05 11:32:24,USER102402,MERCH201178,1409.23,Grocery,Android,Lucknow,11,0,
TXN103145,2026-09-05 11:33:58,USER102041,MERCH200999,70.38,Travel,iOS,Delhi,11,0,
TXN103146,2026-09-05 11:34:46,USER100657,USER102496,2400.72,Mobile Recharge,iOS,Jaipur,11,0,
TXN103147,2026-09-05 11:35:45,USER100915,USER100849,573.56,Mobile Recharge,Android,Jaipur,11,0,
TXN103148,2026-09-05 11:35:57,USER100550,MERCH200377,241.93,P2P Transfer,Android,Patna,11,0,
TXN103149,2026-09-05 11:35:58,USER100915,USER101046,77.08,Utility Bills,iOS,Hyderabad,11,0,
TXN103150,2026-09-05 11:36:40,USER100788,MERCH201143,1000.21,P2P Transfer,Android,Pune,11,0,
TXN103151,2026-09-05 11:36:58,USER100154,USER100171,96.59,Travel,Android,Hyderabad,11,0,
TXN103152,2026-09-05 11:37:54,USER100204,USER102328,194.26,Fuel,Android,Delhi,11,0,
TXN103153,2026-09-05 11:40:43,USER100960,USER102541,222.47,P2P Transfer,Android,Chennai,11,0,
TXN103154,2026-09-05 11:40:49,USER102266,USER101419,155.1,Utility Bills,iOS,Ahmedabad,11,0,
TXN103155,2026-09-05 11:42:21,USER102690,MERCH200719,283.23,Healthcare,Android,Delhi,11,0,
TXN103156,2026-09-05 11:45:59,USER102820,USER101297,41.29,Entertainment,iOS,Delhi,11,0,
TXN103157,2026-09-05 11:46:05,USER101434,MERCH201154,527.87,Food & Dining,iOS,Mumbai,11,0,
TXN103158,2026-09-05 11:47:02,USER102149,MERCH201331,1029.76,Grocery,Android,Delhi,11,0,
TXN103159,2026-09-05 11:47:44,USER100549,USER101153,258.37,Mobile Recharge,Android,Pune,11,0,
TXN103160,2026-09-05 11:48:06,USER102794,MERCH200220,200.03,Travel,Android,Mumbai,11,0,
TXN103161,2026-09-05 11:49:06,USER101894,MERCH200570,397.69,Mobile Recharge,Android,Delhi,11,0,
TXN103162,2026-09-05 11:54:31,USER101559,USER101915,585.96,Entertainment,Android,Chennai,11,0,
TXN103163,2026-09-05 11:55:21,USER101420,USER102253,2528.1,Food & Dining,Android,Bengaluru,11,0,
TXN103164,2026-09-05 11:55:30,USER101348,USER100553,70.9,Shopping,Android,Delhi,11,0,
TXN103165,2026-09-05 11:57:40,USER101109,MERCH200138,198.77,Healthcare,Android,Lucknow,11,0,
TXN103166,2026-09-05 11:59:09,USER100611,USER102235,1053.9,Grocery,Android,Delhi,11,0,
TXN103167,2026-09-05 12:01:08,USER102699,MERCH200113,203.38,Fuel,Android,Delhi,12,0,
TXN103168,2026-09-05 12:01:28,USER100160,USER100845,628.96,Food & Dining,Android,Pune,12,0,
TXN103169,2026-09-05 12:01:57,USER100814,MERCH200237,135.94,Mobile Recharge,Android,Delhi,12,0,
TXN103170,2026-09-05 12:02:00,USER100423,USER102258,92.81,Utility Bills,Android,Delhi,12,0,
TXN103171,2026-09-05 12:02:02,USER100133,USER100968,279.33,Utility Bills,Android,Chennai,12,0,
TXN103172,2026-09-05 12:03:17,USER102768,MERCH200159,92.98,Entertainment,Android,Lucknow,12,0,
TXN103173,2026-09-05 12:03:22,USER100476,MERCH201313,499.63,Entertainment,Android,Mumbai,12,0,
TXN103174,2026-09-05 12:03:51,USER102357,MERCH200764,125.32,Grocery,Android,Delhi,12,0,
TXN103175,2026-09-05 12:04:26,USER102630,USER100400,392.53,Food & Dining,Android,Jaipur,12,0,
TXN103176,2026-09-05 12:05:08,USER102867,USER102466,659.64,Grocery,Android,Mumbai,12,0,
TXN103177,2026-09-05 12:13:26,USER102702,USER100711,558.01,Fuel,Android,Pune,12,0,
TXN103178,2026-09-05 12:15:11,USER101240,MERCH201085,507.89,Grocery,Android,Mumbai,12,0,
TXN103179,2026-09-05 12:16:07,USER100169,USER102322,317.04,Food & Dining,iOS,Mumbai,12,0,
TXN103180,2026-09-05 12:16:53,USER100364,MERCH200605,190.64,Grocery,Android,Patna,12,0,
TXN103181,2026-09-05 12:19:19,USER100788,USER102554,21.47,P2P Transfer,Android,Mumbai,12,0,
TXN103182,2026-09-05 12:19:37,USER101755,MERCH200458,143.77,Grocery,Android,Mumbai,12,0,
TXN103183,2026-09-05 12:19:39,USER101147,MERCH200669,1122.02,Mobile Recharge,Android,Kolkata,12,0,
TXN103184,2026-09-05 12:19:47,USER102801,USER100792,871.33,Utility Bills,Android,Hyderabad,12,0,
TXN103185,2026-09-05 12:21:59,USER100871,USER102330,206.58,Mobile Recharge,Android,Kolkata,12,0,
TXN103186,2026-09-05 12:22:46,USER101240,USER101517,495.68,P2P Transfer,Android,Mumbai,12,0,
TXN103187,2026-09-05 12:22:58,USER102155,MERCH201271,216.84,Mobile Recharge,Android,Pune,12,0,
TXN103188,2026-09-05 12:23:02,USER101219,USER100097,393.02,Entertainment,Android,Patna,12,0,
TXN103189,2026-09-05 12:23:26,USER102282,USER101114,682.05,Mobile Recharge,Android,Kolkata,12,0,
TXN103190,2026-09-05 12:24:18,USER100549,USER100746,425.44,Food & Dining,Android,Chennai,12,0,
TXN103191,2026-09-05 12:24:22,USER102814,MERCH200311,221.93,Travel,Android,Delhi,12,0,
TXN103192,2026-09-05 12:25:40,USER100407,MERCH201007,271.93,P2P Transfer,Android,Indore,12,0,
TXN103193,2026-09-05 12:25:45,USER100721,USER101252,493.41,Shopping,Android,Ahmedabad,12,0,
TXN103194,2026-09-05 12:27:37,USER100639,MERCH200926,1412.0,Fuel,Android,Delhi,12,0,
TXN103195,2026-09-05 12:29:14,USER102091,USER100704,216.26,P2P Transfer,Android,Mumbai,12,0,
TXN103196,2026-09-05 12:30:03,USER101508,USER101840,201.85,Utility Bills,Android,Bengaluru,12,0,
TXN103197,2026-09-05 12:30:11,USER102738,USER100801,85.98,Travel,iOS,Mumbai,12,0,
TXN103198,2026-09-05 12:30:33,USER100228,MERCH200230,1087.58,Food & Dining,iOS,Mumbai,12,0,
TXN103199,2026-09-05 12:30:39,USER101128,USER100562,480.57,Entertainment,Android,Kolkata,12,0,
TXN103200,2026-09-05 12:30:48,USER100964,USER101671,323.8,Food & Dining,Android,Chennai,12,0,
TXN103201,2026-09-05 12:30:51,USER100351,USER102350,165.38,Grocery,Android,Bengaluru,12,0,
TXN103202,2026-09-05 12:32:44,USER100844,USER101313,831.2,Utility Bills,Android,Delhi,12,0,
TXN103203,2026-09-05 12:33:55,USER100717,MERCH200435,101.7,Entertainment,iOS,Ahmedabad,12,0,
TXN103204,2026-09-05 12:35:18,USER101188,USER100611,1083.1,Entertainment,Android,Ahmedabad,12,0,
TXN103205,2026-09-05 12:38:10,USER102509,MERCH200567,716.14,Travel,Android,Hyderabad,12,0,
TXN103206,2026-09-05 12:39:01,USER101730,USER102410,783.09,Entertainment,Android,Pune,12,0,
TXN103207,2026-09-05 12:39:58,USER102763,USER101636,288.97,Grocery,iOS,Hyderabad,12,0,
TXN103208,2026-09-05 12:40:54,USER101238,USER101998,3576.4,Fuel,Android,Pune,12,0,
TXN103209,2026-09-05 12:40:59,USER100609,MERCH200121,426.36,Entertainment,Android,Indore,12,0,
TXN103210,2026-09-05 12:41:06,USER101301,USER102398,403.03,Food & Dining,Android,Pune,12,0,
TXN103211,2026-09-05 12:41:36,USER100954,USER100499,1740.81,Food & Dining,Android,Delhi,12,0,
TXN103212,2026-09-05 12:42:14,USER100929,MERCH201360,65.08,Mobile Recharge,Android,Patna,12,0,
TXN103213,2026-09-05 12:42:49,USER102146,USER102269,209.32,Grocery,Android,Bengaluru,12,0,
TXN103214,2026-09-05 12:43:09,USER100233,USER100328,366.57,Food & Dining,Android,Delhi,12,0,
TXN103215,2026-09-05 12:43:52,USER101023,MERCH200241,2979.57,Fuel,Android,Pune,12,0,
TXN103216,2026-09-05 12:44:27,USER101892,MERCH201404,48.03,Grocery,Android,Bengaluru,12,0,
TXN103217,2026-09-05 12:48:34,USER100225,USER100166,845.33,Fuel,Android,Lucknow,12,0,
TXN103218,2026-09-05 12:48:46,USER102339,USER100432,510.45,Shopping,Android,Mumbai,12,0,
TXN103219,2026-09-05 12:48:58,USER101117,MERCH200537,846.33,Utility Bills,Android,Jaipur,12,0,
TXN103220,2026-09-05 12:49:24,USER100951,MERCH200734,45.17,Shopping,Android,Bengaluru,12,0,
TXN103221,2026-09-05 12:49:35,USER102253,USER101955,57.75,Entertainment,Android,Mumbai,12,0,
TXN103222,2026-09-05 12:50:31,USER100209,USER101678,73.79,Food & Dining,Android,Delhi,12,0,
TXN103223,2026-09-05 12:50:37,USER100485,MERCH200599,291.67,P2P Transfer,Android,Pune,12,0,
TXN103224,2026-09-05 12:51:04,USER100461,MERCH201321,768.06,Healthcare,Android,Pune,12,0,
TXN103225,2026-09-05 12:51:08,USER101111,MERCH200163,253.89,Shopping,Android,Pune,12,0,
TXN103226,2026-09-05 12:51:41,USER101523,USER100569,171.37,Entertainment,Android,Patna,12,0,
TXN103227,2026-09-05 12:53:13,USER100960,USER100344,268.64,Fuel,Android,Delhi,12,0,
TXN103228,2026-09-05 12:54:19,USER101180,USER100523,892.12,Shopping,Android,Pune,12,0,
TXN103229,2026-09-05 12:55:23,USER100474,MERCH200744,185.71,P2P Transfer,iOS,Bengaluru,12,0,
TXN103230,2026-09-05 12:55:25,USER101427,MERCH200727,104.77,Fuel,Android,Pune,12,0,
TXN103231,2026-09-05 12:59:08,USER102404,USER101990,161.05,Utility Bills,Android,Kolkata,12,0,
TXN103232,2026-09-05 13:04:19,USER102920,USER102616,781.01,Entertainment,Android,Bengaluru,13,0,
TXN103233,2026-09-05 13:04:56,USER100462,MERCH200062,248.62,Fuel,Android,Delhi,13,0,
TXN103234,2026-09-05 13:05:56,USER101521,MERCH200544,244.58,Travel,Android,Mumbai,13,0,
TXN103235,2026-09-05 13:09:18,USER102231,MERCH200409,55.17,P2P Transfer,iOS,Pune,13,0,
TXN103236,2026-09-05 13:09:28,USER101815,USER101982,119.09,Travel,Android,Mumbai,13,0,
TXN103237,2026-09-05 13:10:38,USER100956,MERCH200993,281.45,Grocery,Android,Hyderabad,13,0,
TXN103238,2026-09-05 13:12:24,USER102735,USER102338,59.44,Fuel,Android,Delhi,13,0,
TXN103239,2026-09-05 13:12:25,USER102136,MERCH200890,134.43,Shopping,Android,Pune,13,0,
TXN103240,2026-09-05 13:13:32,USER100990,USER101327,577.6,Healthcare,Android,Delhi,13,0,
TXN103241,2026-09-05 13:16:26,USER102206,USER101316,364.86,Healthcare,Android,Mumbai,13,0,
TXN103242,2026-09-05 13:17:52,USER100427,USER101096,178.25,P2P Transfer,Android,Patna,13,0,
TXN103243,2026-09-05 13:18:36,USER101917,USER102546,251.49,Entertainment,Android,Ahmedabad,13,0,
TXN103244,2026-09-05 13:18:51,USER100791,USER100923,698.96,P2P Transfer,Android,Mumbai,13,0,
TXN103245,2026-09-05 13:19:38,USER100455,USER101945,2621.25,Entertainment,Android,Bengaluru,13,0,
TXN103246,2026-09-05 13:19:58,USER100580,USER102441,167.85,Mobile Recharge,iOS,Bengaluru,13,0,
TXN103247,2026-09-05 13:21:09,USER100413,USER100828,266.01,Entertainment,Android,Pune,13,0,
TXN103248,2026-09-05 13:26:04,USER101351,USER101609,190.86,Shopping,Android,Hyderabad,13,0,
TXN103249,2026-09-05 13:26:35,USER102398,USER100234,423.01,Entertainment,iOS,Mumbai,13,0,
TXN103250,2026-09-05 13:28:09,USER102421,USER102339,456.33,Food & Dining,Android,Lucknow,13,0,
TXN103251,2026-09-05 13:28:22,USER101409,USER100588,759.35,Mobile Recharge,Android,Ahmedabad,13,0,
TXN103252,2026-09-05 13:29:20,USER100452,MERCH200753,1531.43,Healthcare,iOS,Mumbai,13,0,
TXN103253,2026-09-05 13:31:26,USER102595,MERCH201258,270.11,Entertainment,Android,Ahmedabad,13,0,
TXN103254,2026-09-05 13:32:22,USER102730,USER100317,205.44,Healthcare,Android,Mumbai,13,0,
TXN103255,2026-09-05 13:32:38,USER100551,USER102542,870.94,P2P Transfer,Android,Mumbai,13,0,
TXN103256,2026-09-05 13:32:46,USER101274,MERCH201464,95.24,Travel,Android,Jaipur,13,0,
TXN103257,2026-09-05 13:35:10,USER101308,USER102356,579.81,P2P Transfer,Android,Pune,13,0,
TXN103258,2026-09-05 13:37:36,USER102520,USER101672,2107.29,Travel,iOS,Mumbai,13,0,
TXN103259,2026-09-05 13:41:36,USER100588,USER100103,602.37,Utility Bills,Android,Ahmedabad,13,0,
TXN103260,2026-09-05 13:42:26,USER100208,USER101613,113.88,Healthcare,Android,Chennai,13,0,
TXN103261,2026-09-05 13:44:08,USER101294,USER101770,820.17,Entertainment,Android,Pune,13,0,
TXN103262,2026-09-05 13:44:53,USER102505,USER102431,173.55,Travel,iOS,Kolkata,13,0,
TXN103263,2026-09-05 13:45:07,USER102328,MERCH200039,201.26,Fuel,Android,Delhi,13,0,
TXN103264,2026-09-05 13:45:22,USER100631,USER102029,102.87,Food & Dining,Android,Kolkata,13,0,
TXN103265,2026-09-05 13:46:06,USER102331,USER101894,106.19,Travel,iOS,Bengaluru,13,0,
TXN103266,2026-09-05 13:47:49,USER102924,MERCH200015,178.92,Grocery,Android,Mumbai,13,0,
TXN103267,2026-09-05 13:48:26,USER102814,MERCH200118,1499.02,Healthcare,Android,Bengaluru,13,0,
TXN103268,2026-09-05 13:49:40,USER101383,MERCH201069,495.08,Utility Bills,Android,Jaipur,13,0,
TXN103269,2026-09-05 13:58:15,USER102410,USER101042,4449.02,Mobile Recharge,Android,Chennai,13,0,
TXN103270,2026-09-05 14:01:10,USER100071,MERCH201316,485.53,Entertainment,Android,Hyderabad,14,0,
TXN103271,2026-09-05 14:05:17,USER101497,USER102950,644.78,Mobile Recharge,Android,Jaipur,14,0,
TXN103272,2026-09-05 14:05:45,USER101858,USER101386,96.55,Utility Bills,iOS,Hyderabad,14,0,
TXN103273,2026-09-05 14:07:14,USER101067,USER102335,120.02,P2P Transfer,Android,Mumbai,14,0,
TXN103274,2026-09-05 14:07:27,USER101762,MERCH200083,413.3,Mobile Recharge,iOS,Delhi,14,0,
TXN103275,2026-09-05 14:08:47,USER100114,MERCH201451,585.4,Fuel,iOS,Chennai,14,0,
TXN103276,2026-09-05 14:12:07,USER100940,USER102981,560.6,Mobile Recharge,Android,Delhi,14,0,
TXN103277,2026-09-05 14:13:01,USER100813,USER100675,514.23,P2P Transfer,iOS,Ahmedabad,14,0,
TXN103278,2026-09-05 14:13:35,USER100460,USER102359,613.17,Grocery,Android,Mumbai,14,0,
TXN103279,2026-09-05 14:15:08,USER100733,USER102927,961.72,Travel,iOS,Delhi,14,0,
TXN103280,2026-09-05 14:15:30,USER101966,USER100360,368.59,Entertainment,Android,Bengaluru,14,0,
TXN103281,2026-09-05 14:17:22,USER101146,USER100682,1423.3,Travel,Android,Lucknow,14,0,
TXN103282,2026-09-05 14:20:48,USER102598,USER100177,485.08,P2P Transfer,Android,Pune,14,0,
TXN103283,2026-09-05 14:20:49,USER101306,USER101333,386.28,Travel,Android,Kolkata,14,0,
TXN103284,2026-09-05 14:20:49,USER101790,USER101017,525.21,Food & Dining,iOS,Chennai,14,0,
TXN103285,2026-09-05 14:21:47,USER100811,USER101238,299.54,Grocery,iOS,Pune,14,0,
TXN103286,2026-09-05 14:21:52,USER101306,USER100403,258.25,P2P Transfer,iOS,Mumbai,14,0,
TXN103287,2026-09-05 14:22:24,USER102054,USER101031,354.47,Mobile Recharge,Android,Delhi,14,0,
TXN103288,2026-09-05 14:24:29,USER100827,MERCH201014,382.65,Entertainment,Android,Chennai,14,0,
TXN103289,2026-09-05 14:26:25,USER102280,USER102090,2098.66,P2P Transfer,Android,Chennai,14,0,
TXN103290,2026-09-05 14:27:20,USER101773,USER102177,1026.48,Grocery,Android,Chennai,14,0,
TXN103291,2026-09-05 14:27:42,USER100402,MERCH200942,127.77,Shopping,iOS,Patna,14,0,
TXN103292,2026-09-05 14:30:47,USER100967,USER102654,2236.71,Grocery,Android,Pune,14,0,
TXN103293,2026-09-05 14:32:20,USER102462,USER102839,263.63,Grocery,iOS,Chennai,14,0,
TXN103294,2026-09-05 14:33:19,USER100564,USER100593,40.5,Fuel,Android,Kolkata,14,0,
TXN103295,2026-09-05 14:34:19,USER101406,USER100706,680.81,Travel,Android,Mumbai,14,0,
TXN103296,2026-09-05 14:35:49,USER100099,MERCH201010,56.67,Grocery,Android,Mumbai,14,0,
TXN103297,2026-09-05 14:36:04,USER101299,MERCH200889,135.98,Food & Dining,Android,Ahmedabad,14,0,
TXN103298,2026-09-05 14:39:38,USER102474,MERCH200819,27.15,Grocery,Android,Ahmedabad,14,0,
TXN103299,2026-09-05 14:40:34,USER100605,USER101655,821.22,Healthcare,Android,Bengaluru,14,0,
TXN103300,2026-09-05 14:42:43,USER101137,USER100688,302.12,P2P Transfer,Android,Delhi,14,0,
TXN103301,2026-09-05 14:43:27,USER100625,USER101785,108.49,Shopping,iOS,Bengaluru,14,0,
TXN103302,2026-09-05 14:43:28,USER100628,USER101737,269.89,Food & Dining,Android,Delhi,14,0,
TXN103303,2026-09-05 14:44:26,USER102463,USER100193,910.63,Healthcare,iOS,Mumbai,14,0,
TXN103304,2026-09-05 14:44:48,USER100747,USER101506,123.45,Food & Dining,Android,Chennai,14,0,
TXN103305,2026-09-05 14:46:15,USER102923,MERCH201451,374.03,Mobile Recharge,Android,Delhi,14,0,
TXN103306,2026-09-05 14:46:20,USER101171,USER102392,547.19,Entertainment,iOS,Bengaluru,14,0,
TXN103307,2026-09-05 14:47:34,USER100338,USER101562,1882.09,Entertainment,Android,Bengaluru,14,0,
TXN103308,2026-09-05 14:47:58,USER101358,USER100299,1482.92,Entertainment,Android,Indore,14,0,
TXN103309,2026-09-05 14:58:19,USER101387,MERCH200867,143.33,Grocery,Android,Hyderabad,14,0,
TXN103310,2026-09-05 14:59:55,USER101148,USER102954,667.87,Entertainment,iOS,Chennai,14,0,
TXN103311,2026-09-05 15:06:53,USER101716,USER102545,269.38,Grocery,Android,Pune,15,0,
TXN103312,2026-09-05 15:07:47,USER100895,USER102368,49.33,Grocery,Android,Ahmedabad,15,0,
TXN103313,2026-09-05 15:08:30,USER101748,USER100493,521.98,Travel,iOS,Kolkata,15,0,
TXN103314,2026-09-05 15:09:32,USER100645,MERCH201087,704.02,Fuel,Android,Hyderabad,15,0,
TXN103315,2026-09-05 15:09:57,USER100211,MERCH200666,149.66,Mobile Recharge,iOS,Kolkata,15,0,
TXN103316,2026-09-05 15:15:22,USER100296,MERCH200758,324.25,Shopping,Android,Kolkata,15,0,
TXN103317,2026-09-05 15:15:56,USER101273,MERCH201000,450.64,Shopping,Android,Mumbai,15,0,
TXN103318,2026-09-05 15:19:54,USER100471,USER102166,666.91,Fuel,Android,Indore,15,0,
TXN103319,2026-09-05 15:20:18,USER102380,USER101103,184.15,Mobile Recharge,iOS,Delhi,15,0,
TXN103320,2026-09-05 15:28:16,USER100913,MERCH200733,1333.14,Food & Dining,Android,Lucknow,15,0,
TXN103321,2026-09-05 15:28:39,USER102173,USER102302,2006.42,Grocery,Android,Hyderabad,15,0,
TXN103322,2026-09-05 15:32:59,USER101795,USER101323,348.15,Utility Bills,iOS,Chennai,15,0,
TXN103323,2026-09-05 15:32:59,USER100092,USER101141,537.76,P2P Transfer,Android,Chennai,15,0,
TXN103324,2026-09-05 15:34:42,USER102201,USER102145,86.75,Utility Bills,iOS,Delhi,15,0,
TXN103325,2026-09-05 15:35:31,USER102774,USER102879,227.41,Travel,iOS,Bengaluru,15,0,
TXN103326,2026-09-05 15:35:37,USER101513,MERCH201441,2461.23,Utility Bills,iOS,Delhi,15,0,
TXN103327,2026-09-05 15:37:52,USER101173,USER101288,74.57,Healthcare,Android,Delhi,15,0,
TXN103328,2026-09-05 15:38:15,USER101483,USER100441,337.17,P2P Transfer,iOS,Mumbai,15,0,
TXN103329,2026-09-05 15:38:22,USER101456,MERCH201382,704.3,P2P Transfer,Android,Mumbai,15,0,
TXN103330,2026-09-05 15:43:29,USER100750,USER100650,86.69,Fuel,Android,Jaipur,15,0,
TXN103331,2026-09-05 15:45:08,USER102264,MERCH200516,214.41,Entertainment,Android,Hyderabad,15,0,
TXN103332,2026-09-05 15:46:00,USER100548,MERCH200681,172.93,Entertainment,Android,Chennai,15,0,
TXN103333,2026-09-05 15:48:08,USER101752,USER101311,441.48,Healthcare,Android,Mumbai,15,0,
TXN103334,2026-09-05 15:49:02,USER101816,MERCH201379,34.62,Food & Dining,Android,Hyderabad,15,0,
TXN103335,2026-09-05 15:49:21,USER100955,USER100829,343.23,Fuel,Android,Bengaluru,15,0,
TXN103336,2026-09-05 15:49:49,USER102661,USER102429,99.53,Shopping,Android,Mumbai,15,0,
TXN103337,2026-09-05 15:50:26,USER102018,MERCH200710,117.05,Grocery,Android,Bengaluru,15,0,
TXN103338,2026-09-05 15:51:08,USER102671,USER102111,116.73,Utility Bills,Android,Kolkata,15,0,
TXN103339,2026-09-05 15:54:25,USER102111,USER100025,2047.48,Utility Bills,Android,Pune,15,0,
TXN103340,2026-09-05 15:55:12,USER102009,USER101175,593.8,Shopping,Android,Bengaluru,15,0,
TXN103341,2026-09-05 15:57:33,USER101383,USER100255,84.56,Utility Bills,Android,Ahmedabad,15,0,
TXN103342,2026-09-05 15:59:03,USER100929,MERCH200804,294.7,P2P Transfer,iOS,Chennai,15,0,
TXN103343,2026-09-05 15:59:40,USER102185,USER101194,107.56,Entertainment,Android,Kolkata,15,0,
TXN103344,2026-09-05 16:00:53,USER100400,USER100188,548.2,P2P Transfer,Android,Indore,16,0,
TXN103345,2026-09-05 16:01:51,USER102137,USER102124,67.18,Utility Bills,Android,Patna,16,0,
TXN103346,2026-09-05 16:03:44,USER100778,MERCH201364,261.22,Travel,Android,Lucknow,16,0,
TXN103347,2026-09-05 16:05:02,USER100664,USER102028,94.74,Entertainment,Android,Hyderabad,16,0,
TXN103348,2026-09-05 16:06:54,USER100639,USER102515,346.53,Grocery,Android,Delhi,16,0,
TXN103349,2026-09-05 16:07:55,USER102791,MERCH200607,958.08,Healthcare,Android,Mumbai,16,0,
TXN103350,2026-09-05 16:08:12,USER101553,USER100072,235.07,P2P Transfer,Android,Pune,16,0,
TXN103351,2026-09-05 16:09:49,USER101677,USER100579,789.06,Shopping,iOS,Bengaluru,16,0,
TXN103352,2026-09-05 16:10:25,USER100270,USER102668,1187.49,Travel,Android,Mumbai,16,0,
TXN103353,2026-09-05 16:10:45,USER100975,USER100003,1695.35,Travel,Android,Patna,16,0,
TXN103354,2026-09-05 16:11:44,USER100444,USER102596,153.06,Food & Dining,Android,Hyderabad,16,0,
TXN103355,2026-09-05 16:13:14,USER101411,USER100363,868.47,Travel,Android,Mumbai,16,0,
TXN103356,2026-09-05 16:13:50,USER102595,USER101779,334.84,Shopping,Android,Bengaluru,16,0,
TXN103357,2026-09-05 16:17:57,USER102862,USER100108,1877.87,Entertainment,Android,Mumbai,16,0,
TXN103358,2026-09-05 16:23:14,USER102909,MERCH201108,715.24,P2P Transfer,Android,Kolkata,16,0,
TXN103359,2026-09-05 16:23:33,USER100263,MERCH200845,1789.78,Healthcare,Android,Ahmedabad,16,0,
TXN103360,2026-09-05 16:24:20,USER101508,USER102376,614.51,Grocery,iOS,Bengaluru,16,0,
TXN103361,2026-09-05 16:25:08,USER100564,USER100412,594.55,Grocery,Android,Pune,16,0,
TXN103362,2026-09-05 16:27:27,USER100318,USER102558,116.56,Entertainment,iOS,Hyderabad,16,0,
TXN103363,2026-09-05 16:27:53,USER101145,MERCH200769,69.19,Shopping,Android,Delhi,16,0,
TXN103364,2026-09-05 16:28:15,USER101833,MERCH201186,116.15,Grocery,Android,Delhi,16,0,
TXN103365,2026-09-05 16:35:15,USER100062,MERCH200939,128.18,Healthcare,Android,Bengaluru,16,0,
TXN103366,2026-09-05 16:35:30,USER102045,MERCH200870,215.55,P2P Transfer,Android,Mumbai,16,0,
TXN103367,2026-09-05 16:35:57,USER100690,USER101357,215.8,P2P Transfer,Android,Hyderabad,16,0,
TXN103368,2026-09-05 16:38:12,USER102271,MERCH201264,504.67,Fuel,Android,Pune,16,0,
TXN103369,2026-09-05 16:38:15,USER101604,USER100865,366.07,Food & Dining,Android,Bengaluru,16,0,
TXN103370,2026-09-05 16:38:47,USER100385,USER102506,2335.43,Travel,Android,Mumbai,16,0,
TXN103371,2026-09-05 16:40:01,USER102563,USER101901,185.25,Food & Dining,Android,Pune,16,0,
TXN103372,2026-09-05 16:41:30,USER101846,USER101462,838.54,Travel,Android,Chennai,16,0,
TXN103373,2026-09-05 16:41:36,USER100982,USER101962,38.56,P2P Transfer,Android,Hyderabad,16,0,
TXN103374,2026-09-05 16:43:16,USER102562,USER100150,258.36,Food & Dining,iOS,Hyderabad,16,0,
TXN103375,2026-09-05 16:43:29,USER102651,MERCH200098,350.54,Utility Bills,Android,Chennai,16,0,
TXN103376,2026-09-05 16:44:39,USER101385,USER102440,1057.63,P2P Transfer,Android,Kolkata,16,0,
TXN103377,2026-09-05 16:46:20,USER102241,MERCH201368,319.54,P2P Transfer,Android,Hyderabad,16,0,
TXN103378,2026-09-05 16:49:15,USER100414,MERCH200983,75.07,P2P Transfer,Android,Ahmedabad,16,0,
TXN103379,2026-09-05 16:51:41,USER100858,USER101108,160.82,Healthcare,Android,Delhi,16,0,
TXN103380,2026-09-05 16:52:25,USER100898,USER101155,891.81,Fuel,Android,Delhi,16,0,
TXN103381,2026-09-05 16:53:24,USER100812,USER101498,145.01,Entertainment,Android,Delhi,16,0,
TXN103382,2026-09-05 16:54:33,USER100327,USER102764,175.63,Healthcare,Android,Mumbai,16,0,
TXN103383,2026-09-05 16:54:48,USER102278,USER102878,3137.36,Food & Dining,Android,Jaipur,16,0,
TXN103384,2026-09-05 16:55:13,USER100393,USER100633,642.65,Entertainment,iOS,Hyderabad,16,0,
TXN103385,2026-09-05 16:58:16,USER101463,USER100502,257.74,Healthcare,iOS,Kolkata,16,0,
TXN103386,2026-09-05 16:58:25,USER101625,USER102941,551.21,Fuel,Android,Delhi,16,0,
TXN103387,2026-09-05 17:01:35,USER100958,MERCH201275,292.66,Entertainment,iOS,Indore,17,0,
TXN103388,2026-09-05 17:03:07,USER102418,USER101254,168.29,Shopping,iOS,Bengaluru,17,0,
TXN103389,2026-09-05 17:06:43,USER100612,USER102744,379.85,Shopping,Android,Delhi,17,0,
TXN103390,2026-09-05 17:07:09,USER101447,USER101855,654.46,Entertainment,Android,Mumbai,17,0,
TXN103391,2026-09-05 17:07:17,USER100417,MERCH200971,256.67,Healthcare,Android,Bengaluru,17,0,
TXN103392,2026-09-05 17:08:34,USER100996,USER100097,177.96,Grocery,Android,Hyderabad,17,0,
TXN103393,2026-09-05 17:08:46,USER102095,USER101502,180.84,Utility Bills,Android,Kolkata,17,0,
TXN103394,2026-09-05 17:11:02,USER101718,USER100247,432.38,Mobile Recharge,Android,Mumbai,17,0,
TXN103395,2026-09-05 17:11:14,USER101062,USER101110,335.58,Utility Bills,Android,Pune,17,0,
TXN103396,2026-09-05 17:12:16,USER101467,USER101013,487.59,Travel,Android,Hyderabad,17,0,
TXN103397,2026-09-05 17:14:50,USER102165,MERCH201400,285.43,Travel,Android,Delhi,17,0,
TXN103398,2026-09-05 17:15:48,USER101906,USER102473,1091.36,Food & Dining,Android,Ahmedabad,17,0,
TXN103399,2026-09-05 17:16:10,USER100204,USER100880,424.01,Travel,iOS,Ahmedabad,17,0,
TXN103400,2026-09-05 17:16:52,USER100171,USER100728,517.06,Grocery,Android,Ahmedabad,17,0,
TXN103401,2026-09-05 17:18:09,USER100634,MERCH200272,1012.5,Food & Dining,Android,Delhi,17,0,
TXN103402,2026-09-05 17:18:53,USER102546,USER101800,266.0,Mobile Recharge,Android,Kolkata,17,0,
TXN103403,2026-09-05 17:20:23,USER102480,USER101472,184.3,Utility Bills,Android,Ahmedabad,17,0,
TXN103404,2026-09-05 17:23:09,USER102844,MERCH201055,543.99,Mobile Recharge,Android,Delhi,17,0,
TXN103405,2026-09-05 17:24:07,USER101142,USER101198,137.89,P2P Transfer,Android,Kolkata,17,0,
TXN103406,2026-09-05 17:24:17,USER101712,USER100973,173.22,Entertainment,Android,Delhi,17,0,
TXN103407,2026-09-05 17:26:24,USER102235,USER101436,84.58,Food & Dining,Android,Ahmedabad,17,0,
TXN103408,2026-09-05 17:26:36,USER101760,MERCH200204,3722.96,Grocery,Android,Bengaluru,17,0,
TXN103409,2026-09-05 17:27:32,USER100606,USER102252,80.03,Travel,Android,Kolkata,17,0,
TXN103410,2026-09-05 17:29:41,USER102596,MERCH200632,463.61,Shopping,Android,Chennai,17,0,
TXN103411,2026-09-05 17:30:11,USER100910,USER101855,107.71,Mobile Recharge,Android,Chennai,17,0,
TXN103412,2026-09-05 17:30:31,USER101544,USER100744,221.58,Fuel,Android,Delhi,17,0,
TXN103413,2026-09-05 17:30:52,USER102516,USER101961,60.84,Mobile Recharge,Android,Hyderabad,17,0,
TXN103414,2026-09-05 17:31:32,USER100575,MERCH201351,96.16,Mobile Recharge,iOS,Mumbai,17,0,
TXN103415,2026-09-05 17:33:27,USER101537,USER100183,94.05,Healthcare,Android,Ahmedabad,17,0,
TXN103416,2026-09-05 17:35:51,USER100267,MERCH201080,413.92,Mobile Recharge,iOS,Hyderabad,17,0,
TXN103417,2026-09-05 17:37:32,USER102106,MERCH201263,1107.6,Healthcare,Android,Chennai,17,0,
TXN103418,2026-09-05 17:42:29,USER102734,USER102063,361.48,Food & Dining,Android,Delhi,17,0,
TXN103419,2026-09-05 17:43:49,USER101361,USER101563,601.04,Utility Bills,Android,Delhi,17,0,
TXN103420,2026-09-05 17:44:14,USER100680,USER101792,126.84,P2P Transfer,iOS,Jaipur,17,0,
TXN103421,2026-09-05 17:44:27,USER100855,USER100083,447.16,Mobile Recharge,Android,Delhi,17,0,
TXN103422,2026-09-05 17:44:40,USER100065,MERCH200701,1250.42,Shopping,Android,Pune,17,0,
TXN103423,2026-09-05 17:45:23,USER102134,USER101205,115.01,Entertainment,Android,Ahmedabad,17,0,
TXN103424,2026-09-05 17:45:52,USER100164,USER101933,100.7,Entertainment,Android,Delhi,17,0,
TXN103425,2026-09-05 17:46:48,USER101456,USER101223,582.88,Travel,Android,Bengaluru,17,0,
TXN103426,2026-09-05 17:47:23,USER100998,USER101697,951.16,P2P Transfer,Android,Mumbai,17,0,
TXN103427,2026-09-05 17:47:37,USER102023,USER101657,209.32,Entertainment,iOS,Pune,17,0,
TXN103428,2026-09-05 17:48:27,USER100921,USER101474,86.74,P2P Transfer,Android,Mumbai,17,0,
TXN103429,2026-09-05 17:49:39,USER101552,USER102217,601.31,Shopping,iOS,Chennai,17,0,
TXN103430,2026-09-05 17:51:41,USER102203,MERCH200232,260.22,Mobile Recharge,Android,Mumbai,17,0,
TXN103431,2026-09-05 17:51:59,USER100339,MERCH200199,508.53,P2P Transfer,Android,Delhi,17,0,
TXN103432,2026-09-05 17:52:15,USER102170,MERCH200256,1952.51,Entertainment,Android,Lucknow,17,0,
TXN103433,2026-09-05 17:53:16,USER101534,USER102780,2049.44,Utility Bills,Android,Hyderabad,17,0,
TXN103434,2026-09-05 17:53:16,USER101265,USER101698,2104.41,Fuel,Android,Jaipur,17,0,
TXN103435,2026-09-05 17:54:30,USER101463,MERCH200186,65.79,Food & Dining,iOS,Bengaluru,17,0,
TXN103436,2026-09-05 17:54:31,USER100122,MERCH200229,303.04,Travel,Android,Hyderabad,17,0,
TXN103437,2026-09-05 17:54:53,USER100356,USER101583,240.05,Fuel,Android,Mumbai,17,0,
TXN103438,2026-09-05 17:57:49,USER100123,USER100749,1053.19,Food & Dining,Android,Indore,17,0,
TXN103439,2026-09-05 17:58:23,USER102508,MERCH201225,204.54,Food & Dining,Android,Delhi,17,0,
TXN103440,2026-09-05 18:02:43,USER100128,USER100104,980.83,Fuel,Android,Pune,18,0,
TXN103441,2026-09-05 18:05:20,USER102156,USER100633,22249.24,Utility Bills,New Device,Mumbai,18,1,new_device_high
TXN103442,2026-09-05 18:05:21,USER102542,USER102509,135.88,Fuel,Android,Chennai,18,0,
TXN103443,2026-09-05 18:08:35,USER100753,USER101765,821.4,Grocery,Android,Jaipur,18,0,
TXN103444,2026-09-05 18:08:50,USER100388,MERCH200503,294.06,Healthcare,Android,Patna,18,0,
TXN103445,2026-09-05 18:09:17,USER101472,MERCH201244,416.46,Utility Bills,Android,Mumbai,18,0,
TXN103446,2026-09-05 18:10:37,USER101820,USER100057,335.77,Shopping,Android,Mumbai,18,0,
TXN103447,2026-09-05 18:10:59,USER101272,MERCH201371,189.16,P2P Transfer,iOS,Mumbai,18,0,
TXN103448,2026-09-05 18:11:56,USER101121,MERCH200893,73.87,Food & Dining,Android,Bengaluru,18,0,
TXN103449,2026-09-05 18:12:29,USER102024,USER101026,158.46,Utility Bills,Android,Pune,18,0,
TXN103450,2026-09-05 18:15:48,USER100649,MERCH200164,533.28,Travel,iOS,Jaipur,18,0,
TXN103451,2026-09-05 18:17:37,USER101921,USER100446,1212.15,Food & Dining,Android,Bengaluru,18,0,
TXN103452,2026-09-05 18:18:50,USER101131,USER100999,35.01,Entertainment,Android,Delhi,18,0,
TXN103453,2026-09-05 18:22:47,USER101269,USER102478,165.36,P2P Transfer,Android,Chennai,18,0,
TXN103454,2026-09-05 18:23:19,USER102608,MERCH201040,64.31,Shopping,Android,Delhi,18,0,
TXN103455,2026-09-05 18:27:45,USER100050,USER101344,457.69,Travel,Android,Pune,18,0,
TXN103456,2026-09-05 18:29:59,USER102900,MERCH200627,2588.45,Mobile Recharge,Android,Indore,18,0,
TXN103457,2026-09-05 18:31:12,USER102850,USER100835,135.96,Travel,Android,Kolkata,18,0,
TXN103458,2026-09-05 18:32:23,USER100988,USER100783,1848.17,P2P Transfer,Android,Jaipur,18,0,
TXN103459,2026-09-05 18:33:00,USER100582,MERCH201458,135.61,Grocery,Android,Patna,18,0,
TXN103460,2026-09-05 18:34:36,USER100161,USER100645,435.51,Utility Bills,iOS,Patna,18,0,
TXN103461,2026-09-05 18:37:01,USER101596,USER102376,1040.18,Fuel,Android,Kolkata,18,0,
TXN103462,2026-09-05 18:37:10,USER100873,MERCH200447,1068.99,Fuel,Android,Bengaluru,18,0,
TXN103463,2026-09-05 18:39:19,USER102936,USER102773,398.79,Food & Dining,iOS,Chennai,18,0,
TXN103464,2026-09-05 18:39:40,USER101491,USER100982,1051.52,Entertainment,Android,Hyderabad,18,0,
TXN103465,2026-09-05 18:40:50,USER100788,USER101995,347.68,Food & Dining,Android,Kolkata,18,0,
TXN103466,2026-09-05 18:42:19,USER100207,USER102101,350.06,Fuel,Android,Hyderabad,18,0,
TXN103467,2026-09-05 18:43:21,USER101330,MERCH200049,61.88,Mobile Recharge,Android,Bengaluru,18,0,
TXN103468,2026-09-05 18:43:21,USER101958,USER102545,323.7,Fuel,Android,Pune,18,0,
TXN103469,2026-09-05 18:43:46,USER101040,USER101263,430.97,Mobile Recharge,Android,Kolkata,18,0,
TXN103470,2026-09-05 18:44:59,USER100940,USER100118,125.69,Travel,Android,Hyderabad,18,0,
TXN103471,2026-09-05 18:46:46,USER101668,USER100426,234.89,Fuel,Android,Ahmedabad,18,0,
TXN103472,2026-09-05 18:47:48,USER101488,MERCH200974,371.2,Grocery,iOS,Ahmedabad,18,0,
TXN103473,2026-09-05 18:48:01,USER102335,USER101236,499.4,Grocery,Android,Hyderabad,18,0,
TXN103474,2026-09-05 18:49:04,USER100512,USER100600,1195.56,Mobile Recharge,Android,Chennai,18,0,
TXN103475,2026-09-05 18:49:19,USER101138,USER101266,1992.21,Healthcare,Android,Kolkata,18,0,
TXN103476,2026-09-05 18:49:42,USER101184,USER100326,53.05,Utility Bills,Android,Pune,18,0,
TXN103477,2026-09-05 18:49:51,USER101698,USER102843,399.77,Mobile Recharge,Android,Delhi,18,0,
TXN103478,2026-09-05 18:49:56,USER102733,MERCH201277,313.66,Grocery,Android,Lucknow,18,0,
TXN103479,2026-09-05 18:49:58,USER100229,MERCH200510,306.22,Grocery,iOS,Mumbai,18,0,
TXN103480,2026-09-05 18:52:03,USER102245,USER102629,1217.42,Shopping,Android,Mumbai,18,0,
TXN103481,2026-09-05 18:52:50,USER100697,USER102450,1163.5,P2P Transfer,Android,Delhi,18,0,
TXN103482,2026-09-05 18:53:45,USER101079,MERCH200226,29.48,Utility Bills,Android,Kolkata,18,0,
TXN103483,2026-09-05 18:54:57,USER102940,USER100222,248.01,Fuel,Android,Hyderabad,18,0,
TXN103484,2026-09-05 18:55:24,USER101370,USER100702,1732.03,P2P Transfer,Android,Jaipur,18,0,
TXN103485,2026-09-05 18:58:19,USER100256,MERCH200083,146.52,P2P Transfer,Android,Ahmedabad,18,0,
TXN103486,2026-09-05 18:58:34,USER101917,MERCH200257,506.61,Food & Dining,Android,Chennai,18,0,
TXN103487,2026-09-05 18:58:44,USER101239,USER102279,71.06,Shopping,Android,Delhi,18,0,
TXN103488,2026-09-05 19:00:57,USER102129,USER102021,1820.37,P2P Transfer,Android,Bengaluru,19,0,
TXN103489,2026-09-05 19:01:23,USER100751,USER100738,900.38,Shopping,Android,Hyderabad,19,0,
TXN103490,2026-09-05 19:01:46,USER102530,MERCH200526,1121.15,Entertainment,Android,Hyderabad,19,0,
TXN103491,2026-09-05 19:02:36,USER100164,USER102935,672.38,Utility Bills,Android,Hyderabad,19,0,
TXN103492,2026-09-05 19:03:31,USER100608,USER101598,352.15,Utility Bills,Android,Hyderabad,19,0,
TXN103493,2026-09-05 19:04:11,USER102267,MERCH201292,1348.42,Healthcare,Android,Kolkata,19,0,
TXN103494,2026-09-05 19:06:30,USER102556,USER101261,408.15,Shopping,iOS,Pune,19,0,
TXN103495,2026-09-05 19:07:28,USER101278,MERCH200866,727.65,P2P Transfer,Android,Delhi,19,0,
TXN103496,2026-09-05 19:07:34,USER102069,USER101076,1825.42,Food & Dining,Android,Hyderabad,19,0,
TXN103497,2026-09-05 19:07:55,USER102237,USER101708,207.28,Mobile Recharge,iOS,Mumbai,19,0,
TXN103498,2026-09-05 19:09:42,USER102658,USER101286,147.91,Mobile Recharge,Android,Delhi,19,0,
TXN103499,2026-09-05 19:12:19,USER100508,MERCH201368,1701.94,Utility Bills,iOS,Hyderabad,19,0,
TXN103500,2026-09-05 19:12:30,USER101078,MERCH200833,836.26,Food & Dining,Android,Pune,19,0,
TXN103501,2026-09-05 19:14:27,USER102078,MERCH200043,104.03,P2P Transfer,Android,Hyderabad,19,0,
TXN103502,2026-09-05 19:16:10,USER100117,MERCH201077,1162.58,P2P Transfer,Android,Bengaluru,19,0,
TXN103503,2026-09-05 19:17:01,USER101944,USER100218,104.91,Entertainment,Android,Delhi,19,0,
TXN103504,2026-09-05 19:17:57,USER100409,USER100634,220.57,Entertainment,iOS,Mumbai,19,0,
TXN103505,2026-09-05 19:18:20,USER102556,USER101227,45.21,Travel,Android,Mumbai,19,0,
TXN103506,2026-09-05 19:20:03,USER100093,USER101622,108.34,P2P Transfer,Android,Lucknow,19,0,
TXN103507,2026-09-05 19:20:28,USER102789,MERCH200751,570.2,P2P Transfer,Android,Mumbai,19,0,
TXN103508,2026-09-05 19:20:35,USER101507,MERCH200359,363.03,Entertainment,Android,Indore,19,0,
TXN103509,2026-09-05 19:21:41,USER102961,USER102549,797.9,Shopping,Android,Bengaluru,19,0,
TXN103510,2026-09-05 19:22:29,USER101921,MERCH200834,68.45,P2P Transfer,Android,Bengaluru,19,0,
TXN103511,2026-09-05 19:23:35,USER101057,MERCH201231,413.55,Travel,Android,Delhi,19,0,
TXN103512,2026-09-05 19:25:22,USER102862,MERCH201228,109.57,P2P Transfer,Android,Delhi,19,0,
TXN103513,2026-09-05 19:27:31,USER101585,MERCH200436,339.92,Utility Bills,Android,Delhi,19,0,
TXN103514,2026-09-05 19:28:41,USER102046,USER102454,389.22,Fuel,Android,Ahmedabad,19,0,
TXN103515,2026-09-05 19:29:59,USER100167,MERCH200800,1238.95,P2P Transfer,Android,Chennai,19,0,
TXN103516,2026-09-05 19:30:04,USER101350,USER102251,586.43,Fuel,Android,Pune,19,0,
TXN103517,2026-09-05 19:38:55,USER102184,USER100979,568.59,Grocery,Android,Chennai,19,0,
TXN103518,2026-09-05 19:38:59,USER100515,USER101164,600.37,Shopping,Android,Bengaluru,19,0,
TXN103519,2026-09-05 19:39:12,USER102892,USER101596,357.15,Entertainment,Android,Jaipur,19,0,
TXN103520,2026-09-05 19:41:48,USER100098,USER100051,604.18,Entertainment,Android,Pune,19,0,
TXN103521,2026-09-05 19:42:37,USER102225,USER102488,118.39,Mobile Recharge,Android,Pune,19,0,
TXN103522,2026-09-05 19:42:59,USER100776,USER100189,579.69,Utility Bills,Android,Delhi,19,0,
TXN103523,2026-09-05 19:43:10,USER102373,MERCH200123,157.52,Utility Bills,Android,Delhi,19,0,
TXN103524,2026-09-05 19:43:38,USER102012,MERCH201483,2531.9,Fuel,Android,Jaipur,19,0,
TXN103525,2026-09-05 19:50:40,USER102960,USER101801,450.3,Travel,iOS,Jaipur,19,0,
TXN103526,2026-09-05 19:51:25,USER100535,MERCH200863,716.04,P2P Transfer,iOS,Mumbai,19,0,
TXN103527,2026-09-05 19:53:14,USER101185,USER101715,442.83,Entertainment,Android,Patna,19,0,
TXN103528,2026-09-05 19:53:38,USER100265,USER100497,89.3,Travel,iOS,Delhi,19,0,
TXN103529,2026-09-05 19:54:08,USER100494,MERCH200691,243.72,Mobile Recharge,iOS,Indore,19,0,
TXN103530,2026-09-05 19:54:12,USER102358,USER102315,139.54,Shopping,iOS,Bengaluru,19,0,
TXN103531,2026-09-05 19:54:36,USER100157,USER101725,483.18,Travel,Android,Lucknow,19,0,
TXN103532,2026-09-05 19:54:52,USER100577,USER101262,918.18,Travel,iOS,Bengaluru,19,0,
TXN103533,2026-09-05 19:55:49,USER100830,USER100136,363.64,Entertainment,Android,Mumbai,19,0,
TXN103534,2026-09-05 19:57:36,USER101482,USER101126,339.34,Travel,Android,Lucknow,19,0,
TXN103535,2026-09-05 19:58:09,USER101172,USER101706,1847.34,Healthcare,Android,Hyderabad,19,0,
TXN103536,2026-09-05 19:59:21,USER102274,USER102048,257.1,Grocery,Android,Chennai,19,0,
TXN103537,2026-09-05 19:59:50,USER102466,USER100031,21.25,Entertainment,Android,Delhi,19,0,
TXN103538,2026-09-05 20:01:14,USER100493,MERCH201198,103.54,Travel,iOS,Bengaluru,20,0,
TXN103539,2026-09-05 20:02:11,USER100912,USER100348,193.62,Fuel,iOS,Jaipur,20,0,
TXN103540,2026-09-05 20:02:37,USER100556,USER101124,862.92,Shopping,Android,Chennai,20,0,
TXN103541,2026-09-05 20:02:51,USER101840,USER101703,101.09,Entertainment,Android,Mumbai,20,0,
TXN103542,2026-09-05 20:06:23,USER100507,USER102780,186.01,P2P Transfer,Android,Bengaluru,20,0,
TXN103543,2026-09-05 20:09:18,USER100732,MERCH200880,116.72,Utility Bills,Android,Mumbai,20,0,
TXN103544,2026-09-05 20:09:25,USER101241,USER100180,660.34,Entertainment,Android,Kolkata,20,0,
TXN103545,2026-09-05 20:09:34,USER100375,USER100859,1071.29,Mobile Recharge,Android,Kolkata,20,0,
TXN103546,2026-09-05 20:09:36,USER102064,USER102228,313.71,Mobile Recharge,iOS,Bengaluru,20,0,
TXN103547,2026-09-05 20:09:50,USER101019,USER102299,984.62,Food & Dining,Android,Chennai,20,0,
TXN103548,2026-09-05 20:10:00,USER102666,USER100043,6821.79,P2P Transfer,iOS,Pune,20,1,velocity_burst
TXN103549,2026-09-05 20:10:42,USER100202,USER102335,190.78,Food & Dining,Android,Mumbai,20,0,
TXN103550,2026-09-05 20:10:49,USER100951,USER102214,223.22,Grocery,Android,Chennai,20,0,
TXN103551,2026-09-05 20:14:14,USER100101,USER101410,643.49,Grocery,Android,Ahmedabad,20,0,
TXN103552,2026-09-05 20:14:15,USER101097,USER101259,152.27,Utility Bills,Android,Delhi,20,0,
TXN103553,2026-09-05 20:14:32,USER100557,USER102336,100.77,Fuel,iOS,Kolkata,20,0,
TXN103554,2026-09-05 20:15:57,USER102463,MERCH201457,1173.98,Grocery,Android,Ahmedabad,20,0,
TXN103555,2026-09-05 20:17:12,USER102136,MERCH200330,1844.07,Healthcare,Android,Chennai,20,0,
TXN103556,2026-09-05 20:17:46,USER101096,USER102175,263.2,Shopping,Android,Delhi,20,0,
TXN103557,2026-09-05 20:18:37,USER100971,USER102847,442.2,Fuel,Android,Chennai,20,0,
TXN103558,2026-09-05 20:20:22,USER102512,MERCH200878,101.99,Shopping,Android,Pune,20,0,
TXN103559,2026-09-05 20:21:35,USER102828,USER100090,473.48,P2P Transfer,Android,Patna,20,0,
TXN103560,2026-09-05 20:25:51,USER102626,MERCH200147,303.33,Healthcare,Android,Jaipur,20,0,
TXN103561,2026-09-05 20:28:24,USER102902,MERCH200785,163.79,Mobile Recharge,Android,Bengaluru,20,0,
TXN103562,2026-09-05 20:31:49,USER100275,USER102722,327.54,Utility Bills,Android,Hyderabad,20,0,
TXN103563,2026-09-05 20:33:00,USER102190,USER100283,242.45,P2P Transfer,Android,Ahmedabad,20,0,
TXN103564,2026-09-05 20:34:47,USER100455,USER102246,607.31,Fuel,Android,Chennai,20,0,
TXN103565,2026-09-05 20:35:06,USER100937,USER102472,151.32,Healthcare,Android,Pune,20,0,
TXN103566,2026-09-05 20:39:21,USER100318,USER100188,598.61,Food & Dining,Android,Delhi,20,0,
TXN103567,2026-09-05 20:39:23,USER102907,USER101316,730.06,Entertainment,Android,Chennai,20,0,
TXN103568,2026-09-05 20:43:15,USER102763,MERCH200958,2080.29,Fuel,Android,Mumbai,20,0,
TXN103569,2026-09-05 20:43:18,USER100283,USER100462,1552.05,P2P Transfer,iOS,Mumbai,20,0,
TXN103570,2026-09-05 20:43:34,USER102322,USER102871,3367.54,Travel,Android,Ahmedabad,20,0,
TXN103571,2026-09-05 20:44:23,USER100973,USER101608,282.63,Travel,Android,Bengaluru,20,0,
TXN103572,2026-09-05 20:44:24,USER100875,MERCH200734,430.44,Food & Dining,Android,Hyderabad,20,0,
TXN103573,2026-09-05 20:44:40,USER100982,USER101373,534.65,Utility Bills,Android,Jaipur,20,0,
TXN103574,2026-09-05 20:45:14,USER100802,USER101951,488.9,Mobile Recharge,Android,Jaipur,20,0,
TXN103575,2026-09-05 20:47:34,USER101844,USER102880,295.76,P2P Transfer,Android,Jaipur,20,0,
TXN103576,2026-09-05 20:49:49,USER101445,USER102384,970.19,Healthcare,Android,Mumbai,20,0,
TXN103577,2026-09-05 20:50:07,USER102513,USER100200,772.87,Mobile Recharge,Android,Mumbai,20,0,
TXN103578,2026-09-05 20:52:01,USER102704,MERCH201041,99999.0,Fuel,Android,Bengaluru,20,1,round_number
TXN103579,2026-09-05 20:52:19,USER100477,USER102717,81.42,Fuel,iOS,Kolkata,20,0,
TXN103580,2026-09-05 20:53:03,USER101253,USER100200,283.03,Fuel,Android,Delhi,20,0,
TXN103581,2026-09-05 20:53:17,USER101298,USER101356,2076.18,Travel,Android,Hyderabad,20,0,
TXN103582,2026-09-05 20:53:29,USER102030,USER101477,1745.69,P2P Transfer,Android,Chennai,20,0,
TXN103583,2026-09-05 20:53:35,USER100004,MERCH201156,250.44,Travel,iOS,Kolkata,20,0,
TXN103584,2026-09-05 20:54:52,USER102761,MERCH201026,1165.39,Travel,Android,Jaipur,20,0,
TXN103585,2026-09-05 20:55:10,USER101025,USER102412,430.17,Mobile Recharge,Android,Chennai,20,0,
TXN103586,2026-09-05 20:56:28,USER100110,USER102936,632.05,Utility Bills,iOS,Ahmedabad,20,0,
TXN103587,2026-09-05 21:00:12,USER101390,MERCH200182,438.16,Food & Dining,Android,Delhi,21,0,
TXN103588,2026-09-05 21:00:15,USER100802,MERCH200170,2392.5,Food & Dining,Android,Pune,21,0,
TXN103589,2026-09-05 21:03:15,USER102366,MERCH201057,145.14,Grocery,iOS,Hyderabad,21,0,
TXN103590,2026-09-05 21:04:52,USER100751,USER101310,287.32,P2P Transfer,Android,Bengaluru,21,0,
TXN103591,2026-09-05 21:05:04,USER100242,USER102953,86.88,P2P Transfer,Android,Delhi,21,0,
TXN103592,2026-09-05 21:07:34,USER100699,MERCH200447,79.99,Healthcare,Android,Jaipur,21,0,
TXN103593,2026-09-05 21:08:31,USER101540,MERCH201088,388.29,Travel,Android,Mumbai,21,0,
TXN103594,2026-09-05 21:09:00,USER101115,MERCH201195,867.87,Grocery,iOS,Kolkata,21,0,
TXN103595,2026-09-05 21:13:36,USER101904,USER100366,499.51,Shopping,Android,Bengaluru,21,0,
TXN103596,2026-09-05 21:15:50,USER102853,USER102334,338.29,Healthcare,Android,Jaipur,21,0,
TXN103597,2026-09-05 21:16:34,USER101858,MERCH200475,212.42,Travel,Android,Delhi,21,0,
TXN103598,2026-09-05 21:16:49,USER101701,MERCH201350,709.53,Utility Bills,iOS,Ahmedabad,21,0,
TXN103599,2026-09-05 21:17:03,USER101879,USER102009,1159.37,Utility Bills,Android,Mumbai,21,0,
TXN103600,2026-09-05 21:17:31,USER102901,USER100083,47.24,Fuel,Android,Hyderabad,21,0,
TXN103601,2026-09-05 21:17:54,USER101593,MERCH200173,1542.23,Travel,iOS,Ahmedabad,21,0,
TXN103602,2026-09-05 21:17:55,USER102316,MERCH200984,598.21,Shopping,Android,Patna,21,0,
TXN103603,2026-09-05 21:20:03,USER100280,USER102612,1538.24,Entertainment,iOS,Hyderabad,21,0,
TXN103604,2026-09-05 21:23:01,USER101443,MERCH200503,1207.01,P2P Transfer,Android,Jaipur,21,0,
TXN103605,2026-09-05 21:25:04,USER100325,MERCH201208,432.97,Healthcare,Android,Hyderabad,21,0,
TXN103606,2026-09-05 21:27:08,USER102294,USER102819,277.38,P2P Transfer,Android,Kolkata,21,0,
TXN103607,2026-09-05 21:30:59,USER102641,USER100849,803.1,Healthcare,Android,Mumbai,21,0,
TXN103608,2026-09-05 21:32:26,USER102251,MERCH201220,17.09,Utility Bills,Android,Pune,21,0,
TXN103609,2026-09-05 21:33:48,USER101830,USER101848,346.64,Shopping,Android,Indore,21,0,
TXN103610,2026-09-05 21:33:59,USER102892,USER102686,133.86,Fuel,iOS,Hyderabad,21,0,
TXN103611,2026-09-05 21:35:58,USER100683,USER102711,326.39,Utility Bills,iOS,Chennai,21,0,
TXN103612,2026-09-05 21:41:53,USER102179,USER101613,477.05,P2P Transfer,Android,Hyderabad,21,0,
TXN103613,2026-09-05 21:44:51,USER102102,USER102990,1389.42,Food & Dining,Android,Mumbai,21,0,
TXN103614,2026-09-05 21:45:33,USER100336,MERCH200935,171.72,Grocery,Android,Kolkata,21,0,
TXN103615,2026-09-05 21:47:43,USER100341,USER100506,412.51,Food & Dining,Android,Bengaluru,21,0,
TXN103616,2026-09-05 21:52:45,USER100075,USER100860,98.93,Utility Bills,Android,Hyderabad,21,0,
TXN103617,2026-09-05 21:54:39,USER102002,MERCH201267,1211.98,Entertainment,Android,Delhi,21,0,
TXN103618,2026-09-05 21:55:42,USER101062,USER101225,151.24,Utility Bills,Android,Delhi,21,0,
TXN103619,2026-09-05 21:58:24,USER101789,MERCH201279,304.67,P2P Transfer,Android,Delhi,21,0,
TXN103620,2026-09-05 22:00:06,USER100334,USER101382,298.34,Grocery,Android,Pune,22,0,
TXN103621,2026-09-05 22:00:52,USER102325,USER100054,318.1,Entertainment,Android,Jaipur,22,0,
TXN103622,2026-09-05 22:01:59,USER101672,MERCH201329,77.26,Entertainment,Android,Bengaluru,22,0,
TXN103623,2026-09-05 22:02:20,USER102423,USER102723,655.13,Grocery,iOS,Mumbai,22,0,
TXN103624,2026-09-05 22:15:39,USER102185,MERCH200738,266.0,Mobile Recharge,Android,Bengaluru,22,0,
TXN103625,2026-09-05 22:20:45,USER101650,MERCH201284,287.67,Fuel,Android,Lucknow,22,0,
TXN103626,2026-09-05 22:22:55,USER102996,USER102211,407.55,Travel,Android,Kolkata,22,0,
TXN103627,2026-09-05 22:24:41,USER101678,USER102899,1766.25,Travel,iOS,Mumbai,22,0,
TXN103628,2026-09-05 22:28:08,USER101441,USER100623,310.91,Utility Bills,Android,Delhi,22,0,
TXN103629,2026-09-05 22:28:54,USER100170,USER100039,419.16,Healthcare,Android,Bengaluru,22,0,
TXN103630,2026-09-05 22:34:22,USER102020,MERCH201326,334.85,Shopping,Android,Indore,22,0,
TXN103631,2026-09-05 22:34:24,USER102344,MERCH201006,498.85,Utility Bills,Android,Ahmedabad,22,0,
TXN103632,2026-09-05 22:35:00,USER101748,MERCH200632,421.62,Shopping,Android,Pune,22,0,
TXN103633,2026-09-05 22:35:28,USER101079,USER101970,134.88,Travel,Android,Kolkata,22,0,
TXN103634,2026-09-05 22:37:55,USER102482,USER101505,179.29,Food & Dining,Android,Bengaluru,22,0,
TXN103635,2026-09-05 22:41:41,USER101380,MERCH200208,1953.3,Grocery,Android,Lucknow,22,0,
TXN103636,2026-09-05 22:45:32,USER102526,USER102023,122.53,Shopping,Android,Kolkata,22,0,
TXN103637,2026-09-05 22:53:47,USER102464,USER100604,1245.02,Fuel,Android,Chennai,22,0,
TXN103638,2026-09-05 22:53:50,USER102064,USER100697,262.91,Fuel,Android,Mumbai,22,0,
TXN103639,2026-09-05 22:56:53,USER101429,USER102092,66.04,Travel,Android,Lucknow,22,0,
TXN103640,2026-09-05 22:58:04,USER102206,USER100307,1652.47,Grocery,Android,Hyderabad,22,0,
TXN103641,2026-09-05 22:59:33,USER100346,MERCH200231,273.64,Fuel,Android,Delhi,22,0,
TXN103642,2026-09-05 23:01:44,USER100989,USER102470,304.1,Travel,Android,Delhi,23,0,
TXN103643,2026-09-05 23:22:55,USER102955,MERCH201387,638.65,Travel,iOS,Kolkata,23,0,
TXN103644,2026-09-05 23:33:02,USER100044,USER101797,116.8,Healthcare,Android,Mumbai,23,0,
TXN103645,2026-09-05 23:33:12,USER102257,MERCH201357,1343.37,Grocery,Android,Delhi,23,0,
TXN103646,2026-09-05 23:40:07,USER100766,USER101822,600.0,Fuel,Android,Pune,23,0,
TXN103647,2026-09-06 00:01:00,USER101307,USER100712,55648.81,Travel,Android,Bengaluru,0,1,odd_hour_high_amount
TXN103648,2026-09-06 00:05:32,USER100866,USER100795,739.39,Mobile Recharge,Android,Pune,0,0,
TXN103649,2026-09-06 00:35:30,USER102403,MERCH200251,1526.79,Utility Bills,Android,Hyderabad,0,0,
TXN103650,2026-09-06 00:36:00,USER100925,USER102726,27219.89,Travel,Android,Delhi,0,1,odd_hour_high_amount
TXN103651,2026-09-06 01:00:00,USER100005,MERCH200183,52156.79,Fuel,Android,Delhi,1,1,odd_hour_high_amount
TXN103652,2026-09-06 01:37:51,USER102059,MERCH201178,691.44,Utility Bills,Android,Ahmedabad,1,0,
TXN103653,2026-09-06 01:45:07,USER102794,USER100635,533.34,Mobile Recharge,Android,Delhi,1,0,
TXN103654,2026-09-06 02:09:53,USER100286,MERCH200205,867.64,Healthcare,Android,Delhi,2,0,
TXN103655,2026-09-06 02:12:00,USER101068,MERCH201201,8938.04,Utility Bills,Android,Chennai,2,1,odd_hour_high_amount
TXN103656,2026-09-06 02:20:00,USER102611,USER101167,30303.01,Shopping,Android,Delhi,2,1,odd_hour_high_amount
TXN103657,2026-09-06 03:43:00,USER100497,MERCH200339,19714.29,Travel,iOS,Delhi,3,1,odd_hour_high_amount
TXN103658,2026-09-06 05:05:00,USER100805,MERCH201007,7785.23,P2P Transfer,iOS,Bengaluru,5,1,velocity_burst
TXN103659,2026-09-06 06:29:49,USER102053,USER101672,952.63,P2P Transfer,Android,Mumbai,6,0,
TXN103660,2026-09-06 06:39:23,USER102878,MERCH200401,133.85,P2P Transfer,Android,Delhi,6,0,
TXN103661,2026-09-06 06:40:32,USER100088,USER102238,131.04,Fuel,Android,Chennai,6,0,
TXN103662,2026-09-06 06:43:47,USER102093,MERCH200511,427.28,Fuel,Android,Mumbai,6,0,
TXN103663,2026-09-06 07:06:26,USER102808,USER101394,59.68,Mobile Recharge,iOS,Delhi,7,0,
TXN103664,2026-09-06 07:13:43,USER102155,MERCH200264,367.02,Entertainment,Android,Hyderabad,7,0,
TXN103665,2026-09-06 07:17:02,USER101082,USER101850,1761.9,Shopping,Android,Delhi,7,0,
TXN103666,2026-09-06 07:23:47,USER102578,USER100443,523.48,Fuel,Android,Mumbai,7,0,
TXN103667,2026-09-06 07:23:51,USER100061,USER102166,128.07,Fuel,Android,Hyderabad,7,0,
TXN103668,2026-09-06 07:30:58,USER101344,MERCH200621,375.14,Entertainment,Android,Patna,7,0,
TXN103669,2026-09-06 07:31:38,USER102089,USER100256,255.01,Utility Bills,iOS,Delhi,7,0,
TXN103670,2026-09-06 07:31:42,USER102900,USER100640,523.49,Travel,iOS,Mumbai,7,0,
TXN103671,2026-09-06 07:38:05,USER100964,USER100171,831.99,Healthcare,iOS,Kolkata,7,0,
TXN103672,2026-09-06 07:39:16,USER101846,USER100458,233.95,Grocery,Android,Kolkata,7,0,
TXN103673,2026-09-06 07:48:50,USER101949,USER101670,774.4,Shopping,Android,Delhi,7,0,
TXN103674,2026-09-06 07:57:23,USER100507,USER102705,671.39,Healthcare,Android,Mumbai,7,0,
TXN103675,2026-09-06 08:01:44,USER102208,USER102746,141.88,P2P Transfer,Android,Patna,8,0,
TXN103676,2026-09-06 08:02:14,USER100541,USER100324,216.86,Utility Bills,Android,Bengaluru,8,0,
TXN103677,2026-09-06 08:02:54,USER102233,USER101664,304.22,Shopping,Android,Ahmedabad,8,0,
TXN103678,2026-09-06 08:05:22,USER100226,USER100436,192.28,Fuel,Android,Mumbai,8,0,
TXN103679,2026-09-06 08:07:49,USER100191,USER102813,2612.99,Grocery,Android,Mumbai,8,0,
TXN103680,2026-09-06 08:09:35,USER100512,MERCH201411,78.54,Utility Bills,iOS,Bengaluru,8,0,
TXN103681,2026-09-06 08:11:13,USER101638,USER101546,238.8,Healthcare,iOS,Ahmedabad,8,0,
TXN103682,2026-09-06 08:11:23,USER100017,MERCH200366,155.94,Travel,iOS,Indore,8,0,
TXN103683,2026-09-06 08:13:20,USER102360,USER100107,69.13,Healthcare,Android,Lucknow,8,0,
TXN103684,2026-09-06 08:14:49,USER101816,USER101066,348.69,Travel,Android,Bengaluru,8,0,
TXN103685,2026-09-06 08:15:42,USER102786,MERCH200826,335.6,Fuel,Android,Kolkata,8,0,
TXN103686,2026-09-06 08:15:57,USER101422,USER102517,119.66,P2P Transfer,Android,Pune,8,0,
TXN103687,2026-09-06 08:16:22,USER101410,USER102198,1223.46,Fuel,Android,Patna,8,0,
TXN103688,2026-09-06 08:16:47,USER101757,USER101051,210.93,P2P Transfer,iOS,Mumbai,8,0,
TXN103689,2026-09-06 08:17:33,USER100420,MERCH200929,191.14,Travel,Android,Pune,8,0,
TXN103690,2026-09-06 08:17:44,USER100026,USER100817,319.49,Entertainment,Android,Delhi,8,0,
TXN103691,2026-09-06 08:21:16,USER100490,USER101909,273.4,Mobile Recharge,Android,Bengaluru,8,0,
TXN103692,2026-09-06 08:22:04,USER102166,USER101449,359.52,Grocery,Android,Pune,8,0,
TXN103693,2026-09-06 08:25:36,USER102712,USER102893,1726.43,Fuel,Android,Pune,8,0,
TXN103694,2026-09-06 08:26:21,USER100198,USER102937,1642.03,Utility Bills,Android,Ahmedabad,8,0,
TXN103695,2026-09-06 08:26:41,USER102912,USER101214,40361.73,Travel,New Device,Lucknow,8,1,new_device_high
TXN103696,2026-09-06 08:26:41,USER102096,USER100964,361.97,Entertainment,Android,Ahmedabad,8,0,
TXN103697,2026-09-06 08:28:36,USER100715,MERCH201050,100000.0,Travel,Android,Hyderabad,8,1,round_number
TXN103698,2026-09-06 08:28:47,USER100391,USER102818,362.99,Grocery,iOS,Delhi,8,0,
TXN103699,2026-09-06 08:28:52,USER101476,USER100231,638.93,Mobile Recharge,Android,Indore,8,0,
TXN103700,2026-09-06 08:30:44,USER100814,MERCH200478,279.31,Food & Dining,Android,Indore,8,0,
TXN103701,2026-09-06 08:33:57,USER101607,MERCH200569,142.53,Entertainment,Android,Kolkata,8,0,
TXN103702,2026-09-06 08:33:58,USER101730,MERCH200849,232.72,Food & Dining,Android,Ahmedabad,8,0,
TXN103703,2026-09-06 08:34:43,USER101277,USER102801,627.0,P2P Transfer,Android,Hyderabad,8,0,
TXN103704,2026-09-06 08:36:08,USER101116,MERCH200843,875.16,Shopping,Android,Mumbai,8,0,
TXN103705,2026-09-06 08:36:17,USER101329,USER101425,440.19,Fuel,Android,Mumbai,8,0,
TXN103706,2026-09-06 08:38:28,USER101894,USER101070,1407.4,Shopping,Android,Ahmedabad,8,0,
TXN103707,2026-09-06 08:40:21,USER102134,USER102655,473.0,Shopping,Android,Mumbai,8,0,
TXN103708,2026-09-06 08:40:33,USER101119,USER100364,2257.5,Shopping,Android,Jaipur,8,0,
TXN103709,2026-09-06 08:46:29,USER101578,MERCH201242,57.45,Healthcare,iOS,Chennai,8,0,
TXN103710,2026-09-06 08:48:09,USER102573,MERCH201462,207.97,Mobile Recharge,iOS,Pune,8,0,
TXN103711,2026-09-06 08:49:56,USER101625,MERCH200887,62.81,Mobile Recharge,Android,Delhi,8,0,
TXN103712,2026-09-06 08:50:16,USER101987,USER101203,1053.75,Food & Dining,Android,Indore,8,0,
TXN103713,2026-09-06 08:53:27,USER100218,USER102259,707.38,Fuel,Android,Bengaluru,8,0,
TXN103714,2026-09-06 08:55:33,USER102198,USER100583,767.81,Grocery,iOS,Pune,8,0,
TXN103715,2026-09-06 08:57:17,USER100784,USER102594,598.57,Shopping,Android,Mumbai,8,0,
TXN103716,2026-09-06 09:02:39,USER101948,USER102556,493.45,Shopping,Android,Pune,9,0,
TXN103717,2026-09-06 09:04:41,USER101720,USER100035,159.8,Food & Dining,Android,Hyderabad,9,0,
TXN103718,2026-09-06 09:06:35,USER102704,USER102013,52.24,P2P Transfer,Android,Delhi,9,0,
TXN103719,2026-09-06 09:08:19,USER101791,USER102480,120.16,Utility Bills,Android,Bengaluru,9,0,
TXN103720,2026-09-06 09:08:52,USER102855,USER101500,125.48,Fuel,iOS,Kolkata,9,0,
TXN103721,2026-09-06 09:10:17,USER101238,MERCH201499,52.44,Fuel,Android,Mumbai,9,0,
TXN103722,2026-09-06 09:12:11,USER101340,USER101612,358.91,Utility Bills,Android,Bengaluru,9,0,
TXN103723,2026-09-06 09:12:43,USER101449,USER102762,74.76,Travel,Android,Indore,9,0,
TXN103724,2026-09-06 09:14:48,USER100033,USER102447,208.7,Grocery,iOS,Delhi,9,0,
TXN103725,2026-09-06 09:17:00,USER101874,USER102718,1095.55,Food & Dining,iOS,Mumbai,9,0,
TXN103726,2026-09-06 09:18:18,USER101286,MERCH201041,23.56,Travel,Android,Bengaluru,9,0,
TXN103727,2026-09-06 09:19:30,USER101600,MERCH201025,609.11,Grocery,Android,Chennai,9,0,
TXN103728,2026-09-06 09:22:12,USER100889,USER100300,966.87,Utility Bills,Android,Delhi,9,0,
TXN103729,2026-09-06 09:24:30,USER100761,MERCH201259,1316.15,Shopping,iOS,Delhi,9,0,
TXN103730,2026-09-06 09:25:07,USER101419,MERCH201154,172.3,Food & Dining,Android,Bengaluru,9,0,
TXN103731,2026-09-06 09:25:17,USER101940,USER101786,158.62,Shopping,Android,Mumbai,9,0,
TXN103732,2026-09-06 09:26:40,USER101755,MERCH200931,916.62,Fuel,Android,Bengaluru,9,0,
TXN103733,2026-09-06 09:28:21,USER102205,USER100800,1783.29,Travel,iOS,Delhi,9,0,
TXN103734,2026-09-06 09:32:52,USER100943,USER100275,295.49,Shopping,Android,Hyderabad,9,0,
TXN103735,2026-09-06 09:34:20,USER100642,USER102051,110.94,Healthcare,Android,Jaipur,9,0,
TXN103736,2026-09-06 09:35:18,USER102283,USER101604,552.59,P2P Transfer,Android,Hyderabad,9,0,
TXN103737,2026-09-06 09:35:33,USER102002,MERCH200330,1201.73,Utility Bills,iOS,Mumbai,9,0,
TXN103738,2026-09-06 09:35:49,USER102985,MERCH200415,314.54,Fuel,iOS,Hyderabad,9,0,
TXN103739,2026-09-06 09:42:21,USER102647,USER101351,1391.86,P2P Transfer,Android,Indore,9,0,
TXN103740,2026-09-06 09:42:42,USER100737,MERCH201017,523.22,Travel,Android,Bengaluru,9,0,
TXN103741,2026-09-06 09:43:41,USER102709,MERCH200834,737.72,Grocery,Android,Bengaluru,9,0,
TXN103742,2026-09-06 09:44:00,USER101358,USER100570,1002.05,Shopping,iOS,Mumbai,9,0,
TXN103743,2026-09-06 09:44:37,USER101364,USER100934,362.44,Food & Dining,Android,Delhi,9,0,
TXN103744,2026-09-06 09:45:05,USER100343,MERCH200710,486.08,Healthcare,Android,Chennai,9,0,
TXN103745,2026-09-06 09:45:55,USER101982,USER100829,400.1,Utility Bills,iOS,Kolkata,9,0,
TXN103746,2026-09-06 09:46:27,USER101882,USER100278,2716.62,Food & Dining,Android,Kolkata,9,0,
TXN103747,2026-09-06 09:47:02,USER102816,USER101322,166.06,Utility Bills,Android,Hyderabad,9,0,
TXN103748,2026-09-06 09:47:21,USER101006,MERCH201296,157.97,Healthcare,Android,Pune,9,0,
TXN103749,2026-09-06 09:47:27,USER101439,USER100442,79.72,P2P Transfer,Android,Mumbai,9,0,
TXN103750,2026-09-06 09:48:25,USER100150,USER101506,705.61,Grocery,Android,Kolkata,9,0,
TXN103751,2026-09-06 09:49:42,USER102478,MERCH201303,2092.39,Utility Bills,Android,Bengaluru,9,0,
TXN103752,2026-09-06 09:52:29,USER102464,USER100700,367.26,Shopping,iOS,Delhi,9,0,
TXN103753,2026-09-06 09:53:07,USER101930,MERCH200874,908.85,Entertainment,Android,Lucknow,9,0,
TXN103754,2026-09-06 09:54:08,USER102951,USER100754,128.47,Utility Bills,Android,Hyderabad,9,0,
TXN103755,2026-09-06 09:57:36,USER100032,USER100442,155.58,Utility Bills,Android,Mumbai,9,0,
TXN103756,2026-09-06 09:58:36,USER102072,USER100110,284.94,Entertainment,Android,Indore,9,0,
TXN103757,2026-09-06 09:58:38,USER102108,USER101929,535.72,Mobile Recharge,iOS,Delhi,9,0,
TXN103758,2026-09-06 10:00:27,USER100643,MERCH200699,2917.15,Healthcare,Android,Bengaluru,10,0,
TXN103759,2026-09-06 10:00:30,USER101968,USER100158,10.0,Grocery,Android,Pune,10,0,
TXN103760,2026-09-06 10:01:34,USER101304,USER100458,105.96,Food & Dining,Android,Ahmedabad,10,0,
TXN103761,2026-09-06 10:02:20,USER101408,USER100987,171.83,Healthcare,Android,Hyderabad,10,0,
TXN103762,2026-09-06 10:03:59,USER102123,MERCH200148,218.97,Healthcare,Android,Delhi,10,0,
TXN103763,2026-09-06 10:05:50,USER102403,USER100806,476.45,Shopping,Android,Jaipur,10,0,
TXN103764,2026-09-06 10:06:24,USER100537,USER100532,622.08,Travel,iOS,Patna,10,0,
TXN103765,2026-09-06 10:06:28,USER102782,USER102932,520.4,Mobile Recharge,Android,Delhi,10,0,
TXN103766,2026-09-06 10:06:45,USER100722,USER100562,755.88,Grocery,Android,Pune,10,0,
TXN103767,2026-09-06 10:08:58,USER102140,USER102421,334.54,Travel,Android,Kolkata,10,0,
TXN103768,2026-09-06 10:09:11,USER101711,USER101657,94.44,Mobile Recharge,Android,Bengaluru,10,0,
TXN103769,2026-09-06 10:13:48,USER101693,MERCH201365,1434.21,P2P Transfer,Android,Kolkata,10,0,
TXN103770,2026-09-06 10:16:26,USER101502,USER101010,1174.79,P2P Transfer,iOS,Mumbai,10,0,
TXN103771,2026-09-06 10:16:37,USER101043,MERCH200491,254.84,Entertainment,Android,Delhi,10,0,
TXN103772,2026-09-06 10:17:28,USER100544,USER102224,1257.49,Utility Bills,Android,Ahmedabad,10,0,
TXN103773,2026-09-06 10:19:42,USER101237,MERCH201497,170.81,Healthcare,Android,Hyderabad,10,0,
TXN103774,2026-09-06 10:27:00,USER100457,USER102299,7151.85,P2P Transfer,iOS,Hyderabad,10,1,velocity_burst
TXN103775,2026-09-06 10:27:05,USER100337,USER100160,84.32,Food & Dining,Android,Indore,10,0,
TXN103776,2026-09-06 10:28:10,USER100062,USER100184,89.09,Healthcare,Android,Bengaluru,10,0,
TXN103777,2026-09-06 10:30:25,USER101270,MERCH200730,99999.0,Food & Dining,Android,Bengaluru,10,1,round_number
TXN103778,2026-09-06 10:31:33,USER100665,USER100155,925.75,Travel,Android,Ahmedabad,10,0,
TXN103779,2026-09-06 10:31:39,USER101861,MERCH201424,426.99,Utility Bills,Android,Pune,10,0,
TXN103780,2026-09-06 10:31:51,USER100319,MERCH200981,669.01,Utility Bills,Android,Bengaluru,10,0,
TXN103781,2026-09-06 10:35:10,USER100309,USER101376,426.63,Travel,Android,Delhi,10,0,
TXN103782,2026-09-06 10:39:54,USER101735,MERCH201059,336.64,Entertainment,Android,Delhi,10,0,
TXN103783,2026-09-06 10:41:07,USER100245,USER102194,2610.63,Fuel,iOS,Delhi,10,0,
TXN103784,2026-09-06 10:41:22,USER100502,MERCH200258,318.64,Grocery,Android,Indore,10,0,
TXN103785,2026-09-06 10:45:34,USER102726,USER100075,696.01,Entertainment,Android,Bengaluru,10,0,
TXN103786,2026-09-06 10:46:13,USER102201,USER101640,730.57,Grocery,Android,Kolkata,10,0,
TXN103787,2026-09-06 10:48:49,USER100216,MERCH200065,312.26,Grocery,Android,Bengaluru,10,0,
TXN103788,2026-09-06 10:52:35,USER100493,USER100467,2753.97,Fuel,Android,Delhi,10,0,
TXN103789,2026-09-06 10:52:58,USER102452,MERCH200232,2909.72,Travel,iOS,Pune,10,0,
TXN103790,2026-09-06 10:54:36,USER102970,USER100631,141.49,Entertainment,Android,Hyderabad,10,0,
TXN103791,2026-09-06 10:55:03,USER100607,USER102882,192.22,Food & Dining,Android,Delhi,10,0,
TXN103792,2026-09-06 10:56:58,USER102456,USER102170,111.89,Fuel,Android,Bengaluru,10,0,
TXN103793,2026-09-06 10:59:14,USER102162,MERCH200178,394.15,Healthcare,Android,Indore,10,0,
TXN103794,2026-09-06 10:59:56,USER101463,MERCH200923,654.76,Fuel,Android,Delhi,10,0,
TXN103795,2026-09-06 11:00:52,USER102684,USER102591,366.46,Fuel,Android,Bengaluru,11,0,
TXN103796,2026-09-06 11:05:21,USER100380,MERCH200176,1961.36,Travel,Android,Bengaluru,11,0,
TXN103797,2026-09-06 11:05:31,USER100752,USER102147,619.87,Food & Dining,Android,Pune,11,0,
TXN103798,2026-09-06 11:08:12,USER102092,USER101258,356.42,Mobile Recharge,Android,Chennai,11,0,
TXN103799,2026-09-06 11:09:14,USER101236,USER101888,229.62,Shopping,Android,Mumbai,11,0,
TXN103800,2026-09-06 11:09:21,USER102078,MERCH200138,1775.63,Fuel,Android,Mumbai,11,0,
TXN103801,2026-09-06 11:09:49,USER100321,USER101396,1196.31,P2P Transfer,iOS,Mumbai,11,0,
TXN103802,2026-09-06 11:12:53,USER100012,USER102272,116.56,Food & Dining,Android,Delhi,11,0,
TXN103803,2026-09-06 11:14:02,USER100590,USER102071,695.58,Travel,Android,Jaipur,11,0,
TXN103804,2026-09-06 11:15:34,USER100277,MERCH201137,142.25,Fuel,iOS,Jaipur,11,0,
TXN103805,2026-09-06 11:16:58,USER101294,USER100516,145.12,Utility Bills,Android,Chennai,11,0,
TXN103806,2026-09-06 11:19:16,USER101813,USER101359,274.87,Mobile Recharge,Android,Delhi,11,0,
TXN103807,2026-09-06 11:21:29,USER102253,USER101188,108.4,Grocery,Android,Bengaluru,11,0,
TXN103808,2026-09-06 11:23:48,USER102389,USER102898,192.24,Entertainment,iOS,Bengaluru,11,0,
TXN103809,2026-09-06 11:24:11,USER101102,USER100454,226.21,Food & Dining,Android,Hyderabad,11,0,
TXN103810,2026-09-06 11:25:53,USER101565,USER101106,566.46,Utility Bills,Android,Lucknow,11,0,
TXN103811,2026-09-06 11:25:57,USER101540,USER102768,150.02,Mobile Recharge,Android,Delhi,11,0,
TXN103812,2026-09-06 11:28:02,USER101033,MERCH200379,148.73,Food & Dining,Android,Mumbai,11,0,
TXN103813,2026-09-06 11:28:03,USER100663,USER102390,226.53,Healthcare,Android,Delhi,11,0,
TXN103814,2026-09-06 11:28:23,USER102626,USER102352,150.98,Fuel,Android,Hyderabad,11,0,
TXN103815,2026-09-06 11:29:00,USER102709,USER101683,310.29,Shopping,Android,Lucknow,11,0,
TXN103816,2026-09-06 11:30:43,USER102995,USER102960,992.41,P2P Transfer,Android,Bengaluru,11,0,
TXN103817,2026-09-06 11:31:12,USER101204,USER101120,189.87,Grocery,Android,Kolkata,11,0,
TXN103818,2026-09-06 11:31:28,USER101529,USER100872,856.86,Mobile Recharge,iOS,Ahmedabad,11,0,
TXN103819,2026-09-06 11:31:53,USER102529,USER100856,1167.13,P2P Transfer,Android,Pune,11,0,
TXN103820,2026-09-06 11:32:26,USER100508,MERCH201185,151.48,Healthcare,iOS,Chennai,11,0,
TXN103821,2026-09-06 11:35:36,USER102772,MERCH201261,734.36,Mobile Recharge,Android,Kolkata,11,0,
TXN103822,2026-09-06 11:35:50,USER102720,USER100503,1196.07,Grocery,Android,Delhi,11,0,
TXN103823,2026-09-06 11:35:56,USER102037,USER101133,828.76,P2P Transfer,iOS,Chennai,11,0,
TXN103824,2026-09-06 11:37:28,USER102674,USER101139,212.87,Travel,iOS,Mumbai,11,0,
TXN103825,2026-09-06 11:37:43,USER102039,USER100624,27.01,Fuel,Android,Mumbai,11,0,
TXN103826,2026-09-06 11:38:28,USER102731,MERCH200764,1294.35,Grocery,Android,Bengaluru,11,0,
TXN103827,2026-09-06 11:39:53,USER102213,USER102605,551.67,Travel,Android,Patna,11,0,
TXN103828,2026-09-06 11:40:57,USER101981,USER100407,1332.15,Mobile Recharge,Android,Kolkata,11,0,
TXN103829,2026-09-06 11:42:06,USER101783,USER102452,66.4,Healthcare,Android,Delhi,11,0,
TXN103830,2026-09-06 11:45:47,USER100655,MERCH200906,1392.75,Food & Dining,Android,Delhi,11,0,
TXN103831,2026-09-06 11:45:56,USER101661,USER100647,1669.1,Grocery,Android,Ahmedabad,11,0,
TXN103832,2026-09-06 11:49:28,USER101097,USER101667,572.96,Fuel,Android,Patna,11,0,
TXN103833,2026-09-06 11:51:00,USER102868,USER102261,946.5,Utility Bills,Android,Mumbai,11,0,
TXN103834,2026-09-06 11:51:02,USER101627,USER101635,9911.96,P2P Transfer,iOS,Kolkata,11,0,
TXN103835,2026-09-06 11:51:21,USER101882,USER102639,235.72,Shopping,Android,Kolkata,11,0,
TXN103836,2026-09-06 11:52:13,USER102581,USER101076,521.13,Travel,Android,Kolkata,11,0,
TXN103837,2026-09-06 11:53:55,USER102556,MERCH201013,552.39,Utility Bills,Android,Patna,11,0,
TXN103838,2026-09-06 11:54:35,USER100954,MERCH200208,1592.87,Food & Dining,iOS,Hyderabad,11,0,
TXN103839,2026-09-06 11:54:35,USER100874,USER101054,730.3,Shopping,Android,Mumbai,11,0,
TXN103840,2026-09-06 11:55:25,USER102033,USER102892,57.63,Healthcare,iOS,Pune,11,0,
TXN103841,2026-09-06 11:57:34,USER100561,USER100173,145.84,Grocery,Android,Mumbai,11,0,
TXN103842,2026-09-06 11:58:12,USER101848,USER102287,415.36,Food & Dining,Android,Mumbai,11,0,
TXN103843,2026-09-06 11:59:30,USER100965,MERCH201062,435.35,Fuel,Android,Delhi,11,0,
TXN103844,2026-09-06 12:00:45,USER102563,USER101442,611.27,Fuel,iOS,Chennai,12,0,
TXN103845,2026-09-06 12:01:07,USER102913,USER101455,5036.35,Food & Dining,Android,Pune,12,0,
TXN103846,2026-09-06 12:01:23,USER100265,USER102546,414.17,P2P Transfer,Android,Delhi,12,0,
TXN103847,2026-09-06 12:02:36,USER100104,USER100367,90.76,Mobile Recharge,Android,Ahmedabad,12,0,
TXN103848,2026-09-06 12:04:42,USER102745,USER102477,1347.24,Travel,Android,Bengaluru,12,0,
TXN103849,2026-09-06 12:05:26,USER101949,MERCH201096,411.13,Utility Bills,Android,Lucknow,12,0,
TXN103850,2026-09-06 12:06:13,USER101099,USER100009,1149.96,Food & Dining,Android,Kolkata,12,0,
TXN103851,2026-09-06 12:06:57,USER100422,USER102511,409.73,Fuel,Android,Hyderabad,12,0,
TXN103852,2026-09-06 12:10:06,USER102165,USER101588,144.2,Utility Bills,Android,Chennai,12,0,
TXN103853,2026-09-06 12:10:28,USER102909,USER102723,1413.59,Healthcare,Android,Delhi,12,0,
TXN103854,2026-09-06 12:11:09,USER102976,MERCH200462,137.17,Entertainment,Android,Chennai,12,0,
TXN103855,2026-09-06 12:11:19,USER102995,MERCH201333,986.89,Mobile Recharge,iOS,Delhi,12,0,
TXN103856,2026-09-06 12:11:54,USER100872,USER102615,86.69,P2P Transfer,iOS,Bengaluru,12,0,
TXN103857,2026-09-06 12:12:32,USER102199,MERCH201426,2141.03,Food & Dining,Android,Delhi,12,0,
TXN103858,2026-09-06 12:14:54,USER102755,MERCH200022,1026.09,Food & Dining,Android,Ahmedabad,12,0,
TXN103859,2026-09-06 12:15:10,USER100450,USER101308,80.8,Utility Bills,Android,Delhi,12,0,
TXN103860,2026-09-06 12:15:12,USER100259,MERCH201391,170.23,Entertainment,Android,Mumbai,12,0,
TXN103861,2026-09-06 12:16:39,USER102332,USER101019,446.27,Mobile Recharge,Android,Jaipur,12,0,
TXN103862,2026-09-06 12:16:58,USER102984,USER101795,33.95,Food & Dining,Android,Mumbai,12,0,
TXN103863,2026-09-06 12:17:15,USER102549,MERCH201440,224.98,Mobile Recharge,Android,Lucknow,12,0,
TXN103864,2026-09-06 12:18:08,USER100870,USER101094,286.31,Utility Bills,iOS,Jaipur,12,0,
TXN103865,2026-09-06 12:20:15,USER101255,USER102345,71.89,Fuel,Android,Hyderabad,12,0,
TXN103866,2026-09-06 12:20:31,USER100650,MERCH201186,1017.26,Food & Dining,iOS,Mumbai,12,0,
TXN103867,2026-09-06 12:20:33,USER101610,USER102519,865.54,Fuel,Android,Kolkata,12,0,
TXN103868,2026-09-06 12:21:03,USER101041,MERCH200921,1297.18,Mobile Recharge,iOS,Bengaluru,12,0,
TXN103869,2026-09-06 12:21:16,USER102771,USER101821,4331.72,Mobile Recharge,iOS,Jaipur,12,0,
TXN103870,2026-09-06 12:21:42,USER102672,USER102532,231.66,Healthcare,iOS,Mumbai,12,0,
TXN103871,2026-09-06 12:23:50,USER100667,USER102686,922.03,Food & Dining,Android,Pune,12,0,
TXN103872,2026-09-06 12:23:58,USER102120,USER102652,109.81,Travel,Android,Indore,12,0,
TXN103873,2026-09-06 12:24:24,USER102470,MERCH201466,89.56,Grocery,iOS,Kolkata,12,0,
TXN103874,2026-09-06 12:28:54,USER100020,USER102501,396.81,Shopping,iOS,Bengaluru,12,0,
TXN103875,2026-09-06 12:28:59,USER100421,USER102171,357.04,P2P Transfer,Android,Chennai,12,0,
TXN103876,2026-09-06 12:30:52,USER100971,MERCH201349,289.97,Mobile Recharge,Android,Hyderabad,12,0,
TXN103877,2026-09-06 12:30:52,USER102829,USER101007,45.11,Entertainment,Android,Hyderabad,12,0,
TXN103878,2026-09-06 12:32:51,USER102520,MERCH200743,932.96,Entertainment,Android,Mumbai,12,0,
TXN103879,2026-09-06 12:34:31,USER102518,USER101029,305.01,Food & Dining,Android,Ahmedabad,12,0,
TXN103880,2026-09-06 12:34:48,USER101717,MERCH200441,997.82,P2P Transfer,Android,Jaipur,12,0,
TXN103881,2026-09-06 12:37:31,USER100750,USER100304,25000.0,Food & Dining,Android,Ahmedabad,12,1,round_number
TXN103882,2026-09-06 12:39:18,USER100272,USER101675,21.62,Entertainment,Android,Ahmedabad,12,0,
TXN103883,2026-09-06 12:41:13,USER101021,USER100995,393.94,Entertainment,Android,Pune,12,0,
TXN103884,2026-09-06 12:44:02,USER101556,USER102867,182.69,Utility Bills,Android,Mumbai,12,0,
TXN103885,2026-09-06 12:44:33,USER100866,MERCH200096,109.59,Grocery,Android,Bengaluru,12,0,
TXN103886,2026-09-06 12:46:43,USER101360,USER100943,274.18,P2P Transfer,iOS,Hyderabad,12,0,
TXN103887,2026-09-06 12:49:20,USER102877,USER102810,720.5,Travel,Android,Bengaluru,12,0,
TXN103888,2026-09-06 12:50:49,USER100766,MERCH201473,300.03,Entertainment,Android,Pune,12,0,
TXN103889,2026-09-06 12:51:08,USER100707,USER100528,186.87,Healthcare,Android,Bengaluru,12,0,
TXN103890,2026-09-06 12:51:22,USER101287,USER101210,198.91,Fuel,Android,Indore,12,0,
TXN103891,2026-09-06 12:51:37,USER102981,USER101398,439.78,Travel,Android,Jaipur,12,0,
TXN103892,2026-09-06 12:53:51,USER102744,USER102274,264.13,Shopping,Android,Chennai,12,0,
TXN103893,2026-09-06 12:54:11,USER101024,MERCH200303,412.11,Shopping,iOS,Kolkata,12,0,
TXN103894,2026-09-06 12:54:49,USER100324,MERCH201201,31.38,Utility Bills,Android,Chennai,12,0,
TXN103895,2026-09-06 12:55:15,USER102491,USER101972,710.43,Shopping,Android,Hyderabad,12,0,
TXN103896,2026-09-06 12:55:37,USER101069,USER102538,490.71,Healthcare,Android,Bengaluru,12,0,
TXN103897,2026-09-06 12:56:06,USER101190,MERCH200087,43.97,Travel,iOS,Delhi,12,0,
TXN103898,2026-09-06 12:56:30,USER101600,USER102001,294.79,Healthcare,Android,Mumbai,12,0,
TXN103899,2026-09-06 12:56:59,USER102041,USER101286,664.19,Shopping,iOS,Delhi,12,0,
TXN103900,2026-09-06 12:57:42,USER102490,USER102761,405.16,P2P Transfer,Android,Pune,12,0,
TXN103901,2026-09-06 12:59:32,USER100681,USER102963,102.13,Travel,Android,Delhi,12,0,
TXN103902,2026-09-06 12:59:35,USER101331,MERCH201318,25000.0,P2P Transfer,Android,Patna,12,1,round_number
TXN103903,2026-09-06 13:01:58,USER101773,USER100567,45.47,Healthcare,Android,Delhi,13,0,
TXN103904,2026-09-06 13:02:27,USER101322,USER100181,1090.61,Shopping,Android,Kolkata,13,0,
TXN103905,2026-09-06 13:06:38,USER102076,MERCH200734,355.09,Utility Bills,Android,Mumbai,13,0,
TXN103906,2026-09-06 13:06:38,USER101745,MERCH201218,731.43,Travel,Android,Mumbai,13,0,
TXN103907,2026-09-06 13:07:41,USER102998,MERCH200087,2407.76,Shopping,iOS,Hyderabad,13,0,
TXN103908,2026-09-06 13:08:09,USER100106,MERCH201193,145.98,Healthcare,Android,Bengaluru,13,0,
TXN103909,2026-09-06 13:08:32,USER101929,MERCH200205,834.76,Utility Bills,iOS,Delhi,13,0,
TXN103910,2026-09-06 13:09:14,USER102358,USER101345,46.78,Mobile Recharge,Android,Delhi,13,0,
TXN103911,2026-09-06 13:10:22,USER100006,USER102475,497.37,Mobile Recharge,Android,Ahmedabad,13,0,
TXN103912,2026-09-06 13:10:59,USER100014,USER102419,219.02,Mobile Recharge,Android,Lucknow,13,0,
TXN103913,2026-09-06 13:11:30,USER100386,MERCH200168,690.49,Healthcare,Android,Pune,13,0,
TXN103914,2026-09-06 13:12:55,USER100626,USER101638,349.7,Food & Dining,Android,Ahmedabad,13,0,
TXN103915,2026-09-06 13:15:01,USER101888,MERCH200380,67.88,Travel,Android,Delhi,13,0,
TXN103916,2026-09-06 13:15:10,USER101236,MERCH201120,117.98,Fuel,iOS,Mumbai,13,0,
TXN103917,2026-09-06 13:15:22,USER101471,MERCH200990,777.89,P2P Transfer,Android,Mumbai,13,0,
TXN103918,2026-09-06 13:16:51,USER101023,USER102082,523.88,Shopping,Android,Kolkata,13,0,
TXN103919,2026-09-06 13:17:42,USER100981,USER101062,535.82,Food & Dining,iOS,Pune,13,0,
TXN103920,2026-09-06 13:18:26,USER101444,MERCH200168,1052.21,Food & Dining,Android,Delhi,13,0,
TXN103921,2026-09-06 13:18:30,USER100231,USER100123,101.78,Grocery,iOS,Lucknow,13,0,
TXN103922,2026-09-06 13:20:28,USER101278,USER102176,241.79,Utility Bills,iOS,Indore,13,0,
TXN103923,2026-09-06 13:22:09,USER102816,USER100636,235.73,Entertainment,Android,Hyderabad,13,0,
TXN103924,2026-09-06 13:22:12,USER102548,MERCH200830,192.22,Grocery,iOS,Hyderabad,13,0,
TXN103925,2026-09-06 13:25:17,USER101689,USER100625,1027.29,Mobile Recharge,Android,Pune,13,0,
TXN103926,2026-09-06 13:26:26,USER101858,USER100043,135.62,Fuel,Android,Delhi,13,0,
TXN103927,2026-09-06 13:26:48,USER102076,MERCH201021,3278.46,Utility Bills,iOS,Delhi,13,0,
TXN103928,2026-09-06 13:27:55,USER102346,USER101361,195.03,P2P Transfer,Android,Ahmedabad,13,0,
TXN103929,2026-09-06 13:28:40,USER101154,MERCH201234,384.17,Fuel,Android,Jaipur,13,0,
TXN103930,2026-09-06 13:28:46,USER100453,USER101697,294.35,Travel,Android,Pune,13,0,
TXN103931,2026-09-06 13:28:47,USER101501,USER102010,172.09,P2P Transfer,Android,Chennai,13,0,
TXN103932,2026-09-06 13:28:50,USER100598,MERCH200004,419.76,Fuel,Android,Bengaluru,13,0,
TXN103933,2026-09-06 13:29:48,USER100363,USER100423,492.24,Shopping,Android,Patna,13,0,
TXN103934,2026-09-06 13:31:04,USER100730,USER100720,208.76,Shopping,Android,Delhi,13,0,
TXN103935,2026-09-06 13:31:50,USER102382,USER102434,1471.05,P2P Transfer,Android,Jaipur,13,0,
TXN103936,2026-09-06 13:32:20,USER100485,USER101278,471.86,Grocery,Android,Kolkata,13,0,
TXN103937,2026-09-06 13:33:10,USER100383,USER102774,1415.78,Shopping,Android,Mumbai,13,0,
TXN103938,2026-09-06 13:33:11,USER102590,USER102389,603.39,Utility Bills,Android,Delhi,13,0,
TXN103939,2026-09-06 13:33:14,USER100824,MERCH200144,852.65,Healthcare,iOS,Bengaluru,13,0,
TXN103940,2026-09-06 13:33:36,USER101254,USER100872,398.86,Fuel,Android,Bengaluru,13,0,
TXN103941,2026-09-06 13:33:49,USER100209,USER102601,2457.98,Utility Bills,Android,Bengaluru,13,0,
TXN103942,2026-09-06 13:34:19,USER102664,USER100882,256.27,Healthcare,Android,Kolkata,13,0,
TXN103943,2026-09-06 13:35:08,USER102165,USER101612,157.27,Fuel,iOS,Patna,13,0,
TXN103944,2026-09-06 13:35:18,USER100795,USER100205,680.62,Mobile Recharge,Android,Pune,13,0,
TXN103945,2026-09-06 13:35:45,USER102289,MERCH201357,3003.46,Healthcare,Android,Delhi,13,0,
TXN103946,2026-09-06 13:38:39,USER102606,USER102216,1059.48,Mobile Recharge,Android,Patna,13,0,
TXN103947,2026-09-06 13:39:33,USER100260,USER102741,81.65,Shopping,iOS,Mumbai,13,0,
TXN103948,2026-09-06 13:41:10,USER102434,USER102712,315.02,Fuel,Android,Chennai,13,0,
TXN103949,2026-09-06 13:41:11,USER102521,USER101578,603.14,Shopping,Android,Hyderabad,13,0,
TXN103950,2026-09-06 13:42:38,USER100116,MERCH201432,286.15,P2P Transfer,Android,Jaipur,13,0,
TXN103951,2026-09-06 13:43:11,USER100254,USER100297,390.44,Shopping,Android,Mumbai,13,0,
TXN103952,2026-09-06 13:43:24,USER101796,USER102421,557.94,Fuel,Android,Kolkata,13,0,
TXN103953,2026-09-06 13:43:27,USER102100,USER102029,1300.53,Utility Bills,Android,Chennai,13,0,
TXN103954,2026-09-06 13:45:46,USER101420,USER102721,100000.0,P2P Transfer,Android,Delhi,13,1,round_number
TXN103955,2026-09-06 13:46:46,USER101593,USER102556,197.13,Grocery,iOS,Delhi,13,0,
TXN103956,2026-09-06 13:47:00,USER100998,USER100925,1529.59,Shopping,Android,Kolkata,13,0,
TXN103957,2026-09-06 13:47:57,USER100917,USER100899,565.08,Grocery,Android,Hyderabad,13,0,
TXN103958,2026-09-06 13:51:31,USER100736,USER101760,239.6,Healthcare,Android,Patna,13,0,
TXN103959,2026-09-06 13:51:40,USER100454,USER101883,806.41,Mobile Recharge,Android,Delhi,13,0,
TXN103960,2026-09-06 13:53:21,USER101671,USER101648,732.51,Healthcare,Android,Mumbai,13,0,
TXN103961,2026-09-06 13:53:52,USER102263,USER100369,586.71,Entertainment,Android,Kolkata,13,0,
TXN103962,2026-09-06 13:54:01,USER100603,USER101444,413.48,Fuel,Android,Indore,13,0,
TXN103963,2026-09-06 13:54:11,USER102440,USER101704,199.79,Healthcare,Android,Delhi,13,0,
TXN103964,2026-09-06 13:54:38,USER101146,USER101714,399.18,Utility Bills,Android,Lucknow,13,0,
TXN103965,2026-09-06 13:57:03,USER100554,USER101427,955.69,Food & Dining,Android,Ahmedabad,13,0,
TXN103966,2026-09-06 13:57:49,USER101086,MERCH200806,275.05,Travel,Android,Patna,13,0,
TXN103967,2026-09-06 13:59:57,USER102031,USER100689,332.04,Fuel,Android,Bengaluru,13,0,
TXN103968,2026-09-06 14:01:48,USER102470,USER100099,1173.84,Grocery,iOS,Delhi,14,0,
TXN103969,2026-09-06 14:03:06,USER102384,USER102179,1108.91,Grocery,Android,Kolkata,14,0,
TXN103970,2026-09-06 14:04:54,USER101762,USER100096,392.92,Travel,Android,Hyderabad,14,0,
TXN103971,2026-09-06 14:05:13,USER101368,MERCH200813,654.65,Travel,Android,Kolkata,14,0,
TXN103972,2026-09-06 14:05:33,USER101239,MERCH200950,64.97,Food & Dining,Android,Hyderabad,14,0,
TXN103973,2026-09-06 14:06:14,USER100394,MERCH200951,478.29,Mobile Recharge,Android,Bengaluru,14,0,
TXN103974,2026-09-06 14:07:00,USER102301,USER101459,299.59,Fuel,Android,Delhi,14,0,
TXN103975,2026-09-06 14:07:22,USER100328,USER102830,1080.44,Utility Bills,Android,Chennai,14,0,
TXN103976,2026-09-06 14:07:28,USER101432,MERCH200970,277.1,Mobile Recharge,Android,Mumbai,14,0,
TXN103977,2026-09-06 14:09:56,USER100586,MERCH200341,445.0,Entertainment,Android,Jaipur,14,0,
TXN103978,2026-09-06 14:10:18,USER101420,MERCH201182,361.15,Entertainment,Android,Kolkata,14,0,
TXN103979,2026-09-06 14:10:42,USER102972,USER101360,756.81,Food & Dining,Android,Bengaluru,14,0,
TXN103980,2026-09-06 14:10:54,USER100513,MERCH200500,183.55,Mobile Recharge,Android,Hyderabad,14,0,
TXN103981,2026-09-06 14:11:22,USER100139,USER101412,541.96,Fuel,iOS,Bengaluru,14,0,
TXN103982,2026-09-06 14:13:22,USER102378,MERCH200278,508.38,Shopping,Android,Bengaluru,14,0,
TXN103983,2026-09-06 14:15:47,USER100074,MERCH200722,200.75,Grocery,Android,Mumbai,14,0,
TXN103984,2026-09-06 14:17:18,USER102669,USER102452,380.41,Shopping,iOS,Lucknow,14,0,
TXN103985,2026-09-06 14:18:35,USER101383,MERCH201095,716.9,Shopping,Android,Bengaluru,14,0,
TXN103986,2026-09-06 14:19:54,USER102236,MERCH201136,1618.25,Fuel,Android,Delhi,14,0,
TXN103987,2026-09-06 14:23:56,USER102854,USER102599,377.84,Fuel,iOS,Chennai,14,0,
TXN103988,2026-09-06 14:24:15,USER102214,MERCH201249,277.25,Entertainment,Android,Indore,14,0,
TXN103989,2026-09-06 14:24:58,USER101831,USER101776,507.99,Travel,Android,Ahmedabad,14,0,
TXN103990,2026-09-06 14:28:03,USER101592,USER102474,615.87,Entertainment,iOS,Hyderabad,14,0,
TXN103991,2026-09-06 14:30:12,USER100757,USER102708,80.23,Entertainment,Android,Indore,14,0,
TXN103992,2026-09-06 14:30:34,USER100286,USER101352,860.14,Grocery,Android,Hyderabad,14,0,
TXN103993,2026-09-06 14:31:13,USER101410,MERCH200341,849.12,Entertainment,Android,Jaipur,14,0,
TXN103994,2026-09-06 14:32:16,USER101352,MERCH200229,692.03,Grocery,Android,Hyderabad,14,0,
TXN103995,2026-09-06 14:32:48,USER100669,MERCH201260,566.95,Healthcare,Android,Patna,14,0,
TXN103996,2026-09-06 14:33:00,USER101439,USER101554,436.62,Entertainment,Android,Delhi,14,0,
TXN103997,2026-09-06 14:34:42,USER100916,USER100705,263.71,Shopping,Android,Patna,14,0,
TXN103998,2026-09-06 14:36:30,USER102483,MERCH200944,346.04,P2P Transfer,Android,Lucknow,14,0,
TXN103999,2026-09-06 14:37:50,USER102826,MERCH200981,520.09,Fuel,Android,Bengaluru,14,0,
TXN104000,2026-09-06 14:39:11,USER100047,USER102264,1898.39,Food & Dining,iOS,Delhi,14,0,
TXN104001,2026-09-06 14:40:17,USER102822,USER102412,29.81,Food & Dining,Android,Chennai,14,0,
TXN104002,2026-09-06 14:42:36,USER100358,USER100552,397.37,Grocery,Android,Kolkata,14,0,
TXN104003,2026-09-06 14:43:39,USER102574,MERCH201307,1586.23,Healthcare,Android,Bengaluru,14,0,
TXN104004,2026-09-06 14:44:18,USER101838,USER100225,70.72,Travel,Android,Bengaluru,14,0,
TXN104005,2026-09-06 14:47:33,USER101804,USER100775,79.2,Mobile Recharge,Android,Lucknow,14,0,
TXN104006,2026-09-06 14:50:31,USER102316,USER101424,489.69,Food & Dining,Android,Kolkata,14,0,
TXN104007,2026-09-06 14:51:00,USER101675,USER101270,564.53,Grocery,Android,Jaipur,14,0,
TXN104008,2026-09-06 14:52:37,USER101288,USER100987,853.03,P2P Transfer,Android,Mumbai,14,0,
TXN104009,2026-09-06 14:52:42,USER101320,USER100514,153.46,Grocery,Android,Mumbai,14,0,
TXN104010,2026-09-06 14:53:52,USER101888,USER100624,294.97,Entertainment,Android,Jaipur,14,0,
TXN104011,2026-09-06 14:53:54,USER101977,USER100116,56.77,Travel,iOS,Pune,14,0,
TXN104012,2026-09-06 14:55:45,USER101404,USER100904,299.68,Utility Bills,iOS,Kolkata,14,0,
TXN104013,2026-09-06 14:58:32,USER101667,MERCH200795,169.56,Travel,Android,Delhi,14,0,
TXN104014,2026-09-06 14:59:27,USER100276,USER101882,844.71,Entertainment,Android,Delhi,14,0,
TXN104015,2026-09-06 14:59:31,USER100183,USER100246,1824.74,Mobile Recharge,Android,Indore,14,0,
TXN104016,2026-09-06 14:59:49,USER100615,USER101562,1020.95,Food & Dining,Android,Delhi,14,0,
TXN104017,2026-09-06 15:01:56,USER101674,USER100105,1361.63,Shopping,Android,Indore,15,0,
TXN104018,2026-09-06 15:02:02,USER101720,MERCH200208,85.08,Grocery,Android,Mumbai,15,0,
TXN104019,2026-09-06 15:02:03,USER102665,USER100221,1422.88,P2P Transfer,Android,Bengaluru,15,0,
TXN104020,2026-09-06 15:02:57,USER100194,USER100136,1429.34,Entertainment,Android,Pune,15,0,
TXN104021,2026-09-06 15:03:34,USER102769,USER102978,132.66,Utility Bills,Android,Chennai,15,0,
TXN104022,2026-09-06 15:04:29,USER102204,USER102535,319.3,Healthcare,Android,Mumbai,15,0,
TXN104023,2026-09-06 15:04:43,USER100291,MERCH200753,739.41,P2P Transfer,Android,Patna,15,0,
TXN104024,2026-09-06 15:06:40,USER100165,MERCH201449,240.39,Healthcare,iOS,Indore,15,0,
TXN104025,2026-09-06 15:06:46,USER102016,USER101597,700.86,Healthcare,Android,Mumbai,15,0,
TXN104026,2026-09-06 15:10:59,USER102504,USER102774,885.2,Grocery,Android,Kolkata,15,0,
TXN104027,2026-09-06 15:12:06,USER101152,MERCH200052,153.75,Grocery,Android,Hyderabad,15,0,
TXN104028,2026-09-06 15:13:00,USER100343,MERCH201365,3554.25,P2P Transfer,Android,Hyderabad,15,1,velocity_burst
TXN104029,2026-09-06 15:13:34,USER100541,MERCH201348,287.64,P2P Transfer,Android,Bengaluru,15,0,
TXN104030,2026-09-06 15:14:08,USER100332,MERCH200469,106.96,Healthcare,Android,Hyderabad,15,0,
TXN104031,2026-09-06 15:14:27,USER102917,MERCH200082,1107.32,Shopping,Android,Kolkata,15,0,
TXN104032,2026-09-06 15:16:53,USER102225,USER101682,68.05,Healthcare,iOS,Bengaluru,15,0,
TXN104033,2026-09-06 15:17:52,USER101317,USER101443,82.79,Grocery,Android,Pune,15,0,
TXN104034,2026-09-06 15:20:13,USER101249,USER102138,560.1,Travel,iOS,Pune,15,0,
TXN104035,2026-09-06 15:24:23,USER102415,USER100999,476.24,Fuel,Android,Bengaluru,15,0,
TXN104036,2026-09-06 15:24:41,USER102416,USER102969,224.35,Fuel,iOS,Ahmedabad,15,0,
TXN104037,2026-09-06 15:24:49,USER100674,USER102790,527.72,Food & Dining,Android,Pune,15,0,
TXN104038,2026-09-06 15:26:36,USER100975,USER100606,1924.61,Healthcare,Android,Mumbai,15,0,
TXN104039,2026-09-06 15:30:15,USER102410,USER100239,59.92,Mobile Recharge,Android,Bengaluru,15,0,
TXN104040,2026-09-06 15:30:23,USER100663,MERCH200163,2821.63,Utility Bills,Android,Mumbai,15,0,
TXN104041,2026-09-06 15:32:56,USER100804,USER101869,61.59,Grocery,Android,Indore,15,0,
TXN104042,2026-09-06 15:33:38,USER101297,USER102249,99999.0,Shopping,Android,Mumbai,15,1,round_number
TXN104043,2026-09-06 15:34:33,USER102137,MERCH201135,237.0,Utility Bills,iOS,Kolkata,15,0,
TXN104044,2026-09-06 15:34:37,USER100089,USER101962,409.5,Utility Bills,Android,Mumbai,15,0,
TXN104045,2026-09-06 15:35:20,USER100430,USER100358,3760.86,Entertainment,Android,Delhi,15,0,
TXN104046,2026-09-06 15:37:19,USER100485,USER102658,144.08,Food & Dining,Android,Mumbai,15,0,
TXN104047,2026-09-06 15:37:42,USER102546,USER101586,297.16,Mobile Recharge,Android,Kolkata,15,0,
TXN104048,2026-09-06 15:41:27,USER102435,MERCH200222,263.94,Shopping,iOS,Mumbai,15,0,
TXN104049,2026-09-06 15:43:59,USER101499,USER102113,128.18,Food & Dining,Android,Hyderabad,15,0,
TXN104050,2026-09-06 15:44:27,USER101470,USER102380,139.13,Entertainment,Android,Chennai,15,0,
TXN104051,2026-09-06 15:45:23,USER101529,MERCH200082,74.94,Entertainment,Android,Bengaluru,15,0,
TXN104052,2026-09-06 15:46:09,USER102804,USER100012,408.95,Utility Bills,iOS,Delhi,15,0,
TXN104053,2026-09-06 15:47:28,USER100304,USER101042,1755.32,Travel,Android,Mumbai,15,0,
TXN104054,2026-09-06 15:53:50,USER100700,USER101673,125.36,Entertainment,Android,Patna,15,0,
TXN104055,2026-09-06 15:55:04,USER100678,USER100865,1602.11,Utility Bills,Android,Chennai,15,0,
TXN104056,2026-09-06 15:58:28,USER102507,MERCH200847,432.03,Travel,Android,Ahmedabad,15,0,
TXN104057,2026-09-06 16:00:30,USER101866,USER102919,152.59,Food & Dining,Android,Ahmedabad,16,0,
TXN104058,2026-09-06 16:00:46,USER100314,USER100346,248.75,Healthcare,Android,Mumbai,16,0,
TXN104059,2026-09-06 16:02:20,USER100894,USER102130,2824.39,P2P Transfer,iOS,Bengaluru,16,0,
TXN104060,2026-09-06 16:03:12,USER100306,USER101455,1964.96,P2P Transfer,Android,Kolkata,16,0,
TXN104061,2026-09-06 16:03:59,USER102067,MERCH200359,73.27,Entertainment,Android,Pune,16,0,
TXN104062,2026-09-06 16:05:53,USER100550,MERCH200058,81.28,Healthcare,iOS,Bengaluru,16,0,
TXN104063,2026-09-06 16:07:17,USER101471,USER101568,383.3,Healthcare,Android,Bengaluru,16,0,
TXN104064,2026-09-06 16:09:15,USER102026,MERCH200746,374.16,P2P Transfer,iOS,Chennai,16,0,
TXN104065,2026-09-06 16:09:49,USER100799,USER102328,398.57,Travel,Android,Pune,16,0,
TXN104066,2026-09-06 16:16:07,USER100000,USER102476,78.26,Mobile Recharge,Android,Chennai,16,0,
TXN104067,2026-09-06 16:20:34,USER101412,MERCH201429,223.31,Travel,Android,Delhi,16,0,
TXN104068,2026-09-06 16:25:43,USER100784,MERCH200657,391.65,Grocery,Android,Delhi,16,0,
TXN104069,2026-09-06 16:25:51,USER100411,USER102459,42957.23,Food & Dining,New Device,Patna,16,1,new_device_high
TXN104070,2026-09-06 16:30:03,USER100844,MERCH200362,84.78,Shopping,Android,Mumbai,16,0,
TXN104071,2026-09-06 16:32:17,USER101814,USER102365,314.74,Utility Bills,Android,Mumbai,16,0,
TXN104072,2026-09-06 16:32:57,USER102488,USER101025,221.28,Mobile Recharge,Android,Kolkata,16,0,
TXN104073,2026-09-06 16:35:14,USER100262,MERCH201400,1249.79,Fuel,Android,Mumbai,16,0,
TXN104074,2026-09-06 16:35:45,USER101395,MERCH200018,254.86,Utility Bills,iOS,Bengaluru,16,0,
TXN104075,2026-09-06 16:35:51,USER100900,USER100796,7263.71,Mobile Recharge,iOS,Bengaluru,16,0,
TXN104076,2026-09-06 16:38:09,USER100987,USER101830,1045.63,Entertainment,Android,Delhi,16,0,
TXN104077,2026-09-06 16:38:16,USER100409,USER102826,758.38,Entertainment,Android,Delhi,16,0,
TXN104078,2026-09-06 16:39:02,USER100906,USER100989,55.78,Grocery,Android,Patna,16,0,
TXN104079,2026-09-06 16:40:31,USER102483,USER102764,931.27,Shopping,iOS,Hyderabad,16,0,
TXN104080,2026-09-06 16:46:21,USER102476,USER102903,1121.61,Healthcare,Android,Ahmedabad,16,0,
TXN104081,2026-09-06 16:47:05,USER102894,USER100954,139.21,Shopping,Android,Delhi,16,0,
TXN104082,2026-09-06 16:47:47,USER101912,MERCH200730,1598.56,Fuel,Android,Mumbai,16,0,
TXN104083,2026-09-06 16:48:01,USER102086,USER100436,465.78,Shopping,Android,Bengaluru,16,0,
TXN104084,2026-09-06 16:50:03,USER100435,MERCH200357,244.52,Shopping,Android,Delhi,16,0,
TXN104085,2026-09-06 16:50:04,USER101811,USER102156,764.91,Shopping,Android,Indore,16,0,
TXN104086,2026-09-06 16:51:18,USER102125,USER100558,1229.21,Shopping,Android,Bengaluru,16,0,
TXN104087,2026-09-06 16:51:39,USER102156,USER100977,204.57,Entertainment,Android,Kolkata,16,0,
TXN104088,2026-09-06 16:52:17,USER102184,USER102365,245.38,Fuel,iOS,Bengaluru,16,0,
TXN104089,2026-09-06 16:53:33,USER102684,USER101162,202.64,Mobile Recharge,Android,Ahmedabad,16,0,
TXN104090,2026-09-06 16:54:59,USER100653,MERCH200294,359.36,Healthcare,Android,Chennai,16,0,
TXN104091,2026-09-06 16:59:42,USER102472,USER102798,375.85,Fuel,iOS,Bengaluru,16,0,
TXN104092,2026-09-06 17:00:19,USER100697,USER101460,130.85,Mobile Recharge,Android,Mumbai,17,0,
TXN104093,2026-09-06 17:03:20,USER101650,USER102815,700.0,Shopping,Android,Mumbai,17,0,
TXN104094,2026-09-06 17:03:53,USER100891,MERCH201147,1431.63,Utility Bills,Android,Delhi,17,0,
TXN104095,2026-09-06 17:05:57,USER101544,USER100891,2077.01,Grocery,Android,Mumbai,17,0,
TXN104096,2026-09-06 17:06:10,USER100376,USER102077,118.48,Grocery,Android,Bengaluru,17,0,
TXN104097,2026-09-06 17:08:24,USER101034,MERCH200695,65.63,Food & Dining,Android,Lucknow,17,0,
TXN104098,2026-09-06 17:09:40,USER101973,USER102695,221.36,P2P Transfer,Android,Patna,17,0,
TXN104099,2026-09-06 17:09:47,USER102432,USER102614,48.84,Healthcare,Android,Kolkata,17,0,
TXN104100,2026-09-06 17:12:24,USER101126,USER101931,264.68,Entertainment,Android,Delhi,17,0,
TXN104101,2026-09-06 17:13:24,USER100812,MERCH200971,213.88,Grocery,Android,Delhi,17,0,
TXN104102,2026-09-06 17:16:04,USER101476,USER100536,496.39,P2P Transfer,Android,Patna,17,0,
TXN104103,2026-09-06 17:16:05,USER102882,USER102442,281.41,Travel,Android,Hyderabad,17,0,
TXN104104,2026-09-06 17:20:29,USER100296,USER102410,409.46,P2P Transfer,Android,Mumbai,17,0,
TXN104105,2026-09-06 17:20:51,USER100798,MERCH200345,62.32,Healthcare,Android,Hyderabad,17,0,
TXN104106,2026-09-06 17:21:51,USER102691,MERCH200247,163.27,P2P Transfer,iOS,Kolkata,17,0,
TXN104107,2026-09-06 17:24:17,USER101854,MERCH201196,125.69,Entertainment,Android,Delhi,17,0,
TXN104108,2026-09-06 17:25:21,USER102478,USER100838,2367.3,P2P Transfer,Android,Mumbai,17,0,
TXN104109,2026-09-06 17:31:21,USER100375,USER101556,1024.76,Food & Dining,Android,Ahmedabad,17,0,
TXN104110,2026-09-06 17:31:43,USER101288,USER102032,537.5,Mobile Recharge,Android,Pune,17,0,
TXN104111,2026-09-06 17:32:34,USER102883,USER101706,512.33,Entertainment,Android,Pune,17,0,
TXN104112,2026-09-06 17:33:35,USER102997,USER102519,273.05,Travel,Android,Kolkata,17,0,
TXN104113,2026-09-06 17:34:35,USER100054,USER100380,389.01,P2P Transfer,Android,Ahmedabad,17,0,
TXN104114,2026-09-06 17:36:20,USER102715,USER100367,556.75,Fuel,Android,Hyderabad,17,0,
TXN104115,2026-09-06 17:37:17,USER102956,USER100805,191.0,Utility Bills,Android,Bengaluru,17,0,
TXN104116,2026-09-06 17:38:03,USER102831,MERCH200504,87.91,Shopping,iOS,Jaipur,17,0,
TXN104117,2026-09-06 17:38:49,USER102141,MERCH200712,287.57,Utility Bills,Android,Chennai,17,0,
TXN104118,2026-09-06 17:40:50,USER102877,MERCH200487,242.64,Utility Bills,Android,Indore,17,0,
TXN104119,2026-09-06 17:41:09,USER101606,USER102682,1715.64,Healthcare,Android,Mumbai,17,0,
TXN104120,2026-09-06 17:41:25,USER102071,MERCH200028,2437.92,Entertainment,iOS,Pune,17,0,
TXN104121,2026-09-06 17:43:21,USER100355,USER100292,717.48,Healthcare,Android,Hyderabad,17,0,
TXN104122,2026-09-06 17:43:44,USER100953,MERCH201191,188.88,Mobile Recharge,Android,Patna,17,0,
TXN104123,2026-09-06 17:45:36,USER101720,USER102410,812.99,Entertainment,Android,Bengaluru,17,0,
TXN104124,2026-09-06 17:47:16,USER101139,USER100494,317.11,Entertainment,Android,Pune,17,0,
TXN104125,2026-09-06 17:49:29,USER102791,USER100876,223.17,Utility Bills,Android,Bengaluru,17,0,
TXN104126,2026-09-06 17:50:22,USER100687,MERCH201073,89.1,Entertainment,Android,Delhi,17,0,
TXN104127,2026-09-06 17:50:51,USER101170,MERCH201487,711.61,Fuel,iOS,Bengaluru,17,0,
TXN104128,2026-09-06 17:51:10,USER100134,USER101638,257.54,Mobile Recharge,Android,Kolkata,17,0,
TXN104129,2026-09-06 17:51:31,USER101847,USER101421,990.56,Grocery,Android,Jaipur,17,0,
TXN104130,2026-09-06 17:53:43,USER102778,USER102336,790.7,P2P Transfer,Android,Bengaluru,17,0,
TXN104131,2026-09-06 17:58:47,USER101392,MERCH200988,292.52,P2P Transfer,Android,Pune,17,0,
TXN104132,2026-09-06 18:00:03,USER101041,USER100662,282.42,Travel,iOS,Delhi,18,0,
TXN104133,2026-09-06 18:00:27,USER100639,USER102877,2422.6,P2P Transfer,Android,Chennai,18,0,
TXN104134,2026-09-06 18:01:25,USER101366,USER102048,246.01,Grocery,Android,Hyderabad,18,0,
TXN104135,2026-09-06 18:01:34,USER101074,USER101435,613.89,Entertainment,iOS,Pune,18,0,
TXN104136,2026-09-06 18:03:29,USER102230,MERCH201085,520.63,Entertainment,Android,Hyderabad,18,0,
TXN104137,2026-09-06 18:05:12,USER100470,USER101524,775.2,Entertainment,Android,Jaipur,18,0,
TXN104138,2026-09-06 18:06:24,USER100316,USER101964,226.85,Fuel,Android,Mumbai,18,0,
TXN104139,2026-09-06 18:07:24,USER101354,USER100237,797.42,Entertainment,iOS,Delhi,18,0,
TXN104140,2026-09-06 18:07:37,USER101917,MERCH200309,178.33,Utility Bills,iOS,Lucknow,18,0,
TXN104141,2026-09-06 18:08:30,USER102126,USER100910,155.54,Mobile Recharge,Android,Hyderabad,18,0,
TXN104142,2026-09-06 18:11:46,USER101167,USER100754,77.22,Travel,Android,Delhi,18,0,
TXN104143,2026-09-06 18:12:50,USER101131,USER101179,808.39,Food & Dining,Android,Chennai,18,0,
TXN104144,2026-09-06 18:12:54,USER102757,USER100550,65.42,Utility Bills,Android,Delhi,18,0,
TXN104145,2026-09-06 18:13:01,USER102392,USER101764,238.74,Food & Dining,Android,Chennai,18,0,
TXN104146,2026-09-06 18:14:42,USER102146,USER101100,530.71,Mobile Recharge,Android,Mumbai,18,0,
TXN104147,2026-09-06 18:15:02,USER100617,USER102906,127.77,Entertainment,Android,Pune,18,0,
TXN104148,2026-09-06 18:16:40,USER101350,USER100685,1067.23,Entertainment,Android,Jaipur,18,0,
TXN104149,2026-09-06 18:17:26,USER101849,USER102844,128.82,Fuel,Android,Pune,18,0,
TXN104150,2026-09-06 18:18:55,USER102355,MERCH200430,175.47,Fuel,Android,Lucknow,18,0,
TXN104151,2026-09-06 18:21:04,USER101102,USER101894,217.77,Shopping,Android,Indore,18,0,
TXN104152,2026-09-06 18:22:31,USER100395,USER102342,353.86,P2P Transfer,Android,Chennai,18,0,
TXN104153,2026-09-06 18:24:20,USER102115,MERCH201312,913.32,Food & Dining,iOS,Chennai,18,0,
TXN104154,2026-09-06 18:25:50,USER100367,USER102719,486.64,Shopping,Android,Patna,18,0,
TXN104155,2026-09-06 18:27:01,USER100451,USER101301,194.11,Entertainment,Android,Delhi,18,0,
TXN104156,2026-09-06 18:27:37,USER101305,USER100670,134.02,Shopping,Android,Bengaluru,18,0,
TXN104157,2026-09-06 18:28:40,USER102567,USER101849,92.03,Grocery,Android,Bengaluru,18,0,
TXN104158,2026-09-06 18:28:57,USER101813,USER100033,381.42,Healthcare,Android,Patna,18,0,
TXN104159,2026-09-06 18:30:00,USER100145,USER102928,23.32,Travel,Android,Ahmedabad,18,0,
TXN104160,2026-09-06 18:31:47,USER100353,USER101296,468.97,Food & Dining,Android,Ahmedabad,18,0,
TXN104161,2026-09-06 18:32:01,USER100702,USER100326,592.32,Travel,iOS,Mumbai,18,0,
TXN104162,2026-09-06 18:32:16,USER102389,USER100303,175.38,Travel,Android,Kolkata,18,0,
TXN104163,2026-09-06 18:34:09,USER102413,USER102352,1444.67,Healthcare,Android,Jaipur,18,0,
TXN104164,2026-09-06 18:35:29,USER101998,MERCH201182,382.52,Shopping,iOS,Kolkata,18,0,
TXN104165,2026-09-06 18:36:37,USER100936,USER102427,64.04,Utility Bills,iOS,Jaipur,18,0,
TXN104166,2026-09-06 18:38:31,USER100883,USER101603,915.63,Shopping,Android,Mumbai,18,0,
TXN104167,2026-09-06 18:39:01,USER100256,USER101449,503.27,Shopping,Android,Bengaluru,18,0,
TXN104168,2026-09-06 18:41:29,USER102597,MERCH201372,232.8,P2P Transfer,iOS,Ahmedabad,18,0,
TXN104169,2026-09-06 18:43:05,USER101614,USER100344,864.48,P2P Transfer,Android,Mumbai,18,0,
TXN104170,2026-09-06 18:44:14,USER100988,MERCH200259,730.81,Food & Dining,Android,Pune,18,0,
TXN104171,2026-09-06 18:45:30,USER101771,USER100570,138.98,Shopping,Android,Mumbai,18,0,
TXN104172,2026-09-06 18:47:37,USER102367,MERCH200025,290.53,Shopping,Android,Bengaluru,18,0,
TXN104173,2026-09-06 18:47:37,USER100919,USER100022,276.61,Utility Bills,Android,Hyderabad,18,0,
TXN104174,2026-09-06 18:48:01,USER100014,USER101346,2025.25,Travel,Android,Delhi,18,0,
TXN104175,2026-09-06 18:49:00,USER100609,USER102668,159.89,Mobile Recharge,Android,Chennai,18,0,
TXN104176,2026-09-06 18:50:19,USER102449,USER100832,1155.16,Food & Dining,Android,Lucknow,18,0,
TXN104177,2026-09-06 18:52:41,USER100805,USER102743,628.4,P2P Transfer,Android,Jaipur,18,0,
TXN104178,2026-09-06 18:53:36,USER102430,USER102765,1260.64,Food & Dining,iOS,Hyderabad,18,0,
TXN104179,2026-09-06 18:55:41,USER100467,USER102415,76.62,Utility Bills,Android,Kolkata,18,0,
TXN104180,2026-09-06 18:55:53,USER101651,MERCH201360,116.34,Mobile Recharge,Android,Kolkata,18,0,
TXN104181,2026-09-06 18:56:26,USER100042,USER100406,1425.42,P2P Transfer,Android,Chennai,18,0,
TXN104182,2026-09-06 18:58:22,USER102477,MERCH200016,592.27,Travel,Android,Indore,18,0,
TXN104183,2026-09-06 19:01:14,USER101124,MERCH201239,1621.5,Healthcare,Android,Mumbai,19,0,
TXN104184,2026-09-06 19:01:26,USER100680,MERCH200430,77.4,Grocery,Android,Bengaluru,19,0,
TXN104185,2026-09-06 19:02:11,USER102343,MERCH200548,107.0,Entertainment,iOS,Kolkata,19,0,
TXN104186,2026-09-06 19:02:40,USER101896,USER102326,686.97,Grocery,Android,Mumbai,19,0,
TXN104187,2026-09-06 19:07:32,USER102708,USER100333,202.54,Mobile Recharge,Android,Chennai,19,0,
TXN104188,2026-09-06 19:09:05,USER100182,MERCH200161,3681.76,Fuel,Android,Jaipur,19,0,
TXN104189,2026-09-06 19:09:30,USER100131,MERCH200687,83.56,Utility Bills,Android,Chennai,19,0,
TXN104190,2026-09-06 19:10:16,USER100859,USER100387,708.43,Food & Dining,iOS,Mumbai,19,0,
TXN104191,2026-09-06 19:11:00,USER100253,MERCH200604,5195.6,P2P Transfer,Android,Patna,19,1,velocity_burst
TXN104192,2026-09-06 19:11:05,USER101973,USER101519,97.63,Food & Dining,Android,Pune,19,0,
TXN104193,2026-09-06 19:13:13,USER100081,MERCH200923,987.74,Fuel,Android,Bengaluru,19,0,
TXN104194,2026-09-06 19:13:41,USER101081,MERCH200250,143.82,Travel,Android,Ahmedabad,19,0,
TXN104195,2026-09-06 19:14:26,USER101561,MERCH200002,357.34,Utility Bills,Android,Chennai,19,0,
TXN104196,2026-09-06 19:14:54,USER102624,USER102956,72.82,Travel,iOS,Patna,19,0,
TXN104197,2026-09-06 19:17:31,USER102943,USER102201,123.73,Entertainment,iOS,Mumbai,19,0,
TXN104198,2026-09-06 19:17:55,USER102483,MERCH200692,47.85,Grocery,Android,Ahmedabad,19,0,
TXN104199,2026-09-06 19:19:14,USER101517,MERCH200828,1835.24,P2P Transfer,Android,Bengaluru,19,0,
TXN104200,2026-09-06 19:19:19,USER102141,MERCH200545,104.26,Entertainment,Android,Chennai,19,0,
TXN104201,2026-09-06 19:20:07,USER100086,USER102424,351.23,P2P Transfer,Android,Hyderabad,19,0,
TXN104202,2026-09-06 19:21:30,USER100742,USER101733,221.27,Shopping,Android,Hyderabad,19,0,
TXN104203,2026-09-06 19:22:59,USER100355,USER101296,757.11,Entertainment,Android,Mumbai,19,0,
TXN104204,2026-09-06 19:23:04,USER101207,USER100296,229.04,Food & Dining,Android,Delhi,19,0,
TXN104205,2026-09-06 19:23:45,USER102366,USER100261,1477.52,P2P Transfer,Android,Mumbai,19,0,
TXN104206,2026-09-06 19:23:57,USER101010,USER100008,1371.56,Entertainment,Android,Kolkata,19,0,
TXN104207,2026-09-06 19:25:29,USER100679,USER100811,231.82,Mobile Recharge,Android,Chennai,19,0,
TXN104208,2026-09-06 19:26:01,USER100476,USER100334,109.66,Grocery,Android,Delhi,19,0,
TXN104209,2026-09-06 19:26:02,USER102068,USER102399,255.2,Food & Dining,Android,Hyderabad,19,0,
TXN104210,2026-09-06 19:28:19,USER102724,USER101529,262.13,Utility Bills,Android,Bengaluru,19,0,
TXN104211,2026-09-06 19:28:51,USER101892,USER100738,264.23,Shopping,Android,Patna,19,0,
TXN104212,2026-09-06 19:29:28,USER100007,USER100945,237.96,Healthcare,Android,Kolkata,19,0,
TXN104213,2026-09-06 19:31:14,USER101987,USER102151,279.1,Grocery,Android,Pune,19,0,
TXN104214,2026-09-06 19:31:45,USER101064,MERCH200618,2014.21,Grocery,Android,Bengaluru,19,0,
TXN104215,2026-09-06 19:32:31,USER100365,USER102343,1078.9,Healthcare,Android,Indore,19,0,
TXN104216,2026-09-06 19:32:31,USER101592,USER101345,705.78,Grocery,Android,Mumbai,19,0,
TXN104217,2026-09-06 19:32:41,USER101285,USER100908,234.5,Food & Dining,Android,Pune,19,0,
TXN104218,2026-09-06 19:36:19,USER101377,USER100644,233.51,Mobile Recharge,Android,Hyderabad,19,0,
TXN104219,2026-09-06 19:37:25,USER100622,USER101705,812.71,Food & Dining,Android,Ahmedabad,19,0,
TXN104220,2026-09-06 19:40:27,USER102130,USER101379,367.54,Utility Bills,Android,Delhi,19,0,
TXN104221,2026-09-06 19:40:37,USER100420,USER101164,55.06,Food & Dining,Android,Jaipur,19,0,
TXN104222,2026-09-06 19:40:47,USER101122,USER100451,449.64,Healthcare,iOS,Indore,19,0,
TXN104223,2026-09-06 19:42:39,USER100712,MERCH200303,2384.73,Shopping,Android,Bengaluru,19,0,
TXN104224,2026-09-06 19:45:45,USER102315,MERCH200125,637.46,Healthcare,Android,Pune,19,0,
TXN104225,2026-09-06 19:47:24,USER100847,USER101420,175.56,Grocery,Android,Bengaluru,19,0,
TXN104226,2026-09-06 19:47:44,USER102556,MERCH200003,281.97,Grocery,Android,Pune,19,0,
TXN104227,2026-09-06 19:50:46,USER102410,MERCH200999,351.55,Travel,Android,Pune,19,0,
TXN104228,2026-09-06 19:52:41,USER102799,USER101798,342.86,Mobile Recharge,Android,Delhi,19,0,
TXN104229,2026-09-06 19:52:53,USER102700,USER100359,172.23,Entertainment,Android,Delhi,19,0,
TXN104230,2026-09-06 19:54:33,USER102326,MERCH200343,491.32,Shopping,Android,Lucknow,19,0,
TXN104231,2026-09-06 19:55:05,USER102438,USER100534,39.4,Utility Bills,Android,Pune,19,0,
TXN104232,2026-09-06 19:57:04,USER100633,USER102316,1400.58,Mobile Recharge,Android,Delhi,19,0,
TXN104233,2026-09-06 19:57:23,USER100299,MERCH201324,3257.15,Travel,Android,Pune,19,0,
TXN104234,2026-09-06 19:57:43,USER102123,MERCH200392,462.91,Fuel,Android,Mumbai,19,0,
TXN104235,2026-09-06 19:59:53,USER100453,MERCH201204,869.82,P2P Transfer,Android,Delhi,19,0,
TXN104236,2026-09-06 20:01:00,USER101650,USER102350,257.63,Entertainment,Android,Kolkata,20,0,
TXN104237,2026-09-06 20:01:18,USER101435,USER100306,458.68,Shopping,Android,Chennai,20,0,
TXN104238,2026-09-06 20:04:48,USER100176,USER102342,296.81,Grocery,Android,Delhi,20,0,
TXN104239,2026-09-06 20:05:00,USER101971,MERCH200826,84.93,Healthcare,Android,Jaipur,20,0,
TXN104240,2026-09-06 20:07:53,USER100142,MERCH200102,305.19,Fuel,Android,Mumbai,20,0,
TXN104241,2026-09-06 20:09:14,USER101138,USER101143,762.61,Healthcare,Android,Hyderabad,20,0,
TXN104242,2026-09-06 20:11:25,USER102110,USER100378,3596.72,Fuel,iOS,Pune,20,0,
TXN104243,2026-09-06 20:11:38,USER101812,USER102859,128.01,Shopping,Android,Bengaluru,20,0,
TXN104244,2026-09-06 20:12:29,USER102403,USER101412,76.46,Utility Bills,Android,Ahmedabad,20,0,
TXN104245,2026-09-06 20:13:07,USER102560,MERCH200145,245.2,P2P Transfer,Android,Kolkata,20,0,
TXN104246,2026-09-06 20:14:22,USER102284,MERCH200524,377.01,Utility Bills,Android,Hyderabad,20,0,
TXN104247,2026-09-06 20:14:24,USER102155,USER102303,279.44,Fuel,Android,Kolkata,20,0,
TXN104248,2026-09-06 20:15:56,USER100010,MERCH201167,54.5,Food & Dining,Android,Chennai,20,0,
TXN104249,2026-09-06 20:16:36,USER101207,MERCH200910,645.43,Fuel,iOS,Chennai,20,0,
TXN104250,2026-09-06 20:19:58,USER100691,USER101974,253.04,Shopping,Android,Delhi,20,0,
TXN104251,2026-09-06 20:20:07,USER101691,USER101948,251.97,Food & Dining,iOS,Mumbai,20,0,
TXN104252,2026-09-06 20:23:22,USER101062,USER100046,99.08,Grocery,Android,Lucknow,20,0,
TXN104253,2026-09-06 20:23:26,USER100255,USER100615,468.44,Mobile Recharge,iOS,Delhi,20,0,
TXN104254,2026-09-06 20:26:00,USER101961,USER102339,167.47,Grocery,Android,Mumbai,20,0,
TXN104255,2026-09-06 20:27:34,USER102717,USER101470,482.65,Mobile Recharge,Android,Patna,20,0,
TXN104256,2026-09-06 20:27:35,USER101868,USER101438,1720.77,Shopping,Android,Mumbai,20,0,
TXN104257,2026-09-06 20:30:24,USER101968,USER100601,353.21,Fuel,Android,Mumbai,20,0,
TXN104258,2026-09-06 20:30:48,USER102519,USER100453,858.57,P2P Transfer,iOS,Hyderabad,20,0,
TXN104259,2026-09-06 20:31:30,USER101041,USER100515,1072.9,Travel,Android,Ahmedabad,20,0,
TXN104260,2026-09-06 20:31:47,USER101097,USER102265,552.82,Fuel,Android,Hyderabad,20,0,
TXN104261,2026-09-06 20:31:56,USER100674,USER102998,119.63,Shopping,Android,Indore,20,0,
TXN104262,2026-09-06 20:32:06,USER100875,USER101338,21.52,Grocery,iOS,Mumbai,20,0,
TXN104263,2026-09-06 20:32:22,USER101509,USER100215,81.57,Healthcare,Android,Pune,20,0,
TXN104264,2026-09-06 20:32:43,USER102890,USER102305,1070.0,Shopping,Android,Jaipur,20,0,
TXN104265,2026-09-06 20:34:12,USER102490,USER102594,2129.35,P2P Transfer,Android,Mumbai,20,0,
TXN104266,2026-09-06 20:36:27,USER101106,MERCH200065,60.53,P2P Transfer,Android,Mumbai,20,0,
TXN104267,2026-09-06 20:36:57,USER100672,USER102481,613.2,Entertainment,Android,Kolkata,20,0,
TXN104268,2026-09-06 20:40:03,USER100493,USER101080,586.71,Food & Dining,Android,Kolkata,20,0,
TXN104269,2026-09-06 20:40:48,USER102354,USER100614,521.9,Entertainment,Android,Kolkata,20,0,
TXN104270,2026-09-06 20:41:19,USER101318,USER101247,322.29,Utility Bills,Android,Chennai,20,0,
TXN104271,2026-09-06 20:42:23,USER100600,USER101560,366.53,Shopping,Android,Pune,20,0,
TXN104272,2026-09-06 20:44:07,USER101627,USER100018,162.25,Healthcare,Android,Pune,20,0,
TXN104273,2026-09-06 20:44:14,USER100938,USER100617,1953.68,Travel,iOS,Bengaluru,20,0,
TXN104274,2026-09-06 20:44:24,USER102525,MERCH200677,2806.71,Utility Bills,Android,Delhi,20,0,
TXN104275,2026-09-06 20:44:53,USER101377,USER100206,694.53,Mobile Recharge,Android,Hyderabad,20,0,
TXN104276,2026-09-06 20:46:43,USER100695,USER101570,290.84,Grocery,iOS,Kolkata,20,0,
TXN104277,2026-09-06 20:47:08,USER102130,MERCH200188,285.23,Utility Bills,Android,Delhi,20,0,
TXN104278,2026-09-06 20:47:56,USER101108,MERCH200310,86.46,Grocery,Android,Chennai,20,0,
TXN104279,2026-09-06 20:49:50,USER102955,USER100213,338.2,Food & Dining,Android,Delhi,20,0,
TXN104280,2026-09-06 20:50:13,USER101628,MERCH201112,247.29,Shopping,Android,Pune,20,0,
TXN104281,2026-09-06 20:51:13,USER101189,MERCH200195,170.1,Fuel,Android,Mumbai,20,0,
TXN104282,2026-09-06 21:01:10,USER102875,USER100774,141.95,Entertainment,Android,Ahmedabad,21,0,
TXN104283,2026-09-06 21:02:23,USER100369,USER102604,1127.74,P2P Transfer,Android,Delhi,21,0,
TXN104284,2026-09-06 21:05:12,USER101646,USER102867,704.67,Mobile Recharge,iOS,Hyderabad,21,0,
TXN104285,2026-09-06 21:05:54,USER102957,USER101969,154.89,Fuel,Android,Hyderabad,21,0,
TXN104286,2026-09-06 21:06:41,USER102427,MERCH200082,577.52,Entertainment,iOS,Mumbai,21,0,
TXN104287,2026-09-06 21:06:42,USER101863,MERCH200450,159.87,Entertainment,Android,Bengaluru,21,0,
TXN104288,2026-09-06 21:08:07,USER102861,USER102172,75000.0,Mobile Recharge,Android,Delhi,21,1,round_number
TXN104289,2026-09-06 21:12:41,USER102926,MERCH200860,224.59,Travel,Android,Kolkata,21,0,
TXN104290,2026-09-06 21:12:54,USER101639,USER102282,2304.45,Grocery,iOS,Delhi,21,0,
TXN104291,2026-09-06 21:13:04,USER100485,USER101405,890.41,Grocery,Android,Chennai,21,0,
TXN104292,2026-09-06 21:16:59,USER100041,USER100567,816.18,Shopping,Android,Chennai,21,0,
TXN104293,2026-09-06 21:19:17,USER100520,USER101027,149.6,Fuel,Android,Kolkata,21,0,
TXN104294,2026-09-06 21:19:34,USER101999,USER101988,1459.81,P2P Transfer,Android,Indore,21,0,
TXN104295,2026-09-06 21:20:01,USER100773,MERCH200593,980.82,Utility Bills,iOS,Kolkata,21,0,
TXN104296,2026-09-06 21:23:27,USER101969,USER102150,704.39,Shopping,Android,Chennai,21,0,
TXN104297,2026-09-06 21:24:26,USER100890,USER100139,1031.71,Entertainment,Android,Pune,21,0,
TXN104298,2026-09-06 21:27:14,USER101760,MERCH200749,140.16,P2P Transfer,Android,Mumbai,21,0,
TXN104299,2026-09-06 21:29:27,USER102929,MERCH201003,339.38,Grocery,Android,Delhi,21,0,
TXN104300,2026-09-06 21:30:47,USER101618,USER100243,541.41,Entertainment,Android,Delhi,21,0,
TXN104301,2026-09-06 21:32:09,USER100316,USER102467,1309.22,Entertainment,Android,Hyderabad,21,0,
TXN104302,2026-09-06 21:34:00,USER102092,USER102874,97.94,Utility Bills,iOS,Hyderabad,21,0,
TXN104303,2026-09-06 21:35:12,USER101506,USER102880,192.25,Mobile Recharge,Android,Bengaluru,21,0,
TXN104304,2026-09-06 21:36:43,USER101051,USER102031,28.27,P2P Transfer,Android,Bengaluru,21,0,
TXN104305,2026-09-06 21:39:19,USER102647,MERCH200333,214.98,Mobile Recharge,iOS,Pune,21,0,
TXN104306,2026-09-06 21:41:41,USER102165,USER101572,97.7,Utility Bills,Android,Delhi,21,0,
TXN104307,2026-09-06 21:45:39,USER100221,MERCH200898,454.73,Grocery,iOS,Hyderabad,21,0,
TXN104308,2026-09-06 21:46:15,USER101742,USER101790,527.85,Shopping,Android,Hyderabad,21,0,
TXN104309,2026-09-06 21:47:05,USER102633,USER101672,687.77,Grocery,Android,Ahmedabad,21,0,
TXN104310,2026-09-06 21:47:10,USER100116,MERCH200595,196.46,Mobile Recharge,iOS,Bengaluru,21,0,
TXN104311,2026-09-06 21:47:41,USER101733,USER100092,528.67,Utility Bills,Android,Bengaluru,21,0,
TXN104312,2026-09-06 21:47:52,USER102663,USER101814,3343.78,Food & Dining,Android,Indore,21,0,
TXN104313,2026-09-06 21:51:14,USER102692,USER100702,913.65,Mobile Recharge,Android,Kolkata,21,0,
TXN104314,2026-09-06 21:51:49,USER102838,USER102640,2615.99,Grocery,Android,Mumbai,21,0,
TXN104315,2026-09-06 21:52:08,USER101089,USER101680,155.08,Mobile Recharge,Android,Delhi,21,0,
TXN104316,2026-09-06 21:52:45,USER102937,USER100448,631.61,Healthcare,iOS,Delhi,21,0,
TXN104317,2026-09-06 21:54:24,USER100000,USER102630,148.23,Fuel,Android,Kolkata,21,0,
TXN104318,2026-09-06 21:55:03,USER102926,MERCH200835,1652.48,Mobile Recharge,Android,Lucknow,21,0,
TXN104319,2026-09-06 21:55:55,USER102549,USER102787,197.35,Shopping,Android,Kolkata,21,0,
TXN104320,2026-09-06 22:01:50,USER100511,MERCH200480,366.13,P2P Transfer,iOS,Pune,22,0,
TXN104321,2026-09-06 22:02:12,USER102159,MERCH200267,589.96,Utility Bills,iOS,Ahmedabad,22,0,
TXN104322,2026-09-06 22:03:39,USER100287,USER102660,396.06,P2P Transfer,Android,Kolkata,22,0,
TXN104323,2026-09-06 22:06:59,USER100549,USER102719,1139.82,Mobile Recharge,Android,Bengaluru,22,0,
TXN104324,2026-09-06 22:07:16,USER100262,USER101478,48.01,Grocery,Android,Patna,22,0,
TXN104325,2026-09-06 22:09:09,USER102170,USER101177,67.82,Shopping,Android,Hyderabad,22,0,
TXN104326,2026-09-06 22:11:28,USER102227,USER101853,1407.85,Entertainment,Android,Kolkata,22,0,
TXN104327,2026-09-06 22:15:20,USER100495,USER100251,1261.02,Healthcare,Android,Lucknow,22,0,
TXN104328,2026-09-06 22:15:42,USER101298,USER102005,163.05,Mobile Recharge,Android,Delhi,22,0,
TXN104329,2026-09-06 22:18:56,USER102698,USER101718,549.47,Entertainment,Android,Chennai,22,0,
TXN104330,2026-09-06 22:19:26,USER100802,USER101009,2723.97,Fuel,Android,Delhi,22,0,
TXN104331,2026-09-06 22:21:49,USER102358,USER102128,591.73,Food & Dining,Android,Bengaluru,22,0,
TXN104332,2026-09-06 22:28:10,USER101366,USER100788,61.34,Healthcare,iOS,Delhi,22,0,
TXN104333,2026-09-06 22:32:03,USER102461,USER100315,136.6,Travel,Android,Delhi,22,0,
TXN104334,2026-09-06 22:37:34,USER101801,MERCH200333,391.61,Grocery,Android,Ahmedabad,22,0,
TXN104335,2026-09-06 22:38:11,USER101141,USER101736,1148.03,Fuel,Android,Hyderabad,22,0,
TXN104336,2026-09-06 22:41:32,USER102965,USER102460,25.11,P2P Transfer,Android,Delhi,22,0,
TXN104337,2026-09-06 22:42:05,USER100525,MERCH200183,155.11,Entertainment,Android,Ahmedabad,22,0,
TXN104338,2026-09-06 22:43:42,USER101957,USER100217,1276.83,Mobile Recharge,Android,Bengaluru,22,0,
TXN104339,2026-09-06 22:44:36,USER100431,MERCH201486,182.01,Healthcare,Android,Indore,22,0,
TXN104340,2026-09-06 22:47:08,USER101936,USER101002,320.52,Fuel,iOS,Chennai,22,0,
TXN104341,2026-09-06 22:48:27,USER102483,USER102858,226.82,Travel,Android,Mumbai,22,0,
TXN104342,2026-09-06 23:02:05,USER101735,MERCH201099,661.24,Grocery,Android,Hyderabad,23,0,
TXN104343,2026-09-06 23:08:02,USER102029,USER102870,188.34,Entertainment,Android,Pune,23,0,
TXN104344,2026-09-06 23:09:06,USER101562,USER100497,336.62,Travel,iOS,Chennai,23,0,
TXN104345,2026-09-06 23:26:01,USER100430,USER100341,1330.96,Travel,iOS,Hyderabad,23,0,
TXN104346,2026-09-06 23:28:07,USER101744,MERCH200822,1638.46,Utility Bills,Android,Mumbai,23,0,
TXN104347,2026-09-06 23:30:45,USER100027,MERCH200398,1256.73,Grocery,Android,Mumbai,23,0,
TXN104348,2026-09-06 23:31:01,USER102401,USER101579,1004.52,Entertainment,Android,Pune,23,0,
TXN104349,2026-09-06 23:37:43,USER102074,MERCH201230,251.41,Utility Bills,iOS,Hyderabad,23,0,
TXN104350,2026-09-06 23:46:26,USER102164,USER100429,36.32,Fuel,Android,Bengaluru,23,0,
TXN104351,2026-09-07 00:07:20,USER102441,USER102681,210.2,Food & Dining,iOS,Bengaluru,0,0,
TXN104352,2026-09-07 00:15:09,USER102756,USER101953,1582.61,Healthcare,Android,Kolkata,0,0,
TXN104353,2026-09-07 00:21:00,USER100978,USER101014,43410.56,Travel,Android,Lucknow,0,1,odd_hour_high_amount
TXN104354,2026-09-07 00:23:00,USER102016,USER100192,45555.86,Fuel,Android,Lucknow,0,1,odd_hour_high_amount
TXN104355,2026-09-07 01:35:49,USER101692,USER102739,589.2,Healthcare,Android,Mumbai,1,0,
TXN104356,2026-09-07 01:46:30,USER100885,USER101689,407.54,Grocery,iOS,Delhi,1,0,
TXN104357,2026-09-07 03:22:00,USER102217,USER100147,4122.54,P2P Transfer,Android,Bengaluru,3,1,velocity_burst
TXN104358,2026-09-07 04:12:00,USER102696,USER102816,53701.24,Shopping,Android,Delhi,4,1,odd_hour_high_amount
TXN104359,2026-09-07 04:23:00,USER100373,USER102221,4772.16,P2P Transfer,Android,Mumbai,4,1,velocity_burst
TXN104360,2026-09-07 04:25:35,USER102140,MERCH200400,87.44,Food & Dining,Android,Bengaluru,4,0,
TXN104361,2026-09-07 04:37:00,USER101364,USER100311,47759.9,Grocery,Android,Patna,4,1,odd_hour_high_amount
TXN104362,2026-09-07 04:39:33,USER101757,USER100607,283.96,Grocery,iOS,Jaipur,4,0,
TXN104363,2026-09-07 04:45:12,USER101727,MERCH201238,425.01,Healthcare,Android,Kolkata,4,0,
TXN104364,2026-09-07 04:55:00,USER102795,MERCH200162,15969.06,Fuel,iOS,Ahmedabad,4,1,odd_hour_high_amount
TXN104365,2026-09-07 05:10:41,USER100045,USER102948,245.63,Food & Dining,Android,Mumbai,5,0,
TXN104366,2026-09-07 05:22:00,USER102682,USER100840,3328.89,P2P Transfer,Android,Hyderabad,5,1,velocity_burst
TXN104367,2026-09-07 06:33:03,USER102462,MERCH200659,90.53,Utility Bills,Android,Delhi,6,0,
TXN104368,2026-09-07 06:38:26,USER102380,USER100290,853.52,Mobile Recharge,Android,Kolkata,6,0,
TXN104369,2026-09-07 06:38:27,USER101759,MERCH201170,358.85,Food & Dining,iOS,Ahmedabad,6,0,
TXN104370,2026-09-07 06:45:43,USER101549,USER101251,174.11,Grocery,Android,Chennai,6,0,
TXN104371,2026-09-07 06:46:31,USER101174,MERCH200570,193.22,Food & Dining,Android,Delhi,6,0,
TXN104372,2026-09-07 06:57:03,USER102939,USER101068,701.56,Healthcare,Android,Lucknow,6,0,
TXN104373,2026-09-07 06:59:43,USER102882,MERCH201027,390.79,Grocery,Android,Jaipur,6,0,
TXN104374,2026-09-07 07:06:11,USER100383,MERCH200822,21.32,P2P Transfer,Android,Mumbai,7,0,
TXN104375,2026-09-07 07:08:03,USER100722,USER102197,1911.36,Fuel,Android,Delhi,7,0,
TXN104376,2026-09-07 07:13:22,USER100808,USER101952,335.14,Healthcare,Android,Bengaluru,7,0,
TXN104377,2026-09-07 07:23:51,USER102477,MERCH200714,61.95,Travel,Android,Chennai,7,0,
TXN104378,2026-09-07 07:26:43,USER100056,USER102584,444.28,Utility Bills,Android,Kolkata,7,0,
TXN104379,2026-09-07 07:36:06,USER100408,MERCH201165,633.7,Food & Dining,Android,Mumbai,7,0,
TXN104380,2026-09-07 07:39:51,USER102422,USER100111,200.54,Mobile Recharge,iOS,Lucknow,7,0,
TXN104381,2026-09-07 07:41:51,USER101431,USER102640,488.69,P2P Transfer,Android,Ahmedabad,7,0,
TXN104382,2026-09-07 07:48:15,USER102165,USER101722,1312.89,P2P Transfer,iOS,Hyderabad,7,0,
TXN104383,2026-09-07 07:59:53,USER102093,MERCH200694,148.45,P2P Transfer,iOS,Mumbai,7,0,
TXN104384,2026-09-07 08:06:45,USER100745,USER101391,582.72,Shopping,Android,Bengaluru,8,0,
TXN104385,2026-09-07 08:06:55,USER100271,MERCH200402,84.11,Fuel,Android,Lucknow,8,0,
TXN104386,2026-09-07 08:07:17,USER102716,USER100984,58.93,Healthcare,Android,Delhi,8,0,
TXN104387,2026-09-07 08:07:28,USER101569,USER100683,342.68,Food & Dining,Android,Bengaluru,8,0,
TXN104388,2026-09-07 08:10:35,USER102474,USER101115,53.3,Food & Dining,Android,Pune,8,0,
TXN104389,2026-09-07 08:11:39,USER101427,MERCH200366,727.34,Grocery,Android,Delhi,8,0,
TXN104390,2026-09-07 08:11:50,USER101831,USER100138,98.95,Healthcare,Android,Pune,8,0,
TXN104391,2026-09-07 08:13:00,USER101366,MERCH200042,7060.38,P2P Transfer,iOS,Bengaluru,8,1,velocity_burst
TXN104392,2026-09-07 08:14:01,USER100515,USER101263,153.05,Fuel,Android,Patna,8,0,
TXN104393,2026-09-07 08:14:34,USER100771,USER100020,1001.31,Shopping,iOS,Mumbai,8,0,
TXN104394,2026-09-07 08:14:38,USER101278,USER101378,482.08,Utility Bills,Android,Mumbai,8,0,
TXN104395,2026-09-07 08:14:53,USER100022,USER100508,385.11,Grocery,Android,Pune,8,0,
TXN104396,2026-09-07 08:15:37,USER101155,USER101923,1475.16,Utility Bills,Android,Hyderabad,8,0,
TXN104397,2026-09-07 08:16:16,USER101036,USER101861,88.99,Entertainment,Android,Bengaluru,8,0,
TXN104398,2026-09-07 08:16:58,USER102896,USER102705,43.3,Travel,Android,Chennai,8,0,
TXN104399,2026-09-07 08:17:03,USER102290,MERCH200709,373.75,P2P Transfer,Android,Delhi,8,0,
TXN104400,2026-09-07 08:17:48,USER101803,USER102823,2134.73,Shopping,Android,Mumbai,8,0,
TXN104401,2026-09-07 08:18:24,USER101985,MERCH200964,195.69,Shopping,iOS,Delhi,8,0,
TXN104402,2026-09-07 08:24:15,USER101183,MERCH201495,309.59,Mobile Recharge,Android,Mumbai,8,0,
TXN104403,2026-09-07 08:25:37,USER100441,USER102599,362.56,Entertainment,iOS,Hyderabad,8,0,
TXN104404,2026-09-07 08:26:51,USER100727,USER101465,232.09,Shopping,Android,Bengaluru,8,0,
TXN104405,2026-09-07 08:30:26,USER100272,USER100901,1615.27,Travel,Android,Mumbai,8,0,
TXN104406,2026-09-07 08:32:15,USER100907,MERCH201181,508.58,Travel,Android,Mumbai,8,0,
TXN104407,2026-09-07 08:32:41,USER100179,MERCH200715,358.75,Food & Dining,Android,Pune,8,0,
TXN104408,2026-09-07 08:36:13,USER102397,USER101044,755.47,Food & Dining,Android,Delhi,8,0,
TXN104409,2026-09-07 08:38:33,USER100085,MERCH200592,213.51,Healthcare,iOS,Delhi,8,0,
TXN104410,2026-09-07 08:41:15,USER100380,MERCH200728,375.84,Mobile Recharge,Android,Chennai,8,0,
TXN104411,2026-09-07 08:41:30,USER101438,USER100060,106.78,Food & Dining,iOS,Bengaluru,8,0,
TXN104412,2026-09-07 08:44:25,USER101031,USER100757,61.68,Entertainment,Android,Bengaluru,8,0,
TXN104413,2026-09-07 08:44:35,USER100645,USER101534,337.67,P2P Transfer,iOS,Ahmedabad,8,0,
TXN104414,2026-09-07 08:47:49,USER100877,MERCH200260,302.35,Utility Bills,iOS,Bengaluru,8,0,
TXN104415,2026-09-07 08:48:33,USER100193,MERCH200066,6073.51,Travel,Android,Mumbai,8,0,
TXN104416,2026-09-07 08:49:32,USER101371,MERCH201235,218.21,Entertainment,iOS,Mumbai,8,0,
TXN104417,2026-09-07 08:52:40,USER100573,USER101710,203.4,Grocery,iOS,Delhi,8,0,
TXN104418,2026-09-07 08:52:46,USER102611,USER102804,100000.0,Utility Bills,Android,Delhi,8,1,round_number
TXN104419,2026-09-07 08:57:29,USER100081,MERCH201170,454.73,Grocery,Android,Mumbai,8,0,
TXN104420,2026-09-07 08:58:32,USER101966,USER102444,1364.38,Healthcare,Android,Delhi,8,0,
TXN104421,2026-09-07 09:01:27,USER100052,USER100231,128.94,Shopping,iOS,Hyderabad,9,0,
TXN104422,2026-09-07 09:01:59,USER101400,MERCH200782,161.34,Shopping,iOS,Mumbai,9,0,
TXN104423,2026-09-07 09:02:42,USER101665,USER101879,510.37,Fuel,iOS,Chennai,9,0,
TXN104424,2026-09-07 09:02:46,USER101584,USER101218,113.21,Mobile Recharge,Android,Mumbai,9,0,
TXN104425,2026-09-07 09:05:39,USER101008,USER101656,316.77,Travel,Android,Jaipur,9,0,
TXN104426,2026-09-07 09:12:28,USER100324,USER102316,99.68,P2P Transfer,iOS,Jaipur,9,0,
TXN104427,2026-09-07 09:12:32,USER100870,USER102551,328.77,Entertainment,Android,Kolkata,9,0,
TXN104428,2026-09-07 09:15:31,USER101294,USER102410,392.69,Healthcare,Android,Chennai,9,0,
TXN104429,2026-09-07 09:16:31,USER100186,MERCH200569,776.47,Entertainment,Android,Mumbai,9,0,
TXN104430,2026-09-07 09:16:38,USER101454,MERCH200439,35.7,Utility Bills,Android,Chennai,9,0,
TXN104431,2026-09-07 09:18:15,USER101626,USER102235,418.8,Utility Bills,Android,Ahmedabad,9,0,
TXN104432,2026-09-07 09:21:40,USER101775,USER101584,426.19,P2P Transfer,Android,Kolkata,9,0,
TXN104433,2026-09-07 09:21:47,USER102393,MERCH201257,92.47,Utility Bills,Android,Chennai,9,0,
TXN104434,2026-09-07 09:21:51,USER102407,MERCH200612,232.9,Mobile Recharge,Android,Delhi,9,0,
TXN104435,2026-09-07 09:23:12,USER101931,MERCH200437,351.19,Utility Bills,Android,Mumbai,9,0,
TXN104436,2026-09-07 09:26:01,USER100843,MERCH200257,214.6,Fuel,Android,Chennai,9,0,
TXN104437,2026-09-07 09:28:18,USER102489,MERCH201000,2615.33,Fuel,iOS,Bengaluru,9,0,
TXN104438,2026-09-07 09:29:05,USER101660,USER100952,207.76,Shopping,iOS,Indore,9,0,
TXN104439,2026-09-07 09:29:30,USER100407,USER100037,217.25,Travel,iOS,Delhi,9,0,
TXN104440,2026-09-07 09:31:43,USER100350,USER102985,274.11,Fuel,iOS,Delhi,9,0,
TXN104441,2026-09-07 09:32:59,USER100732,USER100441,43.47,Shopping,Android,Pune,9,0,
TXN104442,2026-09-07 09:33:00,USER100989,MERCH201441,549.85,Food & Dining,iOS,Kolkata,9,0,
TXN104443,2026-09-07 09:33:02,USER102656,USER101106,176.75,Entertainment,Android,Delhi,9,0,
TXN104444,2026-09-07 09:35:12,USER102442,MERCH201187,520.69,Shopping,Android,Ahmedabad,9,0,
TXN104445,2026-09-07 09:35:34,USER102431,USER101071,958.53,Food & Dining,Android,Mumbai,9,0,
TXN104446,2026-09-07 09:36:51,USER101176,USER102142,145.8,Healthcare,Android,Patna,9,0,
TXN104447,2026-09-07 09:37:13,USER100642,USER100123,364.84,Shopping,Android,Pune,9,0,
TXN104448,2026-09-07 09:39:03,USER101267,USER101935,231.15,Grocery,Android,Mumbai,9,0,
TXN104449,2026-09-07 09:39:52,USER100999,USER101255,51.8,Food & Dining,Android,Indore,9,0,
TXN104450,2026-09-07 09:40:02,USER101930,USER102663,158.28,Healthcare,iOS,Hyderabad,9,0,
TXN104451,2026-09-07 09:42:12,USER100075,MERCH201007,5186.63,Entertainment,Android,Ahmedabad,9,0,
TXN104452,2026-09-07 09:43:24,USER101247,USER100791,175.37,Mobile Recharge,Android,Bengaluru,9,0,
TXN104453,2026-09-07 09:44:53,USER101710,MERCH201234,1302.59,Entertainment,iOS,Mumbai,9,0,
TXN104454,2026-09-07 09:51:27,USER102861,USER102918,561.45,Utility Bills,Android,Delhi,9,0,
TXN104455,2026-09-07 09:51:48,USER102571,USER102070,885.31,Fuel,iOS,Hyderabad,9,0,
TXN104456,2026-09-07 09:53:10,USER100189,USER101427,148.54,Utility Bills,iOS,Ahmedabad,9,0,
TXN104457,2026-09-07 09:54:15,USER102717,USER100324,102.82,Entertainment,iOS,Mumbai,9,0,
TXN104458,2026-09-07 09:54:32,USER100957,MERCH200540,564.67,Entertainment,Android,Jaipur,9,0,
TXN104459,2026-09-07 09:55:35,USER101676,USER101319,362.13,P2P Transfer,iOS,Ahmedabad,9,0,
TXN104460,2026-09-07 09:55:43,USER100439,USER100302,498.75,Travel,Android,Hyderabad,9,0,
TXN104461,2026-09-07 09:57:26,USER102022,USER100945,172.02,Shopping,Android,Ahmedabad,9,0,
TXN104462,2026-09-07 09:57:45,USER101307,USER100495,1882.12,P2P Transfer,iOS,Pune,9,0,
TXN104463,2026-09-07 09:59:37,USER101419,USER100693,96.91,Mobile Recharge,Android,Hyderabad,9,0,
TXN104464,2026-09-07 10:00:56,USER102349,USER101676,893.25,Shopping,iOS,Hyderabad,10,0,
TXN104465,2026-09-07 10:04:11,USER100181,MERCH200033,847.79,Grocery,Android,Mumbai,10,0,
TXN104466,2026-09-07 10:04:39,USER102958,USER102199,45.03,Travel,Android,Kolkata,10,0,
TXN104467,2026-09-07 10:06:52,USER102891,USER101884,1100.18,Mobile Recharge,Android,Delhi,10,0,
TXN104468,2026-09-07 10:07:19,USER100232,USER102583,415.31,Mobile Recharge,Android,Mumbai,10,0,
TXN104469,2026-09-07 10:08:15,USER100496,USER100384,191.35,Healthcare,Android,Ahmedabad,10,0,
TXN104470,2026-09-07 10:08:31,USER101140,USER100239,652.24,P2P Transfer,Android,Pune,10,0,
TXN104471,2026-09-07 10:08:33,USER102851,MERCH201365,373.75,Healthcare,Android,Kolkata,10,0,
TXN104472,2026-09-07 10:09:34,USER101611,MERCH201003,240.25,Food & Dining,Android,Delhi,10,0,
TXN104473,2026-09-07 10:10:54,USER101231,MERCH200521,1109.77,Entertainment,iOS,Bengaluru,10,0,
TXN104474,2026-09-07 10:11:36,USER100555,USER102823,202.01,Healthcare,Android,Bengaluru,10,0,
TXN104475,2026-09-07 10:11:40,USER101030,USER102233,1066.21,Fuel,Android,Hyderabad,10,0,
TXN104476,2026-09-07 10:12:28,USER102131,MERCH200526,879.45,Entertainment,iOS,Mumbai,10,0,
TXN104477,2026-09-07 10:13:57,USER101546,MERCH201311,1399.12,Healthcare,Android,Patna,10,0,
TXN104478,2026-09-07 10:14:38,USER100478,USER102198,140.59,Healthcare,Android,Pune,10,0,
TXN104479,2026-09-07 10:17:17,USER101090,USER101191,622.11,Healthcare,Android,Chennai,10,0,
TXN104480,2026-09-07 10:17:26,USER100197,USER100790,405.3,Travel,iOS,Chennai,10,0,
TXN104481,2026-09-07 10:17:44,USER102896,USER101901,209.88,Travel,iOS,Jaipur,10,0,
TXN104482,2026-09-07 10:19:44,USER102826,MERCH201148,1502.42,Food & Dining,Android,Bengaluru,10,0,
TXN104483,2026-09-07 10:19:54,USER101530,USER102728,269.94,P2P Transfer,Android,Patna,10,0,
TXN104484,2026-09-07 10:20:31,USER101028,USER100743,150.74,Fuel,Android,Bengaluru,10,0,
TXN104485,2026-09-07 10:21:18,USER102459,USER100362,248.01,Utility Bills,Android,Mumbai,10,0,
TXN104486,2026-09-07 10:22:52,USER100396,MERCH200913,354.99,Food & Dining,Android,Pune,10,0,
TXN104487,2026-09-07 10:23:08,USER100536,MERCH200756,157.1,Shopping,Android,Ahmedabad,10,0,
TXN104488,2026-09-07 10:24:21,USER100973,USER101859,109.57,Grocery,iOS,Chennai,10,0,
TXN104489,2026-09-07 10:26:50,USER100057,USER101101,653.48,Food & Dining,Android,Bengaluru,10,0,
TXN104490,2026-09-07 10:28:52,USER102491,USER100364,140.68,Shopping,Android,Bengaluru,10,0,
TXN104491,2026-09-07 10:32:43,USER100289,USER100815,4948.41,Utility Bills,Android,Kolkata,10,0,
TXN104492,2026-09-07 10:35:37,USER102258,MERCH200466,59.91,Shopping,Android,Delhi,10,0,
TXN104493,2026-09-07 10:36:21,USER101221,USER101085,100.98,Shopping,iOS,Mumbai,10,0,
TXN104494,2026-09-07 10:38:28,USER102141,USER101079,723.73,Shopping,Android,Mumbai,10,0,
TXN104495,2026-09-07 10:39:12,USER101901,USER102902,1024.64,Utility Bills,Android,Chennai,10,0,
TXN104496,2026-09-07 10:40:19,USER101289,USER101541,128.83,Mobile Recharge,Android,Chennai,10,0,
TXN104497,2026-09-07 10:40:28,USER102691,MERCH200454,194.98,Grocery,Android,Delhi,10,0,
TXN104498,2026-09-07 10:43:25,USER101172,USER102636,150.89,Food & Dining,Android,Ahmedabad,10,0,
TXN104499,2026-09-07 10:44:55,USER100132,USER100559,198.01,Food & Dining,iOS,Delhi,10,0,
TXN104500,2026-09-07 10:47:44,USER101344,USER102134,89.34,P2P Transfer,Android,Chennai,10,0,
TXN104501,2026-09-07 10:48:45,USER101496,USER100666,220.64,Travel,Android,Jaipur,10,0,
TXN104502,2026-09-07 10:49:45,USER102654,USER100099,262.52,Entertainment,Android,Delhi,10,0,
TXN104503,2026-09-07 10:50:15,USER102791,USER101625,336.84,Food & Dining,Android,Bengaluru,10,0,
TXN104504,2026-09-07 10:51:09,USER101140,MERCH200041,360.3,Utility Bills,Android,Bengaluru,10,0,
TXN104505,2026-09-07 10:52:37,USER101239,USER102352,581.03,P2P Transfer,Android,Lucknow,10,0,
TXN104506,2026-09-07 10:53:50,USER102780,USER100215,133.76,Travel,Android,Delhi,10,0,
TXN104507,2026-09-07 10:53:50,USER102846,MERCH200075,718.63,Mobile Recharge,Android,Mumbai,10,0,
TXN104508,2026-09-07 10:54:35,USER102924,MERCH200905,1096.07,Shopping,iOS,Kolkata,10,0,
TXN104509,2026-09-07 10:56:35,USER100685,USER102920,1525.81,Shopping,Android,Bengaluru,10,0,
TXN104510,2026-09-07 10:58:58,USER100067,MERCH201055,26.12,Travel,Android,Lucknow,10,0,
TXN104511,2026-09-07 10:59:13,USER100275,MERCH200599,577.59,Travel,iOS,Pune,10,0,
TXN104512,2026-09-07 11:00:37,USER101157,USER100268,351.63,Food & Dining,Android,Chennai,11,0,
TXN104513,2026-09-07 11:01:01,USER102818,MERCH201246,356.47,Healthcare,Android,Mumbai,11,0,
TXN104514,2026-09-07 11:01:53,USER102095,MERCH200028,103.82,Utility Bills,iOS,Kolkata,11,0,
TXN104515,2026-09-07 11:02:27,USER101991,USER102326,245.95,Entertainment,Android,Patna,11,0,
TXN104516,2026-09-07 11:02:37,USER101194,MERCH201373,210.36,Entertainment,Android,Jaipur,11,0,
TXN104517,2026-09-07 11:04:38,USER100788,USER101648,305.57,Healthcare,Android,Hyderabad,11,0,
TXN104518,2026-09-07 11:06:00,USER102760,MERCH200877,1038.8,Travel,Android,Chennai,11,0,
TXN104519,2026-09-07 11:07:37,USER101146,USER100354,547.93,Shopping,Android,Mumbai,11,0,
TXN104520,2026-09-07 11:10:26,USER101380,USER100054,170.39,Food & Dining,Android,Chennai,11,0,
TXN104521,2026-09-07 11:10:31,USER100730,USER102486,1377.14,Grocery,Android,Bengaluru,11,0,
TXN104522,2026-09-07 11:11:09,USER101511,MERCH200205,312.63,Travel,Android,Mumbai,11,0,
TXN104523,2026-09-07 11:12:40,USER102995,MERCH200202,415.39,Entertainment,Android,Indore,11,0,
TXN104524,2026-09-07 11:12:45,USER102362,USER101113,256.23,Travel,Android,Mumbai,11,0,
TXN104525,2026-09-07 11:14:20,USER101741,USER101288,341.59,Shopping,Android,Mumbai,11,0,
TXN104526,2026-09-07 11:15:12,USER100949,USER102219,732.53,Fuel,Android,Hyderabad,11,0,
TXN104527,2026-09-07 11:15:14,USER102686,MERCH201010,383.26,Grocery,Android,Chennai,11,0,
TXN104528,2026-09-07 11:16:00,USER102230,MERCH200268,1938.22,P2P Transfer,Android,Pune,11,1,velocity_burst
TXN104529,2026-09-07 11:16:18,USER101049,USER101488,179.83,Grocery,Android,Hyderabad,11,0,
TXN104530,2026-09-07 11:17:04,USER100714,USER102345,381.93,Utility Bills,Android,Delhi,11,0,
TXN104531,2026-09-07 11:18:47,USER102672,USER101582,52.53,Travel,Android,Mumbai,11,0,
TXN104532,2026-09-07 11:19:59,USER101882,USER101032,1055.98,Mobile Recharge,Android,Delhi,11,0,
TXN104533,2026-09-07 11:23:59,USER100359,USER101397,85.5,Fuel,Android,Chennai,11,0,
TXN104534,2026-09-07 11:24:03,USER100189,USER100057,318.27,Food & Dining,Android,Mumbai,11,0,
TXN104535,2026-09-07 11:24:44,USER102528,USER100714,1357.13,P2P Transfer,iOS,Kolkata,11,0,
TXN104536,2026-09-07 11:25:03,USER102665,USER101271,129.48,Mobile Recharge,Android,Ahmedabad,11,0,
TXN104537,2026-09-07 11:25:06,USER102371,USER101714,224.66,Entertainment,Android,Lucknow,11,0,
TXN104538,2026-09-07 11:27:05,USER102880,USER101876,551.18,Mobile Recharge,Android,Bengaluru,11,0,
TXN104539,2026-09-07 11:27:28,USER101733,USER102428,875.32,P2P Transfer,Android,Indore,11,0,
TXN104540,2026-09-07 11:27:45,USER100266,USER101769,451.82,Grocery,Android,Mumbai,11,0,
TXN104541,2026-09-07 11:29:31,USER101245,MERCH200926,272.9,Entertainment,Android,Bengaluru,11,0,
TXN104542,2026-09-07 11:29:54,USER102414,USER102926,858.82,Travel,Android,Patna,11,0,
TXN104543,2026-09-07 11:30:18,USER102091,MERCH200465,509.55,Grocery,Android,Mumbai,11,0,
TXN104544,2026-09-07 11:30:26,USER102493,MERCH201453,746.46,Grocery,Android,Delhi,11,0,
TXN104545,2026-09-07 11:31:53,USER102478,USER102443,220.53,Mobile Recharge,Android,Hyderabad,11,0,
TXN104546,2026-09-07 11:33:25,USER102299,MERCH201437,1068.93,Food & Dining,Android,Delhi,11,0,
TXN104547,2026-09-07 11:33:41,USER100677,USER102905,176.86,Mobile Recharge,iOS,Mumbai,11,0,
TXN104548,2026-09-07 11:34:08,USER101865,MERCH200035,936.99,Grocery,Android,Patna,11,0,
TXN104549,2026-09-07 11:34:29,USER100511,USER102822,309.14,Utility Bills,Android,Lucknow,11,0,
TXN104550,2026-09-07 11:34:46,USER102390,MERCH200197,15.76,Mobile Recharge,Android,Mumbai,11,0,
TXN104551,2026-09-07 11:35:52,USER102764,USER102615,46.55,Food & Dining,iOS,Delhi,11,0,
TXN104552,2026-09-07 11:37:07,USER100384,USER101281,1689.92,Travel,Android,Hyderabad,11,0,
TXN104553,2026-09-07 11:37:42,USER102011,USER101786,251.26,Travel,Android,Bengaluru,11,0,
TXN104554,2026-09-07 11:38:06,USER100864,USER101558,131.81,Utility Bills,Android,Bengaluru,11,0,
TXN104555,2026-09-07 11:38:19,USER102126,USER100186,46.41,Healthcare,Android,Mumbai,11,0,
TXN104556,2026-09-07 11:38:24,USER101746,MERCH200607,1276.51,Utility Bills,Android,Mumbai,11,0,
TXN104557,2026-09-07 11:38:30,USER102870,USER102216,155.57,Healthcare,Android,Chennai,11,0,
TXN104558,2026-09-07 11:39:42,USER100201,USER102429,459.61,Utility Bills,Android,Delhi,11,0,
TXN104559,2026-09-07 11:40:17,USER102610,USER100906,74.21,P2P Transfer,Android,Pune,11,0,
TXN104560,2026-09-07 11:40:50,USER101789,USER102900,152.24,Shopping,Android,Mumbai,11,0,
TXN104561,2026-09-07 11:40:58,USER100823,USER101120,28.97,Entertainment,Android,Mumbai,11,0,
TXN104562,2026-09-07 11:41:01,USER101396,USER102562,316.28,Healthcare,Android,Kolkata,11,0,
TXN104563,2026-09-07 11:44:09,USER102662,MERCH201033,219.54,Food & Dining,Android,Bengaluru,11,0,
TXN104564,2026-09-07 11:46:05,USER100325,USER102861,193.05,Travel,Android,Chennai,11,0,
TXN104565,2026-09-07 11:47:15,USER100319,MERCH200102,3578.14,Healthcare,Android,Jaipur,11,0,
TXN104566,2026-09-07 11:47:18,USER102190,USER102844,789.13,Grocery,Android,Hyderabad,11,0,
TXN104567,2026-09-07 11:47:23,USER100466,USER101276,83.4,Travel,Android,Hyderabad,11,0,
TXN104568,2026-09-07 11:47:46,USER100229,MERCH201407,402.4,Fuel,Android,Delhi,11,0,
TXN104569,2026-09-07 11:48:20,USER102455,MERCH200391,630.96,Food & Dining,Android,Delhi,11,0,
TXN104570,2026-09-07 11:50:16,USER101530,MERCH200483,160.33,Mobile Recharge,iOS,Chennai,11,0,
TXN104571,2026-09-07 11:50:35,USER101886,USER100660,382.97,Grocery,iOS,Mumbai,11,0,
TXN104572,2026-09-07 11:52:05,USER101474,USER100743,88.52,Shopping,iOS,Bengaluru,11,0,
TXN104573,2026-09-07 11:53:38,USER101155,USER101195,355.92,Utility Bills,iOS,Kolkata,11,0,
TXN104574,2026-09-07 11:55:00,USER102906,MERCH201161,470.0,Utility Bills,Android,Pune,11,0,
TXN104575,2026-09-07 11:55:41,USER101530,MERCH200281,68.51,Entertainment,Android,Mumbai,11,0,
TXN104576,2026-09-07 11:56:23,USER101779,MERCH200172,1365.81,Healthcare,Android,Mumbai,11,0,
TXN104577,2026-09-07 11:58:33,USER101307,USER100176,996.95,Travel,Android,Delhi,11,0,
TXN104578,2026-09-07 11:59:08,USER102078,MERCH201224,546.91,Shopping,Android,Hyderabad,11,0,
TXN104579,2026-09-07 11:59:21,USER100020,MERCH201384,1555.55,Entertainment,Android,Bengaluru,11,0,
TXN104580,2026-09-07 12:02:46,USER102631,MERCH200146,87.32,P2P Transfer,Android,Mumbai,12,0,
TXN104581,2026-09-07 12:02:55,USER101998,USER102818,796.96,P2P Transfer,iOS,Jaipur,12,0,
TXN104582,2026-09-07 12:03:01,USER100489,MERCH200827,211.75,Grocery,Android,Bengaluru,12,0,
TXN104583,2026-09-07 12:03:47,USER100059,USER101301,1651.71,Travel,Android,Mumbai,12,0,
TXN104584,2026-09-07 12:04:06,USER100168,MERCH201097,346.66,Shopping,Android,Kolkata,12,0,
TXN104585,2026-09-07 12:04:53,USER102419,MERCH200930,483.13,Travel,iOS,Hyderabad,12,0,
TXN104586,2026-09-07 12:04:54,USER102316,USER101770,244.82,Healthcare,Android,Chennai,12,0,
TXN104587,2026-09-07 12:04:58,USER100553,MERCH200226,129.93,Utility Bills,Android,Jaipur,12,0,
TXN104588,2026-09-07 12:05:01,USER101319,USER100576,774.47,Healthcare,iOS,Mumbai,12,0,
TXN104589,2026-09-07 12:05:59,USER100211,USER101376,105.66,Healthcare,Android,Bengaluru,12,0,
TXN104590,2026-09-07 12:07:19,USER100879,USER101702,2422.31,Entertainment,Android,Mumbai,12,0,
TXN104591,2026-09-07 12:10:51,USER102481,MERCH200488,210.3,P2P Transfer,Android,Hyderabad,12,0,
TXN104592,2026-09-07 12:12:39,USER101816,USER102373,392.05,Grocery,Android,Bengaluru,12,0,
TXN104593,2026-09-07 12:13:14,USER102391,USER101531,217.44,Utility Bills,Android,Kolkata,12,0,
TXN104594,2026-09-07 12:15:27,USER100589,USER101938,699.85,Food & Dining,Android,Hyderabad,12,0,
TXN104595,2026-09-07 12:16:01,USER101391,USER100296,73.11,Healthcare,Android,Jaipur,12,0,
TXN104596,2026-09-07 12:16:35,USER101966,MERCH200113,2001.33,P2P Transfer,Android,Delhi,12,0,
TXN104597,2026-09-07 12:16:58,USER100545,MERCH201011,341.06,P2P Transfer,Android,Patna,12,0,
TXN104598,2026-09-07 12:17:06,USER102840,USER102726,407.12,Mobile Recharge,Android,Bengaluru,12,0,
TXN104599,2026-09-07 12:18:50,USER100489,USER101701,252.71,Grocery,Android,Hyderabad,12,0,
TXN104600,2026-09-07 12:20:32,USER100610,MERCH201371,620.05,Mobile Recharge,Android,Bengaluru,12,0,
TXN104601,2026-09-07 12:22:04,USER102109,USER101772,317.96,Fuel,Android,Mumbai,12,0,
TXN104602,2026-09-07 12:24:24,USER100502,MERCH200549,870.69,Travel,Android,Mumbai,12,0,
TXN104603,2026-09-07 12:24:27,USER101853,USER102786,35.24,Shopping,Android,Bengaluru,12,0,
TXN104604,2026-09-07 12:24:34,USER100582,MERCH200126,96.19,Fuel,Android,Jaipur,12,0,
TXN104605,2026-09-07 12:25:20,USER100200,MERCH200081,1115.99,Healthcare,Android,Chennai,12,0,
TXN104606,2026-09-07 12:26:36,USER100356,USER102530,666.34,Food & Dining,Android,Hyderabad,12,0,
TXN104607,2026-09-07 12:28:11,USER101789,MERCH200784,620.09,Mobile Recharge,Android,Kolkata,12,0,
TXN104608,2026-09-07 12:30:38,USER100207,USER100418,904.52,Food & Dining,Android,Mumbai,12,0,
TXN104609,2026-09-07 12:31:49,USER101423,USER100170,220.07,Healthcare,Android,Delhi,12,0,
TXN104610,2026-09-07 12:33:34,USER102855,USER100587,1029.84,P2P Transfer,Android,Jaipur,12,0,
TXN104611,2026-09-07 12:34:30,USER100028,USER100358,79.06,Shopping,iOS,Delhi,12,0,
TXN104612,2026-09-07 12:37:15,USER101860,USER102525,1308.68,Grocery,Android,Kolkata,12,0,
TXN104613,2026-09-07 12:38:09,USER102039,USER101728,790.42,Entertainment,Android,Bengaluru,12,0,
TXN104614,2026-09-07 12:38:44,USER102264,MERCH200702,233.65,Travel,Android,Indore,12,0,
TXN104615,2026-09-07 12:39:07,USER100150,USER102832,2719.83,Utility Bills,Android,Chennai,12,0,
TXN104616,2026-09-07 12:41:13,USER102469,USER101938,600.34,Entertainment,iOS,Bengaluru,12,0,
TXN104617,2026-09-07 12:41:15,USER102935,MERCH201153,1661.34,Travel,Android,Ahmedabad,12,0,
TXN104618,2026-09-07 12:42:11,USER100319,USER102516,434.45,Shopping,Android,Hyderabad,12,0,
TXN104619,2026-09-07 12:42:21,USER100795,MERCH200935,372.47,Shopping,Android,Delhi,12,0,
TXN104620,2026-09-07 12:42:45,USER100382,USER100864,150.21,P2P Transfer,Android,Delhi,12,0,
TXN104621,2026-09-07 12:42:46,USER100817,USER102403,43934.26,Mobile Recharge,New Device,Mumbai,12,1,new_device_high
TXN104622,2026-09-07 12:43:34,USER101599,MERCH200355,433.57,Food & Dining,Android,Mumbai,12,0,
TXN104623,2026-09-07 12:44:29,USER100262,USER100445,493.32,Fuel,Android,Delhi,12,0,
TXN104624,2026-09-07 12:45:28,USER102386,USER100883,347.67,Shopping,iOS,Patna,12,0,
TXN104625,2026-09-07 12:47:54,USER100527,USER101696,413.21,Grocery,Android,Delhi,12,0,
TXN104626,2026-09-07 12:52:32,USER101624,USER100555,182.82,Travel,Android,Mumbai,12,0,
TXN104627,2026-09-07 12:53:48,USER101475,MERCH200642,766.65,Grocery,Android,Pune,12,0,
TXN104628,2026-09-07 12:53:58,USER100571,MERCH201108,22.95,P2P Transfer,Android,Lucknow,12,0,
TXN104629,2026-09-07 12:54:20,USER102357,USER100031,216.37,Healthcare,Android,Hyderabad,12,0,
TXN104630,2026-09-07 12:56:35,USER102779,MERCH200124,91.26,Food & Dining,Android,Delhi,12,0,
TXN104631,2026-09-07 12:57:09,USER100695,USER102767,403.76,Food & Dining,Android,Chennai,12,0,
TXN104632,2026-09-07 12:58:23,USER101662,USER100008,92.37,Travel,Android,Pune,12,0,
TXN104633,2026-09-07 12:59:08,USER101001,USER100682,134.94,Utility Bills,Android,Ahmedabad,12,0,
TXN104634,2026-09-07 12:59:22,USER102359,MERCH200818,21.49,Shopping,Android,Pune,12,0,
TXN104635,2026-09-07 13:00:05,USER100189,USER100647,702.95,Entertainment,Android,Chennai,13,0,
TXN104636,2026-09-07 13:00:50,USER101693,USER101076,475.87,Grocery,Android,Hyderabad,13,0,
TXN104637,2026-09-07 13:01:55,USER102707,USER102814,127.64,Mobile Recharge,iOS,Kolkata,13,0,
TXN104638,2026-09-07 13:04:24,USER100916,USER100203,896.21,Utility Bills,Android,Indore,13,0,
TXN104639,2026-09-07 13:04:39,USER100079,MERCH200860,102.09,Entertainment,Android,Mumbai,13,0,
TXN104640,2026-09-07 13:08:59,USER102899,USER101692,494.39,Food & Dining,Android,Delhi,13,0,
TXN104641,2026-09-07 13:09:24,USER101407,MERCH200837,189.6,P2P Transfer,iOS,Jaipur,13,0,
TXN104642,2026-09-07 13:09:51,USER101850,MERCH200246,479.03,Travel,Android,Chennai,13,0,
TXN104643,2026-09-07 13:11:49,USER100388,USER101586,110.65,Travel,Android,Delhi,13,0,
TXN104644,2026-09-07 13:15:04,USER100446,MERCH200327,57.14,Travel,Android,Delhi,13,0,
TXN104645,2026-09-07 13:15:15,USER100666,MERCH200243,243.43,Travel,Android,Kolkata,13,0,
TXN104646,2026-09-07 13:15:16,USER102377,USER101626,157.47,Utility Bills,Android,Mumbai,13,0,
TXN104647,2026-09-07 13:18:25,USER102100,MERCH201399,58.36,Mobile Recharge,Android,Ahmedabad,13,0,
TXN104648,2026-09-07 13:19:45,USER101951,USER100174,364.9,Food & Dining,Android,Ahmedabad,13,0,
TXN104649,2026-09-07 13:19:52,USER101720,MERCH200010,53.51,Healthcare,Android,Chennai,13,0,
TXN104650,2026-09-07 13:20:03,USER102316,MERCH201385,302.81,Shopping,Android,Hyderabad,13,0,
TXN104651,2026-09-07 13:21:02,USER101649,USER100386,236.85,Entertainment,Android,Mumbai,13,0,
TXN104652,2026-09-07 13:21:17,USER101458,MERCH200496,1100.01,Healthcare,Android,Mumbai,13,0,
TXN104653,2026-09-07 13:21:32,USER100186,MERCH201105,85.93,Food & Dining,Android,Pune,13,0,
TXN104654,2026-09-07 13:21:45,USER102952,MERCH200927,245.73,Fuel,Android,Hyderabad,13,0,
TXN104655,2026-09-07 13:24:22,USER102107,MERCH200266,768.65,Entertainment,Android,Chennai,13,0,
TXN104656,2026-09-07 13:24:31,USER101532,MERCH200108,516.5,Fuel,Android,Pune,13,0,
TXN104657,2026-09-07 13:24:44,USER100160,MERCH200659,83.13,P2P Transfer,iOS,Ahmedabad,13,0,
TXN104658,2026-09-07 13:24:54,USER102702,USER102996,482.34,Travel,iOS,Jaipur,13,0,
TXN104659,2026-09-07 13:25:00,USER100339,USER100909,465.31,Fuel,Android,Mumbai,13,0,
TXN104660,2026-09-07 13:26:13,USER102314,MERCH200901,71.69,P2P Transfer,Android,Indore,13,0,
TXN104661,2026-09-07 13:26:25,USER102477,MERCH201476,1605.66,Shopping,Android,Pune,13,0,
TXN104662,2026-09-07 13:30:50,USER101024,USER102974,117.63,Food & Dining,Android,Delhi,13,0,
TXN104663,2026-09-07 13:31:13,USER101062,USER100003,3182.7,Fuel,Android,Chennai,13,0,
TXN104664,2026-09-07 13:31:51,USER100386,MERCH200613,402.55,Utility Bills,Android,Mumbai,13,0,
TXN104665,2026-09-07 13:31:55,USER102367,USER102952,106.41,Mobile Recharge,iOS,Pune,13,0,
TXN104666,2026-09-07 13:32:47,USER102844,USER101275,163.18,P2P Transfer,Android,Chennai,13,0,
TXN104667,2026-09-07 13:33:46,USER102411,USER100836,609.4,P2P Transfer,iOS,Pune,13,0,
TXN104668,2026-09-07 13:37:31,USER101608,USER101796,122.31,Fuel,Android,Delhi,13,0,
TXN104669,2026-09-07 13:38:07,USER100405,MERCH200424,125.11,Travel,Android,Kolkata,13,0,
TXN104670,2026-09-07 13:38:24,USER100050,USER102208,613.23,Utility Bills,Android,Ahmedabad,13,0,
TXN104671,2026-09-07 13:39:52,USER100724,USER102631,585.09,Travel,Android,Pune,13,0,
TXN104672,2026-09-07 13:43:57,USER101039,USER102425,344.89,Utility Bills,Android,Kolkata,13,0,
TXN104673,2026-09-07 13:44:39,USER102202,MERCH201358,285.93,Shopping,Android,Delhi,13,0,
TXN104674,2026-09-07 13:45:15,USER100936,USER102858,167.4,P2P Transfer,Android,Mumbai,13,0,
TXN104675,2026-09-07 13:46:42,USER100221,MERCH200812,26.23,Healthcare,iOS,Hyderabad,13,0,
TXN104676,2026-09-07 13:47:08,USER100767,USER102114,313.68,Mobile Recharge,iOS,Bengaluru,13,0,
TXN104677,2026-09-07 13:47:19,USER102294,MERCH200028,468.12,Travel,Android,Mumbai,13,0,
TXN104678,2026-09-07 13:47:52,USER100777,USER101351,164.89,Mobile Recharge,Android,Bengaluru,13,0,
TXN104679,2026-09-07 13:49:43,USER101727,MERCH201031,243.96,Mobile Recharge,Android,Hyderabad,13,0,
TXN104680,2026-09-07 13:52:11,USER101285,USER102042,31.51,Grocery,Android,Chennai,13,0,
TXN104681,2026-09-07 13:53:31,USER102962,USER101384,81.67,Utility Bills,Android,Kolkata,13,0,
TXN104682,2026-09-07 13:54:11,USER101992,USER100388,196.9,Travel,Android,Lucknow,13,0,
TXN104683,2026-09-07 13:55:00,USER102017,USER102416,124.14,Entertainment,Android,Kolkata,13,0,
TXN104684,2026-09-07 14:00:06,USER102517,USER100697,398.26,Fuel,Android,Delhi,14,0,
TXN104685,2026-09-07 14:01:02,USER100245,USER100179,36.46,Entertainment,Android,Chennai,14,0,
TXN104686,2026-09-07 14:01:11,USER100374,MERCH200613,154.67,Healthcare,Android,Patna,14,0,
TXN104687,2026-09-07 14:03:25,USER101960,USER102747,356.4,Entertainment,Android,Chennai,14,0,
TXN104688,2026-09-07 14:03:25,USER102003,MERCH200734,125.98,Entertainment,Android,Pune,14,0,
TXN104689,2026-09-07 14:05:52,USER102818,USER102872,211.19,Utility Bills,Android,Bengaluru,14,0,
TXN104690,2026-09-07 14:06:16,USER100863,USER102853,449.27,Mobile Recharge,Android,Ahmedabad,14,0,
TXN104691,2026-09-07 14:06:29,USER102450,USER102845,480.26,P2P Transfer,Android,Jaipur,14,0,
TXN104692,2026-09-07 14:08:42,USER102050,USER102572,1611.89,Food & Dining,Android,Mumbai,14,0,
TXN104693,2026-09-07 14:10:56,USER100009,MERCH200075,400.61,P2P Transfer,iOS,Hyderabad,14,0,
TXN104694,2026-09-07 14:11:03,USER101209,MERCH201297,367.38,Fuel,Android,Kolkata,14,0,
TXN104695,2026-09-07 14:11:20,USER102122,USER102244,452.7,Travel,Android,Mumbai,14,0,
TXN104696,2026-09-07 14:11:54,USER100387,USER100764,193.14,Fuel,Android,Mumbai,14,0,
TXN104697,2026-09-07 14:13:05,USER101949,USER101297,2597.9,Grocery,Android,Chennai,14,0,
TXN104698,2026-09-07 14:13:11,USER101009,USER102272,381.09,Travel,Android,Mumbai,14,0,
TXN104699,2026-09-07 14:14:05,USER101175,USER101090,178.94,Food & Dining,Android,Delhi,14,0,
TXN104700,2026-09-07 14:14:57,USER100136,USER101093,1955.65,Fuel,Android,Chennai,14,0,
TXN104701,2026-09-07 14:15:14,USER102757,USER101972,349.45,Fuel,Android,Ahmedabad,14,0,
TXN104702,2026-09-07 14:15:55,USER101416,USER100862,2078.09,Healthcare,Android,Delhi,14,0,
TXN104703,2026-09-07 14:16:05,USER101310,USER102418,48.92,Travel,Android,Delhi,14,0,
TXN104704,2026-09-07 14:16:29,USER101989,USER102268,689.87,Grocery,Android,Chennai,14,0,
TXN104705,2026-09-07 14:16:37,USER101036,USER102250,321.64,Utility Bills,Android,Delhi,14,0,
TXN104706,2026-09-07 14:18:13,USER101255,MERCH200546,10000.0,P2P Transfer,Android,Lucknow,14,1,round_number
TXN104707,2026-09-07 14:21:00,USER101956,MERCH200136,599.74,Entertainment,Android,Mumbai,14,0,
TXN104708,2026-09-07 14:21:09,USER100589,USER102477,798.06,Grocery,Android,Pune,14,0,
TXN104709,2026-09-07 14:21:24,USER101975,USER101625,1589.48,P2P Transfer,Android,Chennai,14,0,
TXN104710,2026-09-07 14:21:38,USER100920,MERCH200368,457.63,Travel,Android,Lucknow,14,0,
TXN104711,2026-09-07 14:21:44,USER101467,MERCH200187,136.46,Food & Dining,Android,Chennai,14,0,
TXN104712,2026-09-07 14:22:04,USER100396,USER101957,2433.22,Entertainment,Android,Kolkata,14,0,
TXN104713,2026-09-07 14:22:19,USER102615,MERCH201337,484.51,Grocery,Android,Bengaluru,14,0,
TXN104714,2026-09-07 14:22:25,USER100592,MERCH201269,215.55,Healthcare,Android,Chennai,14,0,
TXN104715,2026-09-07 14:23:51,USER100817,USER100111,116.9,Entertainment,Android,Ahmedabad,14,0,
TXN104716,2026-09-07 14:28:25,USER100750,USER102773,1144.21,Entertainment,Android,Delhi,14,0,
TXN104717,2026-09-07 14:29:42,USER101098,USER102687,86.09,Healthcare,Android,Mumbai,14,0,
TXN104718,2026-09-07 14:30:39,USER102863,MERCH200932,490.02,P2P Transfer,Android,Patna,14,0,
TXN104719,2026-09-07 14:32:55,USER100475,USER100039,532.98,Mobile Recharge,Android,Indore,14,0,
TXN104720,2026-09-07 14:34:07,USER100553,MERCH201176,207.54,Mobile Recharge,Android,Hyderabad,14,0,
TXN104721,2026-09-07 14:34:51,USER100558,USER100833,3946.19,Shopping,Android,Pune,14,0,
TXN104722,2026-09-07 14:35:18,USER102870,USER101349,613.4,Mobile Recharge,Android,Jaipur,14,0,
TXN104723,2026-09-07 14:36:20,USER101845,USER100206,551.57,Utility Bills,Android,Lucknow,14,0,
TXN104724,2026-09-07 14:37:40,USER101749,MERCH200123,61.08,P2P Transfer,Android,Mumbai,14,0,
TXN104725,2026-09-07 14:37:41,USER101539,MERCH201109,510.48,Mobile Recharge,Android,Pune,14,0,
TXN104726,2026-09-07 14:38:56,USER100456,USER102887,65.53,Mobile Recharge,Android,Ahmedabad,14,0,
TXN104727,2026-09-07 14:39:39,USER101212,USER101787,106.38,Shopping,Android,Delhi,14,0,
TXN104728,2026-09-07 14:41:21,USER100352,USER100985,257.27,Utility Bills,Android,Bengaluru,14,0,
TXN104729,2026-09-07 14:42:26,USER100031,USER100256,1376.62,Grocery,Android,Ahmedabad,14,0,
TXN104730,2026-09-07 14:42:41,USER100343,MERCH201059,81.3,P2P Transfer,iOS,Delhi,14,0,
TXN104731,2026-09-07 14:43:28,USER102401,MERCH200663,185.84,Fuel,iOS,Delhi,14,0,
TXN104732,2026-09-07 14:45:36,USER101353,USER101112,308.23,Mobile Recharge,Android,Mumbai,14,0,
TXN104733,2026-09-07 14:47:10,USER100648,USER100970,2021.76,Food & Dining,Android,Pune,14,0,
TXN104734,2026-09-07 14:48:29,USER100115,USER100224,747.5,Healthcare,iOS,Chennai,14,0,
TXN104735,2026-09-07 14:49:41,USER101012,USER102942,3547.44,Entertainment,Android,Mumbai,14,0,
TXN104736,2026-09-07 14:50:52,USER102618,USER102911,99999.0,Travel,iOS,Hyderabad,14,1,round_number
TXN104737,2026-09-07 14:51:21,USER102708,USER102280,71.46,Grocery,Android,Mumbai,14,0,
TXN104738,2026-09-07 14:51:40,USER101356,USER100220,25.33,Entertainment,Android,Chennai,14,0,
TXN104739,2026-09-07 14:52:53,USER101244,MERCH200826,206.65,Shopping,Android,Hyderabad,14,0,
TXN104740,2026-09-07 14:55:01,USER100313,USER100298,51.66,Fuel,iOS,Chennai,14,0,
TXN104741,2026-09-07 14:56:50,USER100532,MERCH200366,1326.25,Shopping,Android,Indore,14,0,
TXN104742,2026-09-07 14:56:59,USER102094,MERCH200961,207.53,Shopping,Android,Bengaluru,14,0,
TXN104743,2026-09-07 14:58:15,USER102114,MERCH200410,100.1,Fuel,Android,Mumbai,14,0,
TXN104744,2026-09-07 14:58:19,USER101909,MERCH200927,117.85,P2P Transfer,iOS,Patna,14,0,
TXN104745,2026-09-07 14:58:44,USER101101,MERCH201453,458.6,Entertainment,iOS,Hyderabad,14,0,
TXN104746,2026-09-07 15:00:13,USER101242,MERCH200056,173.48,Entertainment,Android,Mumbai,15,0,
TXN104747,2026-09-07 15:00:36,USER100310,USER100762,1086.41,Shopping,Android,Patna,15,0,
TXN104748,2026-09-07 15:01:01,USER101219,USER102261,1003.98,Utility Bills,Android,Delhi,15,0,
TXN104749,2026-09-07 15:01:04,USER102230,USER101322,89.76,Utility Bills,Android,Bengaluru,15,0,
TXN104750,2026-09-07 15:07:36,USER101974,MERCH200031,139.53,Entertainment,Android,Ahmedabad,15,0,
TXN104751,2026-09-07 15:08:05,USER100510,MERCH200078,443.85,Utility Bills,Android,Lucknow,15,0,
TXN104752,2026-09-07 15:12:41,USER100296,USER101292,181.03,Entertainment,iOS,Hyderabad,15,0,
TXN104753,2026-09-07 15:12:52,USER102545,USER102880,688.48,Food & Dining,Android,Mumbai,15,0,
TXN104754,2026-09-07 15:14:12,USER100991,MERCH201128,1211.38,Mobile Recharge,Android,Pune,15,0,
TXN104755,2026-09-07 15:15:54,USER102202,USER101433,70.45,Utility Bills,Android,Delhi,15,0,
TXN104756,2026-09-07 15:20:29,USER100696,MERCH200013,632.35,Fuel,Android,Delhi,15,0,
TXN104757,2026-09-07 15:23:03,USER101693,USER100799,224.71,P2P Transfer,Android,Pune,15,0,
TXN104758,2026-09-07 15:26:02,USER100367,USER101374,405.82,Travel,Android,Indore,15,0,
TXN104759,2026-09-07 15:26:41,USER101750,USER100107,860.7,Utility Bills,iOS,Bengaluru,15,0,
TXN104760,2026-09-07 15:29:20,USER102302,USER102887,329.36,Healthcare,Android,Chennai,15,0,
TXN104761,2026-09-07 15:29:38,USER101390,MERCH200238,415.34,Food & Dining,Android,Mumbai,15,0,
TXN104762,2026-09-07 15:31:48,USER100410,USER100047,284.09,Food & Dining,Android,Mumbai,15,0,
TXN104763,2026-09-07 15:33:04,USER101620,USER100784,269.53,Utility Bills,iOS,Mumbai,15,0,
TXN104764,2026-09-07 15:33:20,USER102039,MERCH201038,800.62,Shopping,Android,Chennai,15,0,
TXN104765,2026-09-07 15:34:33,USER100581,USER101855,471.23,Healthcare,iOS,Jaipur,15,0,
TXN104766,2026-09-07 15:35:07,USER102383,USER102739,1227.03,Mobile Recharge,iOS,Bengaluru,15,0,
TXN104767,2026-09-07 15:36:51,USER100051,MERCH200038,582.2,Mobile Recharge,Android,Pune,15,0,
TXN104768,2026-09-07 15:37:47,USER102340,MERCH200568,114.76,Fuel,Android,Hyderabad,15,0,
TXN104769,2026-09-07 15:38:38,USER102614,USER102288,102.7,Entertainment,iOS,Kolkata,15,0,
TXN104770,2026-09-07 15:38:57,USER101370,USER102791,742.13,Utility Bills,Android,Indore,15,0,
TXN104771,2026-09-07 15:39:57,USER100085,USER100632,1901.07,Mobile Recharge,iOS,Hyderabad,15,0,
TXN104772,2026-09-07 15:40:25,USER102416,USER101127,89.31,Travel,Android,Jaipur,15,0,
TXN104773,2026-09-07 15:40:39,USER102633,USER102701,1454.6,Shopping,Android,Chennai,15,0,
TXN104774,2026-09-07 15:40:43,USER101331,USER101576,938.94,Shopping,iOS,Hyderabad,15,0,
TXN104775,2026-09-07 15:40:43,USER101921,USER101493,50.13,Grocery,Android,Mumbai,15,0,
TXN104776,2026-09-07 15:41:10,USER101120,USER101520,677.38,Shopping,Android,Bengaluru,15,0,
TXN104777,2026-09-07 15:41:53,USER102191,USER100820,434.44,Shopping,Android,Hyderabad,15,0,
TXN104778,2026-09-07 15:42:14,USER100539,USER101193,154.94,Grocery,Android,Jaipur,15,0,
TXN104779,2026-09-07 15:47:12,USER100219,USER102671,413.78,Mobile Recharge,Android,Hyderabad,15,0,
TXN104780,2026-09-07 15:48:31,USER100757,MERCH200650,109.61,Food & Dining,iOS,Mumbai,15,0,
TXN104781,2026-09-07 15:49:05,USER101466,MERCH200442,64.87,Mobile Recharge,Android,Mumbai,15,0,
TXN104782,2026-09-07 15:50:13,USER101876,MERCH201292,140.03,Fuel,Android,Kolkata,15,0,
TXN104783,2026-09-07 15:50:42,USER101259,USER101432,2130.03,Shopping,Android,Pune,15,0,
TXN104784,2026-09-07 15:51:09,USER101646,USER102762,122.97,Entertainment,Android,Chennai,15,0,
TXN104785,2026-09-07 15:52:29,USER101978,MERCH201239,99.06,Grocery,Android,Delhi,15,0,
TXN104786,2026-09-07 15:53:02,USER101346,MERCH200904,64.15,Travel,Android,Bengaluru,15,0,
TXN104787,2026-09-07 15:53:58,USER100993,MERCH200472,815.01,Grocery,iOS,Delhi,15,0,
TXN104788,2026-09-07 15:55:43,USER101993,USER100196,100.42,Entertainment,Android,Delhi,15,0,
TXN104789,2026-09-07 15:55:48,USER102767,USER100674,648.48,P2P Transfer,Android,Chennai,15,0,
TXN104790,2026-09-07 15:56:22,USER101945,USER101774,79.56,Mobile Recharge,iOS,Pune,15,0,
TXN104791,2026-09-07 15:57:49,USER100073,USER102037,603.15,Fuel,Android,Delhi,15,0,
TXN104792,2026-09-07 15:58:24,USER100868,USER102855,188.56,Shopping,Android,Mumbai,15,0,
TXN104793,2026-09-07 16:00:21,USER100863,USER102374,479.89,Shopping,Android,Chennai,16,0,
TXN104794,2026-09-07 16:01:18,USER102055,USER102998,150.89,Healthcare,Android,Bengaluru,16,0,
TXN104795,2026-09-07 16:02:55,USER101543,USER100011,264.26,Utility Bills,Android,Bengaluru,16,0,
TXN104796,2026-09-07 16:06:50,USER100573,MERCH201021,880.9,Food & Dining,iOS,Bengaluru,16,0,
TXN104797,2026-09-07 16:07:39,USER100652,USER100585,388.78,P2P Transfer,iOS,Kolkata,16,0,
TXN104798,2026-09-07 16:07:59,USER102400,USER100576,1132.23,Shopping,Android,Pune,16,0,
TXN104799,2026-09-07 16:09:22,USER100365,USER102504,28.43,Grocery,Android,Delhi,16,0,
TXN104800,2026-09-07 16:11:25,USER102077,USER101703,271.25,P2P Transfer,Android,Mumbai,16,0,
TXN104801,2026-09-07 16:11:50,USER101514,USER101647,149.48,Entertainment,Android,Delhi,16,0,
TXN104802,2026-09-07 16:12:02,USER100911,USER102009,355.95,Mobile Recharge,Android,Kolkata,16,0,
TXN104803,2026-09-07 16:13:47,USER100251,USER101849,1727.23,Healthcare,Android,Bengaluru,16,0,
TXN104804,2026-09-07 16:15:33,USER101939,USER101773,632.37,Fuel,Android,Patna,16,0,
TXN104805,2026-09-07 16:16:43,USER102537,USER100147,184.16,Grocery,Android,Kolkata,16,0,
TXN104806,2026-09-07 16:21:44,USER102036,USER102183,674.01,P2P Transfer,Android,Bengaluru,16,0,
TXN104807,2026-09-07 16:21:51,USER101347,USER102604,1575.71,Food & Dining,Android,Hyderabad,16,0,
TXN104808,2026-09-07 16:22:31,USER100647,MERCH200675,345.53,Travel,Android,Pune,16,0,
TXN104809,2026-09-07 16:24:28,USER100194,USER102240,759.69,Healthcare,Android,Hyderabad,16,0,
TXN104810,2026-09-07 16:30:27,USER102603,MERCH200418,833.75,Grocery,Android,Mumbai,16,0,
TXN104811,2026-09-07 16:30:41,USER100789,USER100335,992.25,Grocery,iOS,Delhi,16,0,
TXN104812,2026-09-07 16:31:14,USER100782,MERCH200494,1155.38,Mobile Recharge,Android,Kolkata,16,0,
TXN104813,2026-09-07 16:31:18,USER102522,MERCH200114,504.0,Fuel,Android,Indore,16,0,
TXN104814,2026-09-07 16:31:40,USER101550,MERCH200750,473.74,Shopping,Android,Kolkata,16,0,
TXN104815,2026-09-07 16:33:12,USER102857,USER101666,177.74,Fuel,Android,Ahmedabad,16,0,
TXN104816,2026-09-07 16:33:26,USER101943,USER102938,170.01,Shopping,Android,Mumbai,16,0,
TXN104817,2026-09-07 16:33:53,USER100430,MERCH201304,140.38,Entertainment,iOS,Delhi,16,0,
TXN104818,2026-09-07 16:34:31,USER100166,USER101063,291.38,P2P Transfer,Android,Pune,16,0,
TXN104819,2026-09-07 16:38:09,USER100850,USER101697,3936.32,Fuel,Android,Bengaluru,16,0,
TXN104820,2026-09-07 16:39:06,USER100877,USER100175,282.5,Utility Bills,Android,Jaipur,16,0,
TXN104821,2026-09-07 16:39:31,USER100490,USER100105,19092.55,Mobile Recharge,iOS,Lucknow,16,0,
TXN104822,2026-09-07 16:43:32,USER100753,MERCH201236,243.21,P2P Transfer,Android,Bengaluru,16,0,
TXN104823,2026-09-07 16:45:31,USER100884,USER101430,157.7,Food & Dining,Android,Lucknow,16,0,
TXN104824,2026-09-07 16:46:06,USER101472,USER101768,290.7,Shopping,Android,Jaipur,16,0,
TXN104825,2026-09-07 16:48:10,USER102289,USER101375,2627.09,Travel,Android,Bengaluru,16,0,
TXN104826,2026-09-07 17:00:55,USER101025,MERCH200296,103.77,Grocery,Android,Kolkata,17,0,
TXN104827,2026-09-07 17:01:18,USER102282,MERCH201187,238.67,Travel,Android,Ahmedabad,17,0,
TXN104828,2026-09-07 17:01:24,USER100988,USER100335,411.02,Fuel,Android,Indore,17,0,
TXN104829,2026-09-07 17:03:06,USER101295,USER102890,960.45,Utility Bills,iOS,Chennai,17,0,
TXN104830,2026-09-07 17:04:18,USER102332,USER100377,28.78,Grocery,Android,Mumbai,17,0,
TXN104831,2026-09-07 17:04:22,USER100917,USER102394,20000.0,Entertainment,Android,Patna,17,1,round_number
TXN104832,2026-09-07 17:04:36,USER100994,USER102317,92.18,Food & Dining,Android,Kolkata,17,0,
TXN104833,2026-09-07 17:04:52,USER102961,USER100916,607.45,Entertainment,Android,Mumbai,17,0,
TXN104834,2026-09-07 17:06:28,USER100132,MERCH200036,139.86,Food & Dining,Android,Pune,17,0,
TXN104835,2026-09-07 17:06:43,USER102330,USER101663,1072.18,Food & Dining,Android,Delhi,17,0,
TXN104836,2026-09-07 17:06:58,USER102942,USER102445,237.75,P2P Transfer,Android,Delhi,17,0,
TXN104837,2026-09-07 17:08:13,USER102510,MERCH201070,749.7,Mobile Recharge,Android,Delhi,17,0,
TXN104838,2026-09-07 17:13:25,USER102106,USER102056,291.72,Healthcare,Android,Hyderabad,17,0,
TXN104839,2026-09-07 17:16:54,USER100256,USER101639,102.2,P2P Transfer,iOS,Delhi,17,0,
TXN104840,2026-09-07 17:21:31,USER101989,MERCH200719,200.64,Healthcare,Android,Hyderabad,17,0,
TXN104841,2026-09-07 17:23:26,USER100517,USER102296,3116.56,Food & Dining,Android,Jaipur,17,0,
TXN104842,2026-09-07 17:24:08,USER102493,MERCH201069,256.03,Fuel,Android,Ahmedabad,17,0,
TXN104843,2026-09-07 17:26:45,USER101418,USER101413,124.59,Food & Dining,Android,Mumbai,17,0,
TXN104844,2026-09-07 17:26:45,USER102331,USER102407,261.37,Fuel,Android,Chennai,17,0,
TXN104845,2026-09-07 17:26:45,USER100786,USER102254,202.51,Fuel,iOS,Indore,17,0,
TXN104846,2026-09-07 17:26:57,USER101498,MERCH201306,335.72,Utility Bills,Android,Ahmedabad,17,0,
TXN104847,2026-09-07 17:28:08,USER102941,MERCH200944,147.94,Shopping,Android,Bengaluru,17,0,
TXN104848,2026-09-07 17:28:19,USER101473,MERCH200873,185.93,Utility Bills,iOS,Delhi,17,0,
TXN104849,2026-09-07 17:29:13,USER102049,MERCH200894,629.55,Fuel,Android,Hyderabad,17,0,
TXN104850,2026-09-07 17:29:27,USER102026,MERCH200526,406.59,Fuel,Android,Jaipur,17,0,
TXN104851,2026-09-07 17:30:03,USER100499,USER101796,322.98,Mobile Recharge,iOS,Indore,17,0,
TXN104852,2026-09-07 17:30:17,USER102595,USER102224,63.44,Healthcare,Android,Mumbai,17,0,
TXN104853,2026-09-07 17:30:27,USER102048,MERCH200706,183.47,Entertainment,Android,Chennai,17,0,
TXN104854,2026-09-07 17:31:46,USER100629,MERCH201373,918.78,Entertainment,Android,Kolkata,17,0,
TXN104855,2026-09-07 17:32:22,USER101070,MERCH200436,352.53,Shopping,Android,Delhi,17,0,
TXN104856,2026-09-07 17:33:00,USER102605,USER100054,235.24,Mobile Recharge,Android,Mumbai,17,0,
TXN104857,2026-09-07 17:33:20,USER101376,USER101511,554.1,Grocery,Android,Chennai,17,0,
TXN104858,2026-09-07 17:34:22,USER102627,USER101633,1099.84,Food & Dining,Android,Pune,17,0,
TXN104859,2026-09-07 17:35:04,USER100014,USER101500,1208.21,Shopping,iOS,Patna,17,0,
TXN104860,2026-09-07 17:35:22,USER102688,MERCH200773,206.45,Travel,Android,Lucknow,17,0,
TXN104861,2026-09-07 17:36:15,USER102086,USER102802,104.75,Utility Bills,Android,Mumbai,17,0,
TXN104862,2026-09-07 17:36:35,USER102021,USER102915,120.9,Entertainment,Android,Mumbai,17,0,
TXN104863,2026-09-07 17:37:36,USER101942,MERCH200209,668.73,Fuel,Android,Kolkata,17,0,
TXN104864,2026-09-07 17:37:39,USER102477,USER101362,463.67,Fuel,Android,Delhi,17,0,
TXN104865,2026-09-07 17:42:53,USER100110,USER100161,150.99,Utility Bills,Android,Kolkata,17,0,
TXN104866,2026-09-07 17:44:08,USER100814,USER102950,369.23,Food & Dining,Android,Delhi,17,0,
TXN104867,2026-09-07 17:45:25,USER100381,MERCH201117,585.52,Healthcare,Android,Hyderabad,17,0,
TXN104868,2026-09-07 17:47:38,USER102520,USER101110,477.33,Fuel,Android,Hyderabad,17,0,
TXN104869,2026-09-07 17:47:41,USER102239,MERCH200749,167.79,Entertainment,Android,Delhi,17,0,
TXN104870,2026-09-07 17:49:10,USER102418,USER100947,874.94,Food & Dining,Android,Mumbai,17,0,
TXN104871,2026-09-07 17:50:10,USER102419,USER102553,106.95,Utility Bills,Android,Indore,17,0,
TXN104872,2026-09-07 17:51:43,USER101995,MERCH200139,504.08,Food & Dining,Android,Mumbai,17,0,
TXN104873,2026-09-07 17:52:35,USER101477,USER100397,1613.51,Mobile Recharge,Android,Delhi,17,0,
TXN104874,2026-09-07 17:54:23,USER100472,USER101952,138.88,Shopping,Android,Delhi,17,0,
TXN104875,2026-09-07 17:57:51,USER101607,USER101899,34.55,Travel,Android,Lucknow,17,0,
TXN104876,2026-09-07 17:58:37,USER102517,MERCH201156,286.66,Grocery,Android,Pune,17,0,
TXN104877,2026-09-07 17:59:02,USER102196,MERCH201005,97.85,P2P Transfer,iOS,Bengaluru,17,0,
TXN104878,2026-09-07 17:59:29,USER100319,MERCH200180,414.28,Travel,iOS,Jaipur,17,0,
TXN104879,2026-09-07 18:00:11,USER102384,USER102999,178.72,Grocery,Android,Chennai,18,0,
TXN104880,2026-09-07 18:01:22,USER100685,USER100799,445.85,Fuel,iOS,Bengaluru,18,0,
TXN104881,2026-09-07 18:03:37,USER102763,USER101537,271.62,P2P Transfer,Android,Kolkata,18,0,
TXN104882,2026-09-07 18:03:44,USER100887,USER100747,247.32,Travel,Android,Ahmedabad,18,0,
TXN104883,2026-09-07 18:04:43,USER101452,MERCH200147,170.35,P2P Transfer,Android,Bengaluru,18,0,
TXN104884,2026-09-07 18:04:49,USER100724,USER102786,251.4,Healthcare,iOS,Delhi,18,0,
TXN104885,2026-09-07 18:05:10,USER102886,USER101700,411.43,P2P Transfer,Android,Delhi,18,0,
TXN104886,2026-09-07 18:06:04,USER102983,USER101448,51.91,Utility Bills,Android,Pune,18,0,
TXN104887,2026-09-07 18:07:08,USER102587,MERCH201028,1547.28,Shopping,Android,Chennai,18,0,
TXN104888,2026-09-07 18:09:49,USER100207,MERCH201380,275.85,Travel,Android,Kolkata,18,0,
TXN104889,2026-09-07 18:09:56,USER101856,USER100715,174.55,P2P Transfer,Android,Ahmedabad,18,0,
TXN104890,2026-09-07 18:10:47,USER101515,USER102431,84.38,Travel,Android,Delhi,18,0,
TXN104891,2026-09-07 18:11:18,USER102310,USER100973,55.75,Fuel,Android,Delhi,18,0,
TXN104892,2026-09-07 18:14:07,USER101347,USER100610,240.93,Shopping,Android,Bengaluru,18,0,
TXN104893,2026-09-07 18:14:18,USER102872,USER100885,906.44,Grocery,Android,Delhi,18,0,
TXN104894,2026-09-07 18:15:28,USER102669,MERCH200385,366.8,P2P Transfer,iOS,Pune,18,0,
TXN104895,2026-09-07 18:15:55,USER101212,USER102456,1022.37,Grocery,iOS,Delhi,18,0,
TXN104896,2026-09-07 18:16:12,USER101094,USER101733,1869.52,Food & Dining,Android,Kolkata,18,0,
TXN104897,2026-09-07 18:16:40,USER100492,USER102323,465.06,Fuel,Android,Kolkata,18,0,
TXN104898,2026-09-07 18:19:08,USER102892,USER101092,575.76,Entertainment,Android,Delhi,18,0,
TXN104899,2026-09-07 18:19:16,USER101417,USER100015,178.19,Utility Bills,Android,Ahmedabad,18,0,
TXN104900,2026-09-07 18:19:20,USER101774,USER102832,942.29,Entertainment,Android,Patna,18,0,
TXN104901,2026-09-07 18:22:17,USER100403,MERCH200701,328.39,Grocery,Android,Bengaluru,18,0,
TXN104902,2026-09-07 18:22:34,USER101947,USER102616,400.23,Travel,Android,Hyderabad,18,0,
TXN104903,2026-09-07 18:23:35,USER101126,MERCH200916,70.03,Food & Dining,Android,Mumbai,18,0,
TXN104904,2026-09-07 18:26:51,USER102577,MERCH200651,291.67,Travel,Android,Kolkata,18,0,
TXN104905,2026-09-07 18:27:18,USER101252,USER100484,1302.1,Shopping,Android,Mumbai,18,0,
TXN104906,2026-09-07 18:27:55,USER102303,MERCH200241,227.88,Food & Dining,iOS,Jaipur,18,0,
TXN104907,2026-09-07 18:33:15,USER101701,USER102841,176.29,P2P Transfer,Android,Kolkata,18,0,
TXN104908,2026-09-07 18:35:04,USER101097,USER101950,31.91,Entertainment,Android,Bengaluru,18,0,
TXN104909,2026-09-07 18:35:30,USER102348,MERCH200099,600.26,Mobile Recharge,Android,Bengaluru,18,0,
TXN104910,2026-09-07 18:37:35,USER101080,USER102368,324.22,P2P Transfer,Android,Mumbai,18,0,
TXN104911,2026-09-07 18:37:40,USER101319,USER100071,1019.97,Healthcare,Android,Mumbai,18,0,
TXN104912,2026-09-07 18:39:38,USER102831,USER100227,245.65,Food & Dining,iOS,Mumbai,18,0,
TXN104913,2026-09-07 18:41:35,USER100233,USER101280,232.78,Food & Dining,Android,Hyderabad,18,0,
TXN104914,2026-09-07 18:42:02,USER102889,USER100418,1910.29,Mobile Recharge,Android,Hyderabad,18,0,
TXN104915,2026-09-07 18:43:25,USER101660,USER101622,149.34,Healthcare,Android,Delhi,18,0,
TXN104916,2026-09-07 18:44:02,USER101637,MERCH200943,307.82,Shopping,Android,Chennai,18,0,
TXN104917,2026-09-07 18:44:07,USER102556,MERCH201141,192.06,P2P Transfer,Android,Delhi,18,0,
TXN104918,2026-09-07 18:44:27,USER100520,USER102142,524.16,Entertainment,Android,Ahmedabad,18,0,
TXN104919,2026-09-07 18:44:52,USER102564,MERCH200110,431.59,Entertainment,iOS,Pune,18,0,
TXN104920,2026-09-07 18:45:11,USER100041,USER102463,191.9,Healthcare,iOS,Bengaluru,18,0,
TXN104921,2026-09-07 18:45:40,USER102647,USER102264,69.06,Mobile Recharge,Android,Lucknow,18,0,
TXN104922,2026-09-07 18:46:07,USER101890,MERCH200333,2556.91,Utility Bills,Android,Pune,18,0,
TXN104923,2026-09-07 18:46:19,USER100233,USER101941,344.63,Fuel,Android,Pune,18,0,
TXN104924,2026-09-07 18:46:20,USER100513,USER100775,3288.92,Shopping,Android,Jaipur,18,0,
TXN104925,2026-09-07 18:46:30,USER102359,USER102527,40.9,Grocery,Android,Hyderabad,18,0,
TXN104926,2026-09-07 18:51:40,USER100428,USER102774,118.76,Shopping,Android,Chennai,18,0,
TXN104927,2026-09-07 18:52:41,USER100421,USER101003,631.65,Mobile Recharge,Android,Jaipur,18,0,
TXN104928,2026-09-07 18:56:04,USER101120,MERCH200097,302.78,Shopping,Android,Hyderabad,18,0,
TXN104929,2026-09-07 19:00:59,USER101780,USER101337,748.61,Entertainment,Android,Mumbai,19,0,
TXN104930,2026-09-07 19:01:46,USER101777,MERCH200931,595.23,P2P Transfer,Android,Pune,19,0,
TXN104931,2026-09-07 19:01:49,USER101822,MERCH200338,581.14,Travel,Android,Hyderabad,19,0,
TXN104932,2026-09-07 19:04:17,USER101013,MERCH200375,423.77,Mobile Recharge,Android,Mumbai,19,0,
TXN104933,2026-09-07 19:05:11,USER101075,USER101316,431.48,P2P Transfer,iOS,Ahmedabad,19,0,
TXN104934,2026-09-07 19:07:00,USER100889,USER100531,359.27,Grocery,Android,Delhi,19,0,
TXN104935,2026-09-07 19:07:09,USER102239,USER100758,329.61,Mobile Recharge,Android,Bengaluru,19,0,
TXN104936,2026-09-07 19:07:40,USER101039,MERCH201495,4251.68,P2P Transfer,Android,Ahmedabad,19,0,
TXN104937,2026-09-07 19:08:04,USER101290,USER101206,3140.4,P2P Transfer,Android,Kolkata,19,0,
TXN104938,2026-09-07 19:08:33,USER100020,USER100969,73.23,Healthcare,Android,Chennai,19,0,
TXN104939,2026-09-07 19:09:09,USER101316,MERCH200072,76.34,Shopping,Android,Pune,19,0,
TXN104940,2026-09-07 19:09:13,USER100777,USER100481,164.26,Mobile Recharge,Android,Pune,19,0,
TXN104941,2026-09-07 19:09:15,USER101171,USER102172,1006.45,Fuel,Android,Chennai,19,0,
TXN104942,2026-09-07 19:09:16,USER100560,USER102963,1606.52,Travel,iOS,Lucknow,19,0,
TXN104943,2026-09-07 19:11:30,USER101372,MERCH200559,304.34,Travel,iOS,Bengaluru,19,0,
TXN104944,2026-09-07 19:11:32,USER101033,MERCH200231,249.16,Grocery,Android,Mumbai,19,0,
TXN104945,2026-09-07 19:13:13,USER100747,USER102630,434.0,Food & Dining,Android,Chennai,19,0,
TXN104946,2026-09-07 19:13:34,USER101517,MERCH201340,554.96,Healthcare,Android,Chennai,19,0,
TXN104947,2026-09-07 19:14:35,USER101689,USER101457,266.85,Entertainment,Android,Mumbai,19,0,
TXN104948,2026-09-07 19:14:41,USER100546,MERCH200937,182.87,Mobile Recharge,Android,Mumbai,19,0,
TXN104949,2026-09-07 19:15:30,USER101883,MERCH200071,350.19,Utility Bills,iOS,Bengaluru,19,0,
TXN104950,2026-09-07 19:16:49,USER101776,USER102617,2272.71,Healthcare,iOS,Ahmedabad,19,0,
TXN104951,2026-09-07 19:17:59,USER100160,USER100252,767.01,Fuel,Android,Kolkata,19,0,
TXN104952,2026-09-07 19:20:47,USER101069,USER100138,338.77,Entertainment,Android,Chennai,19,0,
TXN104953,2026-09-07 19:22:01,USER102670,USER101426,66.27,P2P Transfer,iOS,Ahmedabad,19,0,
TXN104954,2026-09-07 19:22:50,USER101178,USER100999,1031.14,Fuel,Android,Patna,19,0,
TXN104955,2026-09-07 19:22:58,USER100293,USER100355,227.17,Grocery,Android,Pune,19,0,
TXN104956,2026-09-07 19:25:39,USER102189,USER102835,129.25,Grocery,Android,Delhi,19,0,
TXN104957,2026-09-07 19:25:59,USER102189,MERCH201379,2252.31,Mobile Recharge,Android,Chennai,19,0,
TXN104958,2026-09-07 19:26:12,USER101715,MERCH200790,75.77,Grocery,Android,Hyderabad,19,0,
TXN104959,2026-09-07 19:26:55,USER102493,USER102562,853.43,Mobile Recharge,iOS,Ahmedabad,19,0,
TXN104960,2026-09-07 19:28:54,USER101136,MERCH200886,16.56,Entertainment,Android,Patna,19,0,
TXN104961,2026-09-07 19:29:52,USER101249,USER100364,447.95,Fuel,Android,Hyderabad,19,0,
TXN104962,2026-09-07 19:30:25,USER101459,USER100624,278.59,Utility Bills,Android,Ahmedabad,19,0,
TXN104963,2026-09-07 19:32:08,USER100541,MERCH200808,439.64,Grocery,Android,Delhi,19,0,
TXN104964,2026-09-07 19:32:42,USER102714,USER100097,939.02,Utility Bills,iOS,Bengaluru,19,0,
TXN104965,2026-09-07 19:37:38,USER101642,USER101714,609.59,Grocery,iOS,Delhi,19,0,
TXN104966,2026-09-07 19:38:32,USER101642,USER100363,436.96,Fuel,Android,Delhi,19,0,
TXN104967,2026-09-07 19:39:51,USER102234,USER101783,464.04,Food & Dining,Android,Hyderabad,19,0,
TXN104968,2026-09-07 19:42:28,USER101589,USER100644,232.39,Travel,Android,Lucknow,19,0,
TXN104969,2026-09-07 19:46:24,USER102154,MERCH200503,268.0,Fuel,Android,Bengaluru,19,0,
TXN104970,2026-09-07 19:46:41,USER102530,USER100333,1461.95,Mobile Recharge,Android,Chennai,19,0,
TXN104971,2026-09-07 19:49:16,USER100125,USER102278,440.18,Food & Dining,Android,Jaipur,19,0,
TXN104972,2026-09-07 19:50:24,USER102555,MERCH200955,79.22,Food & Dining,Android,Delhi,19,0,
TXN104973,2026-09-07 19:50:46,USER102922,USER101177,2425.87,Shopping,Android,Delhi,19,0,
TXN104974,2026-09-07 19:50:50,USER100762,USER102191,216.86,Shopping,Android,Mumbai,19,0,
TXN104975,2026-09-07 19:51:02,USER100010,MERCH200285,566.92,Food & Dining,Android,Ahmedabad,19,0,
TXN104976,2026-09-07 19:56:17,USER100039,USER102703,797.08,Utility Bills,Android,Mumbai,19,0,
TXN104977,2026-09-07 19:59:43,USER101809,USER100489,983.05,Food & Dining,Android,Pune,19,0,
TXN104978,2026-09-07 20:00:25,USER101593,USER100671,396.37,P2P Transfer,Android,Ahmedabad,20,0,
TXN104979,2026-09-07 20:02:03,USER102391,MERCH201494,969.79,Travel,Android,Delhi,20,0,
TXN104980,2026-09-07 20:02:45,USER100786,USER101238,1021.56,Mobile Recharge,Android,Hyderabad,20,0,
TXN104981,2026-09-07 20:03:14,USER101986,USER102501,1139.87,Fuel,iOS,Chennai,20,0,
TXN104982,2026-09-07 20:03:46,USER100351,USER101194,802.25,Food & Dining,Android,Patna,20,0,
TXN104983,2026-09-07 20:04:06,USER101857,USER100585,4764.66,P2P Transfer,Android,Patna,20,0,
TXN104984,2026-09-07 20:05:58,USER100948,MERCH200026,190.45,Travel,Android,Bengaluru,20,0,
TXN104985,2026-09-07 20:09:44,USER102978,MERCH201127,352.91,Fuel,iOS,Bengaluru,20,0,
TXN104986,2026-09-07 20:10:21,USER102791,MERCH201001,214.76,Grocery,Android,Jaipur,20,0,
TXN104987,2026-09-07 20:11:32,USER101048,MERCH201476,514.45,Travel,iOS,Pune,20,0,
TXN104988,2026-09-07 20:11:40,USER101587,MERCH200879,960.82,Grocery,iOS,Hyderabad,20,0,
TXN104989,2026-09-07 20:16:29,USER101798,USER100737,499.29,Healthcare,Android,Hyderabad,20,0,
TXN104990,2026-09-07 20:18:26,USER102526,USER100481,70.19,Fuel,iOS,Kolkata,20,0,
TXN104991,2026-09-07 20:18:59,USER102582,USER100736,470.54,Grocery,Android,Mumbai,20,0,
TXN104992,2026-09-07 20:19:54,USER101982,USER102974,114.45,Mobile Recharge,Android,Ahmedabad,20,0,
TXN104993,2026-09-07 20:19:55,USER100846,MERCH200218,670.5,Grocery,Android,Hyderabad,20,0,
TXN104994,2026-09-07 20:20:46,USER100041,USER100248,494.74,Healthcare,Android,Delhi,20,0,
TXN104995,2026-09-07 20:22:24,USER100216,USER100168,107.82,Utility Bills,Android,Bengaluru,20,0,
TXN104996,2026-09-07 20:24:05,USER101243,MERCH200181,512.36,Fuel,Android,Kolkata,20,0,
TXN104997,2026-09-07 20:26:50,USER102752,USER101119,453.2,Shopping,iOS,Bengaluru,20,0,
TXN104998,2026-09-07 20:27:02,USER102097,USER100803,203.24,Healthcare,Android,Bengaluru,20,0,
TXN104999,2026-09-07 20:27:08,USER102592,USER101553,306.02,Entertainment,iOS,Pune,20,0,
TXN105000,2026-09-07 20:32:09,USER101119,USER102054,292.4,Entertainment,Android,Kolkata,20,0,
TXN105001,2026-09-07 20:33:27,USER100813,USER102571,170.76,Entertainment,Android,Ahmedabad,20,0,
TXN105002,2026-09-07 20:33:45,USER102344,USER101366,192.88,Grocery,Android,Delhi,20,0,
TXN105003,2026-09-07 20:35:12,USER100198,USER102231,537.69,P2P Transfer,Android,Bengaluru,20,0,
TXN105004,2026-09-07 20:36:16,USER100052,USER102626,315.2,Food & Dining,Android,Bengaluru,20,0,
TXN105005,2026-09-07 20:36:58,USER100013,MERCH201013,138.75,Grocery,Android,Delhi,20,0,
TXN105006,2026-09-07 20:37:23,USER102365,USER101794,463.13,Travel,Android,Mumbai,20,0,
TXN105007,2026-09-07 20:38:00,USER100099,MERCH200681,284.9,Mobile Recharge,Android,Delhi,20,0,
TXN105008,2026-09-07 20:38:24,USER102519,USER101380,752.74,Mobile Recharge,Android,Pune,20,0,
TXN105009,2026-09-07 20:38:27,USER100951,USER101601,213.19,Mobile Recharge,Android,Mumbai,20,0,
TXN105010,2026-09-07 20:39:18,USER100304,MERCH200819,484.18,P2P Transfer,iOS,Indore,20,0,
TXN105011,2026-09-07 20:39:41,USER102070,USER100017,704.08,Shopping,Android,Jaipur,20,0,
TXN105012,2026-09-07 20:41:14,USER100980,MERCH200691,328.2,Grocery,Android,Bengaluru,20,0,
TXN105013,2026-09-07 20:43:29,USER101126,MERCH200729,284.67,Travel,iOS,Indore,20,0,
TXN105014,2026-09-07 20:44:18,USER102271,USER100695,319.86,Entertainment,iOS,Kolkata,20,0,
TXN105015,2026-09-07 20:44:27,USER102452,USER100232,18.31,Grocery,iOS,Chennai,20,0,
TXN105016,2026-09-07 20:45:41,USER101397,MERCH200877,215.47,Entertainment,Android,Ahmedabad,20,0,
TXN105017,2026-09-07 20:47:09,USER102455,USER102704,1732.4,Utility Bills,Android,Hyderabad,20,0,
TXN105018,2026-09-07 20:47:59,USER100243,MERCH201192,910.71,P2P Transfer,Android,Ahmedabad,20,0,
TXN105019,2026-09-07 20:51:55,USER101951,USER102173,376.41,Utility Bills,Android,Pune,20,0,
TXN105020,2026-09-07 20:54:38,USER101476,USER101416,649.43,Healthcare,Android,Bengaluru,20,0,
TXN105021,2026-09-07 20:55:03,USER102643,USER100986,289.98,Shopping,Android,Kolkata,20,0,
TXN105022,2026-09-07 20:57:00,USER101115,MERCH201397,131.48,Entertainment,Android,Pune,20,0,
TXN105023,2026-09-07 20:57:02,USER101057,MERCH200672,342.81,Travel,iOS,Delhi,20,0,
TXN105024,2026-09-07 20:59:04,USER102336,USER100038,20.64,Entertainment,Android,Bengaluru,20,0,
TXN105025,2026-09-07 20:59:15,USER102463,MERCH200119,209.18,Utility Bills,iOS,Mumbai,20,0,
TXN105026,2026-09-07 20:59:30,USER101266,MERCH200887,111.83,Travel,Android,Kolkata,20,0,
TXN105027,2026-09-07 20:59:32,USER100936,MERCH201474,139.17,Entertainment,Android,Chennai,20,0,
TXN105028,2026-09-07 21:01:33,USER102478,MERCH200049,630.99,Fuel,Android,Mumbai,21,0,
TXN105029,2026-09-07 21:01:59,USER101403,USER100814,186.26,Food & Dining,iOS,Mumbai,21,0,
TXN105030,2026-09-07 21:02:13,USER102201,USER102659,61.83,Mobile Recharge,Android,Delhi,21,0,
TXN105031,2026-09-07 21:02:58,USER102528,USER102136,111.65,Utility Bills,iOS,Pune,21,0,
TXN105032,2026-09-07 21:04:09,USER102771,USER100312,210.73,Food & Dining,Android,Delhi,21,0,
TXN105033,2026-09-07 21:04:29,USER101610,USER100680,273.35,Food & Dining,iOS,Chennai,21,0,
TXN105034,2026-09-07 21:05:21,USER101598,MERCH201380,115.62,Fuel,Android,Mumbai,21,0,
TXN105035,2026-09-07 21:05:31,USER101613,MERCH200314,216.57,Food & Dining,Android,Mumbai,21,0,
TXN105036,2026-09-07 21:11:29,USER102680,USER102541,4671.07,Shopping,iOS,Delhi,21,0,
TXN105037,2026-09-07 21:11:52,USER102599,USER100362,164.2,Fuel,Android,Delhi,21,0,
TXN105038,2026-09-07 21:29:22,USER101793,USER101135,125.48,P2P Transfer,Android,Bengaluru,21,0,
TXN105039,2026-09-07 21:30:06,USER101358,USER101443,469.43,P2P Transfer,Android,Pune,21,0,
TXN105040,2026-09-07 21:31:11,USER102490,MERCH201496,185.18,Healthcare,Android,Jaipur,21,0,
TXN105041,2026-09-07 21:31:14,USER102097,MERCH201498,676.48,Food & Dining,Android,Lucknow,21,0,
TXN105042,2026-09-07 21:32:05,USER101708,USER101785,23060.18,Entertainment,New Device,Mumbai,21,1,new_device_high
TXN105043,2026-09-07 21:35:48,USER100366,MERCH200196,157.02,Fuel,Android,Pune,21,0,
TXN105044,2026-09-07 21:35:51,USER102913,USER101812,305.78,Utility Bills,Android,Bengaluru,21,0,
TXN105045,2026-09-07 21:39:10,USER102799,USER100833,126.38,Grocery,Android,Delhi,21,0,
TXN105046,2026-09-07 21:39:38,USER101668,USER100691,119.1,Mobile Recharge,Android,Mumbai,21,0,
TXN105047,2026-09-07 21:40:29,USER102602,USER100457,234.38,Food & Dining,Android,Mumbai,21,0,
TXN105048,2026-09-07 21:41:57,USER100431,USER102126,169.01,Fuel,iOS,Pune,21,0,
TXN105049,2026-09-07 21:43:42,USER102164,USER101084,85.96,Shopping,Android,Mumbai,21,0,
TXN105050,2026-09-07 21:43:44,USER101753,USER102323,1367.62,P2P Transfer,Android,Delhi,21,0,
TXN105051,2026-09-07 21:46:29,USER100971,USER100662,191.35,Fuel,Android,Ahmedabad,21,0,
TXN105052,2026-09-07 21:47:11,USER102559,USER101365,301.24,Utility Bills,iOS,Kolkata,21,0,
TXN105053,2026-09-07 21:47:41,USER101360,USER101510,91.53,Fuel,Android,Chennai,21,0,
TXN105054,2026-09-07 21:48:31,USER100293,USER100759,862.15,Shopping,Android,Bengaluru,21,0,
TXN105055,2026-09-07 21:50:10,USER100494,USER101447,450.39,Food & Dining,Android,Bengaluru,21,0,
TXN105056,2026-09-07 21:50:18,USER102937,USER100027,819.57,Travel,Android,Delhi,21,0,
TXN105057,2026-09-07 21:53:00,USER100437,USER101797,818.72,Fuel,Android,Jaipur,21,0,
TXN105058,2026-09-07 21:54:45,USER102558,USER101688,86.15,Mobile Recharge,Android,Indore,21,0,
TXN105059,2026-09-07 21:56:02,USER101285,USER102087,238.39,Entertainment,Android,Mumbai,21,0,
TXN105060,2026-09-07 22:01:57,USER101017,MERCH201357,81.81,Food & Dining,Android,Kolkata,22,0,
TXN105061,2026-09-07 22:06:03,USER102047,USER101953,639.43,Grocery,Android,Mumbai,22,0,
TXN105062,2026-09-07 22:06:22,USER101366,MERCH200337,236.81,Shopping,Android,Kolkata,22,0,
TXN105063,2026-09-07 22:10:03,USER100069,MERCH200644,244.99,Mobile Recharge,Android,Kolkata,22,0,
TXN105064,2026-09-07 22:10:32,USER101443,USER100206,223.35,Utility Bills,Android,Patna,22,0,
TXN105065,2026-09-07 22:10:54,USER101324,USER100167,281.56,Entertainment,iOS,Delhi,22,0,
TXN105066,2026-09-07 22:12:49,USER100270,USER101188,269.57,Food & Dining,Android,Kolkata,22,0,
TXN105067,2026-09-07 22:22:10,USER101785,MERCH201228,70.42,Mobile Recharge,Android,Mumbai,22,0,
TXN105068,2026-09-07 22:25:58,USER101081,MERCH200123,254.86,Shopping,Android,Mumbai,22,0,
TXN105069,2026-09-07 22:26:23,USER101604,MERCH200979,317.7,Utility Bills,Android,Delhi,22,0,
TXN105070,2026-09-07 22:37:34,USER101319,USER101874,168.16,Grocery,Android,Lucknow,22,0,
TXN105071,2026-09-07 22:38:26,USER100360,MERCH200924,413.95,Grocery,Android,Indore,22,0,
TXN105072,2026-09-07 22:39:01,USER102333,USER100109,484.67,P2P Transfer,Android,Chennai,22,0,
TXN105073,2026-09-07 22:39:26,USER100241,MERCH200234,527.29,Utility Bills,iOS,Pune,22,0,
TXN105074,2026-09-07 22:39:30,USER100926,USER101404,275.87,Fuel,Android,Bengaluru,22,0,
TXN105075,2026-09-07 22:41:18,USER100837,MERCH200927,569.9,Fuel,Android,Bengaluru,22,0,
TXN105076,2026-09-07 22:45:22,USER101519,MERCH200669,542.31,Grocery,Android,Kolkata,22,0,
TXN105077,2026-09-07 22:48:56,USER100486,USER101109,324.19,Fuel,Android,Pune,22,0,
TXN105078,2026-09-07 22:49:33,USER102484,USER101462,149.27,Food & Dining,Android,Ahmedabad,22,0,
TXN105079,2026-09-07 22:51:30,USER101203,USER101734,299.6,Fuel,Android,Mumbai,22,0,
TXN105080,2026-09-07 22:55:40,USER100742,USER102355,125.37,Mobile Recharge,Android,Delhi,22,0,
TXN105081,2026-09-07 23:21:11,USER100641,USER102281,285.86,Fuel,Android,Pune,23,0,
TXN105082,2026-09-07 23:31:27,USER102144,MERCH201213,167.41,Food & Dining,Android,Mumbai,23,0,
TXN105083,2026-09-07 23:40:36,USER100383,USER102441,3547.66,Mobile Recharge,Android,Delhi,23,0,
TXN105084,2026-09-07 23:40:36,USER102749,USER100791,453.36,Travel,Android,Jaipur,23,0,
TXN105085,2026-09-07 23:50:21,USER100177,USER100473,949.79,Entertainment,Android,Kolkata,23,0,
TXN105086,2026-09-07 23:55:26,USER102054,MERCH200019,718.96,Fuel,Android,Hyderabad,23,0,
TXN105087,2026-09-08 00:05:00,USER101699,USER101032,9963.25,Travel,Android,Indore,0,1,odd_hour_high_amount
TXN105088,2026-09-08 00:05:26,USER102367,USER100544,149.02,Fuel,Android,Ahmedabad,0,0,
TXN105089,2026-09-08 00:20:47,USER101112,MERCH200670,455.6,Healthcare,Android,Chennai,0,0,
TXN105090,2026-09-08 01:07:47,USER102151,USER101395,191.46,Utility Bills,iOS,Jaipur,1,0,
TXN105091,2026-09-08 01:21:00,USER101017,USER100688,26033.11,Fuel,Android,Ahmedabad,1,1,odd_hour_high_amount
TXN105092,2026-09-08 01:46:12,USER101922,USER102402,1141.38,Fuel,Android,Patna,1,0,
TXN105093,2026-09-08 02:22:00,USER102313,USER102038,151.07,Mobile Recharge,Android,Hyderabad,2,0,
TXN105094,2026-09-08 03:16:36,USER102499,USER100212,843.03,Food & Dining,iOS,Mumbai,3,0,
TXN105095,2026-09-08 03:26:00,USER102077,USER102090,2382.25,P2P Transfer,Android,Bengaluru,3,1,velocity_burst
TXN105096,2026-09-08 03:53:00,USER102530,USER102465,36627.7,Fuel,iOS,Pune,3,1,odd_hour_high_amount
TXN105097,2026-09-08 04:49:30,USER102976,USER102433,448.77,Utility Bills,Android,Patna,4,0,
TXN105098,2026-09-08 05:36:34,USER102955,MERCH200419,702.54,Travel,iOS,Lucknow,5,0,
TXN105099,2026-09-08 05:58:52,USER100638,MERCH200127,216.68,Travel,iOS,Chennai,5,0,
TXN105100,2026-09-08 06:01:52,USER100299,USER100748,648.69,P2P Transfer,Android,Mumbai,6,0,
TXN105101,2026-09-08 06:13:23,USER100067,USER102236,47.67,P2P Transfer,iOS,Delhi,6,0,
TXN105102,2026-09-08 06:15:57,USER101211,MERCH200598,231.54,Shopping,Android,Delhi,6,0,
TXN105103,2026-09-08 06:37:22,USER101691,USER102881,210.03,Food & Dining,iOS,Mumbai,6,0,
TXN105104,2026-09-08 06:45:41,USER100494,MERCH201024,737.95,Shopping,Android,Chennai,6,0,
TXN105105,2026-09-08 06:49:47,USER101745,USER102704,325.17,Shopping,Android,Patna,6,0,
TXN105106,2026-09-08 07:00:07,USER101844,MERCH200221,1043.7,P2P Transfer,iOS,Indore,7,0,
TXN105107,2026-09-08 07:02:46,USER100709,MERCH200962,804.81,Travel,iOS,Jaipur,7,0,
TXN105108,2026-09-08 07:03:32,USER100415,MERCH200502,373.69,Fuel,Android,Kolkata,7,0,
TXN105109,2026-09-08 07:05:42,USER102242,USER102719,80.91,Shopping,Android,Pune,7,0,
TXN105110,2026-09-08 07:13:00,USER102384,MERCH200066,438.43,Travel,iOS,Delhi,7,0,
TXN105111,2026-09-08 07:14:40,USER100965,MERCH201212,332.56,Healthcare,Android,Hyderabad,7,0,
TXN105112,2026-09-08 07:21:57,USER100034,MERCH200942,403.78,Utility Bills,iOS,Delhi,7,0,
TXN105113,2026-09-08 07:23:37,USER102096,USER100619,357.83,Shopping,Android,Chennai,7,0,
TXN105114,2026-09-08 07:24:37,USER101568,USER101810,207.57,Entertainment,Android,Delhi,7,0,
TXN105115,2026-09-08 07:25:23,USER102753,USER102545,296.09,Utility Bills,iOS,Indore,7,0,
TXN105116,2026-09-08 07:32:38,USER101981,USER102983,15219.12,Travel,New Device,Bengaluru,7,1,new_device_high
TXN105117,2026-09-08 07:35:34,USER100882,USER101721,161.14,Fuel,iOS,Pune,7,0,
TXN105118,2026-09-08 07:50:32,USER101258,USER101446,38.24,Utility Bills,iOS,Kolkata,7,0,
TXN105119,2026-09-08 07:51:37,USER102445,USER102430,325.14,Mobile Recharge,Android,Ahmedabad,7,0,
TXN105120,2026-09-08 08:02:31,USER101754,USER100065,881.81,Utility Bills,Android,Hyderabad,8,0,
TXN105121,2026-09-08 08:05:02,USER102122,USER100176,695.11,Healthcare,Android,Delhi,8,0,
TXN105122,2026-09-08 08:06:13,USER101348,USER100253,373.05,Travel,Android,Pune,8,0,
TXN105123,2026-09-08 08:07:01,USER100347,USER102875,121.96,Food & Dining,Android,Hyderabad,8,0,
TXN105124,2026-09-08 08:07:15,USER100923,USER102037,67.27,Utility Bills,Android,Bengaluru,8,0,
TXN105125,2026-09-08 08:11:42,USER102506,USER100811,348.2,Healthcare,iOS,Pune,8,0,
TXN105126,2026-09-08 08:12:26,USER102899,USER100499,1261.41,Healthcare,Android,Chennai,8,0,
TXN105127,2026-09-08 08:16:02,USER102399,MERCH200457,1572.04,Grocery,iOS,Chennai,8,0,
TXN105128,2026-09-08 08:16:19,USER102770,USER100604,297.83,Fuel,Android,Ahmedabad,8,0,
TXN105129,2026-09-08 08:16:44,USER102038,USER100645,986.21,Grocery,Android,Patna,8,0,
TXN105130,2026-09-08 08:16:51,USER100896,USER101679,392.68,Shopping,Android,Pune,8,0,
TXN105131,2026-09-08 08:17:05,USER100841,USER102482,589.26,Fuel,Android,Mumbai,8,0,
TXN105132,2026-09-08 08:19:54,USER102280,USER101107,467.04,Shopping,Android,Bengaluru,8,0,
TXN105133,2026-09-08 08:21:33,USER101409,USER101918,152.81,Shopping,Android,Mumbai,8,0,
TXN105134,2026-09-08 08:23:32,USER102995,USER100250,419.34,Travel,Android,Pune,8,0,
TXN105135,2026-09-08 08:26:21,USER102093,USER102893,159.89,Entertainment,Android,Ahmedabad,8,0,
TXN105136,2026-09-08 08:27:15,USER101252,USER102646,719.75,Food & Dining,Android,Ahmedabad,8,0,
TXN105137,2026-09-08 08:27:31,USER101090,MERCH200925,295.79,Shopping,Android,Pune,8,0,
TXN105138,2026-09-08 08:27:43,USER100552,USER101010,2665.96,Shopping,Android,Jaipur,8,0,
TXN105139,2026-09-08 08:28:05,USER102659,USER102033,398.44,Fuel,iOS,Hyderabad,8,0,
TXN105140,2026-09-08 08:29:36,USER100605,USER100229,53.81,Mobile Recharge,Android,Mumbai,8,0,
TXN105141,2026-09-08 08:32:23,USER100104,MERCH200986,129.91,Shopping,Android,Delhi,8,0,
TXN105142,2026-09-08 08:32:50,USER101105,USER100165,2019.12,Entertainment,Android,Mumbai,8,0,
TXN105143,2026-09-08 08:32:56,USER100753,USER102006,1927.9,Entertainment,Android,Mumbai,8,0,
TXN105144,2026-09-08 08:33:26,USER101098,USER100205,645.97,Utility Bills,iOS,Mumbai,8,0,
TXN105145,2026-09-08 08:35:34,USER100638,USER101646,667.84,Grocery,Android,Jaipur,8,0,
TXN105146,2026-09-08 08:36:43,USER102415,MERCH200239,152.24,Travel,Android,Hyderabad,8,0,
TXN105147,2026-09-08 08:38:40,USER101176,USER100795,296.47,Mobile Recharge,Android,Bengaluru,8,0,
TXN105148,2026-09-08 08:40:13,USER101384,MERCH201007,72.13,Entertainment,iOS,Patna,8,0,
TXN105149,2026-09-08 08:42:17,USER100902,USER100445,1119.86,Healthcare,Android,Bengaluru,8,0,
TXN105150,2026-09-08 08:43:46,USER102815,USER101961,1407.84,Utility Bills,Android,Kolkata,8,0,
TXN105151,2026-09-08 08:49:28,USER100888,USER100275,944.65,P2P Transfer,Android,Mumbai,8,0,
TXN105152,2026-09-08 08:50:05,USER101927,USER102666,526.19,Food & Dining,Android,Pune,8,0,
TXN105153,2026-09-08 08:50:10,USER100178,USER102948,146.19,Mobile Recharge,Android,Bengaluru,8,0,
TXN105154,2026-09-08 08:51:38,USER101912,USER102153,906.31,Grocery,Android,Jaipur,8,0,
TXN105155,2026-09-08 08:54:12,USER101438,USER100813,48.05,Travel,Android,Chennai,8,0,
TXN105156,2026-09-08 08:55:27,USER102456,USER101691,2188.6,Entertainment,Android,Pune,8,0,
TXN105157,2026-09-08 08:59:51,USER100585,MERCH201458,383.83,Utility Bills,Android,Hyderabad,8,0,
TXN105158,2026-09-08 09:00:02,USER101041,USER101590,101.56,Healthcare,Android,Hyderabad,9,0,
TXN105159,2026-09-08 09:00:43,USER100482,USER100745,1809.39,Entertainment,Android,Mumbai,9,0,
TXN105160,2026-09-08 09:02:09,USER101989,USER100104,998.82,P2P Transfer,iOS,Pune,9,0,
TXN105161,2026-09-08 09:02:16,USER102352,USER100916,435.02,Healthcare,Android,Chennai,9,0,
TXN105162,2026-09-08 09:02:43,USER101006,USER101824,2052.8,Entertainment,Android,Indore,9,0,
TXN105163,2026-09-08 09:06:16,USER100489,MERCH201324,771.4,Entertainment,Android,Delhi,9,0,
TXN105164,2026-09-08 09:07:14,USER101096,USER102698,113.02,Entertainment,Android,Pune,9,0,
TXN105165,2026-09-08 09:08:19,USER102708,USER101398,299.79,Travel,Android,Bengaluru,9,0,
TXN105166,2026-09-08 09:09:02,USER101283,USER100398,225.86,Food & Dining,Android,Chennai,9,0,
TXN105167,2026-09-08 09:10:48,USER101058,USER102862,678.46,Food & Dining,Android,Indore,9,0,
TXN105168,2026-09-08 09:12:52,USER102293,USER101134,446.34,Grocery,Android,Bengaluru,9,0,
TXN105169,2026-09-08 09:13:40,USER101746,USER102660,2238.18,Travel,iOS,Delhi,9,0,
TXN105170,2026-09-08 09:16:49,USER100709,USER100434,286.89,Fuel,iOS,Hyderabad,9,0,
TXN105171,2026-09-08 09:17:02,USER101164,USER100886,465.08,P2P Transfer,Android,Hyderabad,9,0,
TXN105172,2026-09-08 09:17:21,USER101748,MERCH200765,694.89,Grocery,Android,Pune,9,0,
TXN105173,2026-09-08 09:21:06,USER101391,MERCH201243,283.95,Shopping,iOS,Delhi,9,0,
TXN105174,2026-09-08 09:21:30,USER100331,MERCH200540,391.62,Fuel,Android,Chennai,9,0,
TXN105175,2026-09-08 09:23:29,USER100638,USER100553,169.36,P2P Transfer,Android,Patna,9,0,
TXN105176,2026-09-08 09:23:34,USER100211,MERCH200023,306.09,Mobile Recharge,Android,Hyderabad,9,0,
TXN105177,2026-09-08 09:23:52,USER102225,USER101212,409.64,Food & Dining,Android,Bengaluru,9,0,
TXN105178,2026-09-08 09:24:17,USER100579,USER101353,467.08,Shopping,Android,Mumbai,9,0,
TXN105179,2026-09-08 09:25:09,USER102069,USER102931,190.5,P2P Transfer,Android,Ahmedabad,9,0,
TXN105180,2026-09-08 09:27:30,USER102899,USER102334,242.57,Grocery,iOS,Jaipur,9,0,
TXN105181,2026-09-08 09:27:47,USER100152,MERCH200322,508.02,Fuel,Android,Hyderabad,9,0,
TXN105182,2026-09-08 09:28:16,USER100587,MERCH200102,136.84,Fuel,Android,Bengaluru,9,0,
TXN105183,2026-09-08 09:29:34,USER101575,USER100866,334.23,Healthcare,Android,Jaipur,9,0,
TXN105184,2026-09-08 09:30:35,USER100993,USER102749,163.84,Healthcare,Android,Chennai,9,0,
TXN105185,2026-09-08 09:30:38,USER102897,MERCH201009,83.19,Food & Dining,Android,Mumbai,9,0,
TXN105186,2026-09-08 09:30:42,USER102237,USER100831,350.96,Mobile Recharge,Android,Hyderabad,9,0,
TXN105187,2026-09-08 09:32:20,USER100990,USER101374,418.97,Healthcare,Android,Mumbai,9,0,
TXN105188,2026-09-08 09:32:22,USER102686,USER100309,1028.92,Grocery,Android,Jaipur,9,0,
TXN105189,2026-09-08 09:32:37,USER102883,MERCH200266,448.54,Utility Bills,Android,Pune,9,0,
TXN105190,2026-09-08 09:32:41,USER100128,USER100244,2012.4,Shopping,iOS,Ahmedabad,9,0,
TXN105191,2026-09-08 09:33:15,USER101434,MERCH201337,406.95,Fuel,Android,Delhi,9,0,
TXN105192,2026-09-08 09:35:30,USER101075,MERCH200928,92.13,Mobile Recharge,iOS,Pune,9,0,
TXN105193,2026-09-08 09:37:39,USER102873,USER101204,108.23,Mobile Recharge,Android,Indore,9,0,
TXN105194,2026-09-08 09:39:20,USER100416,USER102616,855.95,Entertainment,iOS,Ahmedabad,9,0,
TXN105195,2026-09-08 09:42:16,USER100554,MERCH200519,348.54,Fuel,Android,Lucknow,9,0,
TXN105196,2026-09-08 09:43:40,USER102534,MERCH200690,228.49,P2P Transfer,Android,Mumbai,9,0,
TXN105197,2026-09-08 09:47:56,USER100471,USER100907,650.66,Utility Bills,Android,Lucknow,9,0,
TXN105198,2026-09-08 09:48:09,USER102648,MERCH200037,295.97,Healthcare,Android,Jaipur,9,0,
TXN105199,2026-09-08 09:49:28,USER101999,USER101716,450.86,Mobile Recharge,Android,Delhi,9,0,
TXN105200,2026-09-08 09:50:40,USER101549,MERCH201337,145.19,Grocery,Android,Hyderabad,9,0,
TXN105201,2026-09-08 09:54:13,USER102382,USER100531,383.04,Entertainment,Android,Patna,9,0,
TXN105202,2026-09-08 09:54:29,USER101708,MERCH200223,6579.16,P2P Transfer,Android,Patna,9,0,
TXN105203,2026-09-08 09:55:38,USER100562,USER100833,279.8,Food & Dining,Android,Bengaluru,9,0,
TXN105204,2026-09-08 09:57:02,USER101379,USER102949,806.21,Grocery,Android,Hyderabad,9,0,
TXN105205,2026-09-08 09:57:37,USER101794,USER100746,1253.02,Travel,Android,Chennai,9,0,
TXN105206,2026-09-08 09:57:59,USER101750,USER102575,37.48,Mobile Recharge,Android,Jaipur,9,0,
TXN105207,2026-09-08 09:58:22,USER100969,USER101711,110.49,Healthcare,iOS,Jaipur,9,0,
TXN105208,2026-09-08 10:00:08,USER100458,USER102009,624.82,P2P Transfer,Android,Pune,10,0,
TXN105209,2026-09-08 10:00:40,USER102853,USER101787,349.11,Shopping,Android,Pune,10,0,
TXN105210,2026-09-08 10:01:05,USER102034,USER100366,147.11,Entertainment,Android,Delhi,10,0,
TXN105211,2026-09-08 10:01:55,USER100358,USER100135,118.62,P2P Transfer,Android,Kolkata,10,0,
TXN105212,2026-09-08 10:02:32,USER100962,MERCH200145,114.98,Travel,iOS,Delhi,10,0,
TXN105213,2026-09-08 10:03:53,USER102521,USER102256,333.56,Grocery,iOS,Delhi,10,0,
TXN105214,2026-09-08 10:05:44,USER102117,MERCH201321,153.83,Food & Dining,Android,Hyderabad,10,0,
TXN105215,2026-09-08 10:08:20,USER101960,USER102759,713.04,Utility Bills,Android,Delhi,10,0,
TXN105216,2026-09-08 10:09:43,USER102565,USER100961,54.46,Mobile Recharge,Android,Hyderabad,10,0,
TXN105217,2026-09-08 10:09:43,USER102643,USER101195,30.84,Entertainment,iOS,Jaipur,10,0,
TXN105218,2026-09-08 10:10:53,USER101293,USER102193,438.74,Fuel,iOS,Ahmedabad,10,0,
TXN105219,2026-09-08 10:11:08,USER102735,USER102808,1494.92,Fuel,Android,Kolkata,10,0,
TXN105220,2026-09-08 10:13:20,USER100701,MERCH200867,928.31,Entertainment,iOS,Mumbai,10,0,
TXN105221,2026-09-08 10:15:39,USER102817,MERCH201417,320.44,Utility Bills,iOS,Bengaluru,10,0,
TXN105222,2026-09-08 10:16:32,USER101210,USER102804,1193.3,Healthcare,Android,Kolkata,10,0,
TXN105223,2026-09-08 10:18:03,USER102906,MERCH200985,1463.17,P2P Transfer,Android,Mumbai,10,0,
TXN105224,2026-09-08 10:21:04,USER100749,USER100626,336.18,Travel,Android,Bengaluru,10,0,
TXN105225,2026-09-08 10:26:15,USER101360,MERCH200900,273.56,Fuel,Android,Jaipur,10,0,
TXN105226,2026-09-08 10:26:44,USER100031,USER100346,140.68,Healthcare,iOS,Mumbai,10,0,
TXN105227,2026-09-08 10:27:36,USER101226,USER101817,852.43,Healthcare,Android,Bengaluru,10,0,
TXN105228,2026-09-08 10:27:45,USER102780,USER100621,197.8,P2P Transfer,iOS,Mumbai,10,0,
TXN105229,2026-09-08 10:28:23,USER101066,USER102945,245.33,P2P Transfer,iOS,Chennai,10,0,
TXN105230,2026-09-08 10:29:39,USER102647,USER100375,613.6,Grocery,Android,Delhi,10,0,
TXN105231,2026-09-08 10:31:32,USER101245,USER102462,290.47,P2P Transfer,iOS,Ahmedabad,10,0,
TXN105232,2026-09-08 10:32:15,USER100483,USER101524,245.99,Entertainment,Android,Pune,10,0,
TXN105233,2026-09-08 10:32:18,USER100870,MERCH201439,233.66,Food & Dining,Android,Bengaluru,10,0,
TXN105234,2026-09-08 10:34:13,USER100003,USER101406,25.56,Utility Bills,Android,Chennai,10,0,
TXN105235,2026-09-08 10:36:20,USER101215,USER100883,107.54,P2P Transfer,Android,Kolkata,10,0,
TXN105236,2026-09-08 10:36:54,USER100867,USER102447,120.55,Utility Bills,Android,Pune,10,0,
TXN105237,2026-09-08 10:38:36,USER100381,USER102984,1499.5,Utility Bills,Android,Kolkata,10,0,
TXN105238,2026-09-08 10:40:32,USER101186,MERCH200402,896.53,Food & Dining,Android,Mumbai,10,0,
TXN105239,2026-09-08 10:41:26,USER102370,MERCH200594,424.7,Fuel,Android,Chennai,10,0,
TXN105240,2026-09-08 10:41:49,USER100832,USER100506,276.05,Utility Bills,Android,Delhi,10,0,
TXN105241,2026-09-08 10:42:00,USER102864,USER102957,83.3,Fuel,Android,Ahmedabad,10,0,
TXN105242,2026-09-08 10:42:39,USER101529,USER100951,155.05,Travel,Android,Jaipur,10,0,
TXN105243,2026-09-08 10:43:46,USER100801,USER102065,639.57,Shopping,Android,Bengaluru,10,0,
TXN105244,2026-09-08 10:44:31,USER102800,MERCH200424,1166.36,Shopping,iOS,Delhi,10,0,
TXN105245,2026-09-08 10:44:48,USER101610,MERCH201238,262.32,Entertainment,Android,Patna,10,0,
TXN105246,2026-09-08 10:44:52,USER101369,USER100734,437.85,Mobile Recharge,Android,Delhi,10,0,
TXN105247,2026-09-08 10:45:31,USER102929,USER100228,487.55,Healthcare,iOS,Kolkata,10,0,
TXN105248,2026-09-08 10:45:35,USER102984,MERCH201194,1055.57,Healthcare,Android,Kolkata,10,0,
TXN105249,2026-09-08 10:46:07,USER102889,USER100465,249.64,Shopping,Android,Bengaluru,10,0,
TXN105250,2026-09-08 10:46:10,USER100994,USER101854,124.65,Healthcare,Android,Hyderabad,10,0,
TXN105251,2026-09-08 10:46:20,USER102480,USER101946,236.23,Utility Bills,Android,Delhi,10,0,
TXN105252,2026-09-08 10:46:29,USER102735,USER102992,875.55,Fuel,Android,Kolkata,10,0,
TXN105253,2026-09-08 10:47:03,USER100944,USER100149,800.71,P2P Transfer,Android,Bengaluru,10,0,
TXN105254,2026-09-08 10:47:49,USER100214,USER102782,649.08,Travel,Android,Chennai,10,0,
TXN105255,2026-09-08 10:50:38,USER102718,MERCH201333,1853.13,P2P Transfer,Android,Ahmedabad,10,0,
TXN105256,2026-09-08 10:50:40,USER100235,MERCH200238,302.01,Shopping,Android,Kolkata,10,0,
TXN105257,2026-09-08 10:51:07,USER101700,USER101898,894.13,Utility Bills,Android,Chennai,10,0,
TXN105258,2026-09-08 10:52:16,USER100641,MERCH201352,421.52,Food & Dining,Android,Kolkata,10,0,
TXN105259,2026-09-08 10:54:14,USER102816,USER102036,990.5,P2P Transfer,Android,Lucknow,10,0,
TXN105260,2026-09-08 10:54:34,USER101584,USER101167,2641.3,Food & Dining,iOS,Chennai,10,0,
TXN105261,2026-09-08 10:55:01,USER102798,MERCH200342,1106.71,Entertainment,Android,Bengaluru,10,0,
TXN105262,2026-09-08 10:57:42,USER102493,USER102318,521.37,P2P Transfer,iOS,Bengaluru,10,0,
TXN105263,2026-09-08 10:58:02,USER100082,MERCH201282,358.49,Utility Bills,Android,Kolkata,10,0,
TXN105264,2026-09-08 10:59:28,USER100200,USER101066,47.05,Entertainment,Android,Pune,10,0,
TXN105265,2026-09-08 11:03:10,USER102734,MERCH200970,340.72,Healthcare,Android,Delhi,11,0,
TXN105266,2026-09-08 11:04:20,USER102055,MERCH200645,86.26,Grocery,Android,Patna,11,0,
TXN105267,2026-09-08 11:06:39,USER101199,USER102932,467.14,Mobile Recharge,Android,Mumbai,11,0,
TXN105268,2026-09-08 11:06:46,USER101513,USER101849,638.1,Mobile Recharge,Android,Bengaluru,11,0,
TXN105269,2026-09-08 11:06:56,USER100340,USER102432,348.99,Shopping,Android,Mumbai,11,0,
TXN105270,2026-09-08 11:08:06,USER102025,USER101640,116.12,Fuel,Android,Chennai,11,0,
TXN105271,2026-09-08 11:09:33,USER102222,USER100348,207.24,Utility Bills,Android,Chennai,11,0,
TXN105272,2026-09-08 11:09:49,USER101563,MERCH201447,3012.95,Utility Bills,Android,Patna,11,0,
TXN105273,2026-09-08 11:10:57,USER100633,USER100172,275.05,Fuel,Android,Bengaluru,11,0,
TXN105274,2026-09-08 11:11:02,USER100457,USER100560,244.08,Grocery,Android,Indore,11,0,
TXN105275,2026-09-08 11:13:07,USER102139,MERCH200715,1785.22,Grocery,Android,Pune,11,0,
TXN105276,2026-09-08 11:13:57,USER102176,USER100074,160.64,Utility Bills,Android,Bengaluru,11,0,
TXN105277,2026-09-08 11:16:08,USER100681,USER101434,104.71,Grocery,Android,Patna,11,0,
TXN105278,2026-09-08 11:17:05,USER100257,MERCH201444,291.41,Grocery,Android,Jaipur,11,0,
TXN105279,2026-09-08 11:18:57,USER102194,USER100608,1440.7,Food & Dining,Android,Chennai,11,0,
TXN105280,2026-09-08 11:19:29,USER102430,USER100231,410.16,Healthcare,Android,Pune,11,0,
TXN105281,2026-09-08 11:20:09,USER102462,USER100659,107.06,Healthcare,iOS,Patna,11,0,
TXN105282,2026-09-08 11:20:40,USER102437,USER100512,2659.24,Fuel,Android,Pune,11,0,
TXN105283,2026-09-08 11:20:47,USER100327,MERCH200331,1202.08,Fuel,Android,Patna,11,0,
TXN105284,2026-09-08 11:21:17,USER101573,MERCH201264,527.12,Shopping,Android,Bengaluru,11,0,
TXN105285,2026-09-08 11:21:29,USER102197,MERCH200095,348.12,P2P Transfer,Android,Chennai,11,0,
TXN105286,2026-09-08 11:21:48,USER102116,USER101161,88.59,Shopping,Android,Delhi,11,0,
TXN105287,2026-09-08 11:21:52,USER102757,MERCH200646,681.91,Grocery,Android,Bengaluru,11,0,
TXN105288,2026-09-08 11:23:55,USER100307,USER102485,136.3,Utility Bills,Android,Delhi,11,0,
TXN105289,2026-09-08 11:24:01,USER102948,MERCH200660,297.79,Shopping,iOS,Kolkata,11,0,
TXN105290,2026-09-08 11:24:06,USER100863,USER100175,85.64,Fuel,Android,Mumbai,11,0,
TXN105291,2026-09-08 11:26:01,USER102466,USER102910,260.64,P2P Transfer,Android,Bengaluru,11,0,
TXN105292,2026-09-08 11:26:43,USER101577,MERCH201059,363.38,Travel,Android,Chennai,11,0,
TXN105293,2026-09-08 11:27:26,USER101211,USER100454,308.48,Utility Bills,Android,Delhi,11,0,
TXN105294,2026-09-08 11:28:22,USER101600,USER100348,270.69,Grocery,Android,Mumbai,11,0,
TXN105295,2026-09-08 11:31:32,USER101460,USER101850,1320.1,Fuel,Android,Kolkata,11,0,
TXN105296,2026-09-08 11:33:04,USER101625,USER100067,685.65,Entertainment,Android,Pune,11,0,
TXN105297,2026-09-08 11:35:39,USER102480,MERCH200947,102.41,Healthcare,Android,Mumbai,11,0,
TXN105298,2026-09-08 11:36:51,USER100738,MERCH200162,118.83,Food & Dining,Android,Delhi,11,0,
TXN105299,2026-09-08 11:38:51,USER101423,MERCH200798,700.63,Fuel,iOS,Delhi,11,0,
TXN105300,2026-09-08 11:39:12,USER102881,USER100748,267.11,Mobile Recharge,iOS,Mumbai,11,0,
TXN105301,2026-09-08 11:40:31,USER100006,USER102383,40.06,Grocery,Android,Delhi,11,0,
TXN105302,2026-09-08 11:42:26,USER100791,MERCH200596,990.66,Grocery,Android,Hyderabad,11,0,
TXN105303,2026-09-08 11:45:03,USER102158,USER100917,492.0,Entertainment,Android,Bengaluru,11,0,
TXN105304,2026-09-08 11:48:51,USER101075,USER101950,53.25,Grocery,Android,Ahmedabad,11,0,
TXN105305,2026-09-08 11:49:51,USER100318,MERCH201114,709.94,Food & Dining,Android,Kolkata,11,0,
TXN105306,2026-09-08 11:50:25,USER102697,USER100879,473.78,Travel,Android,Mumbai,11,0,
TXN105307,2026-09-08 11:51:15,USER101630,MERCH200550,326.56,Travel,Android,Indore,11,0,
TXN105308,2026-09-08 11:52:12,USER100406,MERCH201142,750.75,Mobile Recharge,Android,Mumbai,11,0,
TXN105309,2026-09-08 11:52:18,USER101132,USER100814,275.53,Food & Dining,Android,Bengaluru,11,0,
TXN105310,2026-09-08 11:53:12,USER102804,MERCH200502,106.39,Shopping,Android,Mumbai,11,0,
TXN105311,2026-09-08 11:53:29,USER102491,MERCH200040,213.78,Food & Dining,Android,Bengaluru,11,0,
TXN105312,2026-09-08 11:56:33,USER100684,USER100071,72.52,Travel,iOS,Delhi,11,0,
TXN105313,2026-09-08 11:56:36,USER100998,USER102955,173.22,Mobile Recharge,Android,Ahmedabad,11,0,
TXN105314,2026-09-08 11:57:10,USER100612,MERCH201278,211.28,Grocery,iOS,Pune,11,0,
TXN105315,2026-09-08 11:57:47,USER101251,MERCH200276,91.15,Fuel,iOS,Pune,11,0,
TXN105316,2026-09-08 11:59:13,USER100375,USER100339,88.81,Utility Bills,iOS,Mumbai,11,0,
TXN105317,2026-09-08 11:59:16,USER102093,USER102319,134.71,Entertainment,Android,Chennai,11,0,
TXN105318,2026-09-08 12:00:51,USER101650,USER101767,43.27,Shopping,Android,Chennai,12,0,
TXN105319,2026-09-08 12:01:34,USER102262,MERCH200526,93.65,Utility Bills,Android,Bengaluru,12,0,
TXN105320,2026-09-08 12:01:58,USER101328,USER100664,195.22,P2P Transfer,Android,Kolkata,12,0,
TXN105321,2026-09-08 12:02:04,USER100041,MERCH200490,518.1,Travel,Android,Bengaluru,12,0,
TXN105322,2026-09-08 12:02:45,USER102043,USER101561,1792.94,P2P Transfer,Android,Pune,12,0,
TXN105323,2026-09-08 12:03:15,USER102963,USER100396,148.99,Shopping,Android,Chennai,12,0,
TXN105324,2026-09-08 12:05:46,USER101127,USER101908,364.25,Fuel,iOS,Hyderabad,12,0,
TXN105325,2026-09-08 12:06:08,USER101902,MERCH201272,932.41,Shopping,Android,Mumbai,12,0,
TXN105326,2026-09-08 12:07:41,USER100506,USER102725,125.79,Entertainment,Android,Delhi,12,0,
TXN105327,2026-09-08 12:09:19,USER100534,MERCH200486,247.35,Travel,Android,Delhi,12,0,
TXN105328,2026-09-08 12:09:39,USER100775,USER101522,840.03,Utility Bills,iOS,Kolkata,12,0,
TXN105329,2026-09-08 12:11:20,USER102461,USER101325,508.66,Travel,Android,Pune,12,0,
TXN105330,2026-09-08 12:11:23,USER101372,USER100360,485.35,Fuel,Android,Hyderabad,12,0,
TXN105331,2026-09-08 12:12:01,USER100975,USER102979,134.5,Utility Bills,Android,Bengaluru,12,0,
TXN105332,2026-09-08 12:12:06,USER101293,USER100025,163.43,Utility Bills,Android,Kolkata,12,0,
TXN105333,2026-09-08 12:13:30,USER101122,USER102910,247.73,P2P Transfer,iOS,Jaipur,12,0,
TXN105334,2026-09-08 12:14:04,USER101352,MERCH201072,611.46,P2P Transfer,Android,Hyderabad,12,0,
TXN105335,2026-09-08 12:14:39,USER101896,USER101420,1016.13,Utility Bills,Android,Patna,12,0,
TXN105336,2026-09-08 12:15:18,USER100060,USER102941,249.16,Utility Bills,iOS,Mumbai,12,0,
TXN105337,2026-09-08 12:17:59,USER101541,USER101101,29.82,P2P Transfer,Android,Mumbai,12,0,
TXN105338,2026-09-08 12:19:29,USER101807,USER100087,242.79,Shopping,iOS,Mumbai,12,0,
TXN105339,2026-09-08 12:19:45,USER101241,MERCH201009,62.96,Grocery,iOS,Bengaluru,12,0,
TXN105340,2026-09-08 12:20:04,USER101690,MERCH200560,365.65,Utility Bills,iOS,Delhi,12,0,
TXN105341,2026-09-08 12:24:54,USER101603,USER101686,1294.86,P2P Transfer,Android,Jaipur,12,0,
TXN105342,2026-09-08 12:24:56,USER101416,MERCH200076,551.56,Travel,iOS,Kolkata,12,0,
TXN105343,2026-09-08 12:26:40,USER100361,MERCH201336,219.99,Food & Dining,Android,Delhi,12,0,
TXN105344,2026-09-08 12:27:13,USER100910,USER100933,399.84,Entertainment,iOS,Ahmedabad,12,0,
TXN105345,2026-09-08 12:27:51,USER100276,USER101428,2129.0,Utility Bills,Android,Jaipur,12,0,
TXN105346,2026-09-08 12:28:57,USER102761,USER100901,212.5,Utility Bills,Android,Bengaluru,12,0,
TXN105347,2026-09-08 12:29:54,USER101302,USER101460,659.84,Entertainment,Android,Patna,12,0,
TXN105348,2026-09-08 12:30:16,USER102020,MERCH200103,874.84,Fuel,Android,Jaipur,12,0,
TXN105349,2026-09-08 12:30:55,USER102514,USER101494,1220.31,Healthcare,Android,Bengaluru,12,0,
TXN105350,2026-09-08 12:31:53,USER101081,MERCH201294,453.2,Fuel,Android,Mumbai,12,0,
TXN105351,2026-09-08 12:32:19,USER101729,USER102631,84.09,Shopping,iOS,Delhi,12,0,
TXN105352,2026-09-08 12:38:01,USER102648,MERCH200827,252.98,P2P Transfer,Android,Bengaluru,12,0,
TXN105353,2026-09-08 12:40:22,USER101781,MERCH200772,275.57,Healthcare,Android,Kolkata,12,0,
TXN105354,2026-09-08 12:41:49,USER100936,USER101545,3300.77,Utility Bills,iOS,Delhi,12,0,
TXN105355,2026-09-08 12:43:08,USER101630,MERCH201488,167.15,Healthcare,Android,Pune,12,0,
TXN105356,2026-09-08 12:44:54,USER101886,USER100122,317.78,Grocery,Android,Mumbai,12,0,
TXN105357,2026-09-08 12:45:46,USER102799,MERCH200718,103.88,Travel,iOS,Bengaluru,12,0,
TXN105358,2026-09-08 12:45:52,USER100150,USER100809,1498.09,P2P Transfer,Android,Delhi,12,0,
TXN105359,2026-09-08 12:46:43,USER100751,MERCH200264,475.5,Mobile Recharge,Android,Delhi,12,0,
TXN105360,2026-09-08 12:47:49,USER101886,USER100174,77.8,Fuel,Android,Delhi,12,0,
TXN105361,2026-09-08 12:49:53,USER101640,USER100329,650.15,Mobile Recharge,Android,Pune,12,0,
TXN105362,2026-09-08 12:50:58,USER102809,USER100239,1611.04,Fuel,iOS,Hyderabad,12,0,
TXN105363,2026-09-08 12:51:35,USER102732,USER101663,1126.66,Travel,Android,Mumbai,12,0,
TXN105364,2026-09-08 12:52:18,USER101505,USER100597,197.12,Mobile Recharge,Android,Chennai,12,0,
TXN105365,2026-09-08 12:53:31,USER101339,USER102445,1547.21,P2P Transfer,Android,Jaipur,12,0,
TXN105366,2026-09-08 12:57:56,USER102128,USER101913,932.16,Utility Bills,Android,Mumbai,12,0,
TXN105367,2026-09-08 12:58:32,USER100415,MERCH200117,104.59,Utility Bills,Android,Delhi,12,0,
TXN105368,2026-09-08 12:58:47,USER100492,USER100256,736.28,Grocery,Android,Lucknow,12,0,
TXN105369,2026-09-08 13:01:17,USER101067,USER100946,20000.0,Utility Bills,Android,Mumbai,13,1,round_number
TXN105370,2026-09-08 13:02:30,USER100131,USER102469,73.75,P2P Transfer,iOS,Hyderabad,13,0,
TXN105371,2026-09-08 13:02:36,USER101559,MERCH200109,224.59,Utility Bills,iOS,Kolkata,13,0,
TXN105372,2026-09-08 13:04:27,USER102130,USER100555,362.3,Utility Bills,Android,Chennai,13,0,
TXN105373,2026-09-08 13:05:36,USER100027,USER101436,268.51,Shopping,Android,Chennai,13,0,
TXN105374,2026-09-08 13:06:31,USER101615,USER100212,110.16,Utility Bills,Android,Kolkata,13,0,
TXN105375,2026-09-08 13:09:52,USER101705,USER101750,246.19,Utility Bills,Android,Pune,13,0,
TXN105376,2026-09-08 13:10:23,USER102310,USER102563,2142.3,P2P Transfer,Android,Hyderabad,13,0,
TXN105377,2026-09-08 13:10:31,USER101318,MERCH200234,828.45,Shopping,Android,Ahmedabad,13,0,
TXN105378,2026-09-08 13:10:35,USER101712,USER102059,58.83,P2P Transfer,iOS,Chennai,13,0,
TXN105379,2026-09-08 13:10:44,USER101683,MERCH200159,561.88,Healthcare,Android,Delhi,13,0,
TXN105380,2026-09-08 13:11:18,USER102760,MERCH201338,220.21,Mobile Recharge,Android,Mumbai,13,0,
TXN105381,2026-09-08 13:12:33,USER101655,MERCH200574,104.42,Shopping,Android,Mumbai,13,0,
TXN105382,2026-09-08 13:12:57,USER101458,USER101437,132.8,P2P Transfer,Android,Mumbai,13,0,
TXN105383,2026-09-08 13:16:08,USER102067,USER100012,88.43,Grocery,Android,Kolkata,13,0,
TXN105384,2026-09-08 13:16:17,USER101893,USER102850,346.16,Shopping,Android,Chennai,13,0,
TXN105385,2026-09-08 13:18:29,USER102010,USER101787,170.71,Fuel,Android,Bengaluru,13,0,
TXN105386,2026-09-08 13:19:16,USER102099,USER100137,105.98,Healthcare,Android,Hyderabad,13,0,
TXN105387,2026-09-08 13:19:28,USER101037,USER101073,557.67,Food & Dining,Android,Ahmedabad,13,0,
TXN105388,2026-09-08 13:19:35,USER101991,USER102610,712.97,Food & Dining,Android,Hyderabad,13,0,
TXN105389,2026-09-08 13:21:12,USER100742,USER100518,558.3,Food & Dining,Android,Mumbai,13,0,
TXN105390,2026-09-08 13:21:21,USER101302,USER100526,208.48,Food & Dining,iOS,Hyderabad,13,0,
TXN105391,2026-09-08 13:21:54,USER100431,MERCH201400,44.29,Entertainment,Android,Jaipur,13,0,
TXN105392,2026-09-08 13:21:59,USER101908,USER102912,1275.52,Fuel,Android,Jaipur,13,0,
TXN105393,2026-09-08 13:22:22,USER101900,MERCH200680,128.68,Fuel,Android,Delhi,13,0,
TXN105394,2026-09-08 13:22:42,USER100849,USER102798,1614.02,Food & Dining,Android,Bengaluru,13,0,
TXN105395,2026-09-08 13:23:18,USER102379,MERCH201036,143.2,Entertainment,Android,Delhi,13,0,
TXN105396,2026-09-08 13:23:42,USER101171,USER100769,1601.56,Entertainment,Android,Delhi,13,0,
TXN105397,2026-09-08 13:29:24,USER100516,USER100029,1316.32,Fuel,Android,Delhi,13,0,
TXN105398,2026-09-08 13:29:46,USER101928,USER102906,176.93,Fuel,Android,Kolkata,13,0,
TXN105399,2026-09-08 13:29:59,USER102822,MERCH200418,1177.47,Utility Bills,Android,Delhi,13,0,
TXN105400,2026-09-08 13:32:23,USER100821,USER101803,610.58,Healthcare,Android,Mumbai,13,0,
TXN105401,2026-09-08 13:33:01,USER100812,USER102358,784.69,Entertainment,iOS,Delhi,13,0,
TXN105402,2026-09-08 13:36:14,USER100722,USER102247,932.29,P2P Transfer,iOS,Mumbai,13,0,
TXN105403,2026-09-08 13:36:35,USER101775,MERCH200577,5158.57,Shopping,Android,Mumbai,13,0,
TXN105404,2026-09-08 13:37:29,USER100311,USER101325,555.8,Shopping,iOS,Bengaluru,13,0,
TXN105405,2026-09-08 13:38:01,USER100041,USER102865,114.4,Utility Bills,Android,Mumbai,13,0,
TXN105406,2026-09-08 13:38:42,USER100872,USER102325,313.47,Fuel,Android,Hyderabad,13,0,
TXN105407,2026-09-08 13:38:45,USER102400,USER101002,37.06,Entertainment,iOS,Bengaluru,13,0,
TXN105408,2026-09-08 13:38:51,USER101779,USER100905,984.15,Food & Dining,iOS,Indore,13,0,
TXN105409,2026-09-08 13:39:50,USER100617,USER102500,183.63,Travel,iOS,Chennai,13,0,
TXN105410,2026-09-08 13:40:11,USER102454,MERCH200603,102.93,Utility Bills,Android,Delhi,13,0,
TXN105411,2026-09-08 13:42:14,USER102233,USER101040,26.51,P2P Transfer,Android,Patna,13,0,
TXN105412,2026-09-08 13:42:15,USER100494,USER102894,369.85,Grocery,Android,Pune,13,0,
TXN105413,2026-09-08 13:46:58,USER100204,USER102052,247.64,Fuel,iOS,Patna,13,0,
TXN105414,2026-09-08 13:47:38,USER102956,MERCH200133,383.45,Mobile Recharge,Android,Hyderabad,13,0,
TXN105415,2026-09-08 13:47:50,USER101228,MERCH200209,179.23,Healthcare,Android,Lucknow,13,0,
TXN105416,2026-09-08 13:47:58,USER100067,USER101076,454.38,Grocery,Android,Delhi,13,0,
TXN105417,2026-09-08 13:49:14,USER101708,USER100229,482.84,Utility Bills,Android,Mumbai,13,0,
TXN105418,2026-09-08 13:51:11,USER102820,MERCH201194,607.51,Grocery,Android,Lucknow,13,0,
TXN105419,2026-09-08 13:51:35,USER101216,USER102544,489.39,Fuel,Android,Mumbai,13,0,
TXN105420,2026-09-08 13:51:49,USER102554,MERCH200513,335.11,Entertainment,iOS,Pune,13,0,
TXN105421,2026-09-08 13:51:52,USER102790,MERCH201345,1074.16,P2P Transfer,Android,Delhi,13,0,
TXN105422,2026-09-08 13:53:11,USER102778,USER101358,39.54,Shopping,Android,Kolkata,13,0,
TXN105423,2026-09-08 13:53:24,USER102218,USER102759,319.42,Utility Bills,iOS,Bengaluru,13,0,
TXN105424,2026-09-08 13:54:26,USER102333,USER102337,676.01,Travel,Android,Bengaluru,13,0,
TXN105425,2026-09-08 13:54:38,USER101962,USER101880,1238.48,Mobile Recharge,Android,Jaipur,13,0,
TXN105426,2026-09-08 13:55:11,USER101661,USER101566,710.88,Travel,Android,Pune,13,0,
TXN105427,2026-09-08 13:56:05,USER102570,MERCH201328,48.4,Grocery,Android,Chennai,13,0,
TXN105428,2026-09-08 13:59:34,USER102879,MERCH201428,255.56,Healthcare,Android,Pune,13,0,
TXN105429,2026-09-08 14:00:01,USER102868,USER100576,1893.59,Mobile Recharge,Android,Delhi,14,0,
TXN105430,2026-09-08 14:00:37,USER100318,USER101995,141.43,Travel,Android,Jaipur,14,0,
TXN105431,2026-09-08 14:03:25,USER102235,USER102492,129.95,Travel,Android,Pune,14,0,
TXN105432,2026-09-08 14:05:20,USER101010,USER100009,825.73,Grocery,Android,Bengaluru,14,0,
TXN105433,2026-09-08 14:06:56,USER101870,MERCH200270,225.69,Food & Dining,Android,Pune,14,0,
TXN105434,2026-09-08 14:08:57,USER100069,USER102943,109.73,Travel,Android,Mumbai,14,0,
TXN105435,2026-09-08 14:09:48,USER101173,USER102215,563.84,Fuel,Android,Bengaluru,14,0,
TXN105436,2026-09-08 14:10:12,USER100543,MERCH201202,4723.13,Travel,Android,Ahmedabad,14,0,
TXN105437,2026-09-08 14:10:44,USER101138,USER101920,850.04,Food & Dining,Android,Delhi,14,0,
TXN105438,2026-09-08 14:11:49,USER100034,USER100959,233.54,Grocery,Android,Kolkata,14,0,
TXN105439,2026-09-08 14:12:24,USER102146,MERCH200820,75.61,Healthcare,iOS,Pune,14,0,
TXN105440,2026-09-08 14:13:52,USER100138,MERCH200778,144.33,P2P Transfer,Android,Mumbai,14,0,
TXN105441,2026-09-08 14:14:14,USER100625,USER101728,396.8,Travel,Android,Hyderabad,14,0,
TXN105442,2026-09-08 14:18:52,USER100505,USER102806,217.43,Healthcare,Android,Kolkata,14,0,
TXN105443,2026-09-08 14:21:05,USER101377,MERCH201065,160.89,Fuel,iOS,Chennai,14,0,
TXN105444,2026-09-08 14:22:34,USER101016,USER100608,51.44,Food & Dining,Android,Ahmedabad,14,0,
TXN105445,2026-09-08 14:23:02,USER100861,USER101871,2914.47,Healthcare,Android,Indore,14,0,
TXN105446,2026-09-08 14:24:40,USER101115,MERCH201118,986.42,Grocery,Android,Mumbai,14,0,
TXN105447,2026-09-08 14:25:14,USER102265,USER101921,493.5,P2P Transfer,Android,Delhi,14,0,
TXN105448,2026-09-08 14:25:26,USER100442,MERCH200559,321.79,Mobile Recharge,Android,Kolkata,14,0,
TXN105449,2026-09-08 14:27:52,USER102756,USER101309,303.08,Shopping,iOS,Patna,14,0,
TXN105450,2026-09-08 14:30:51,USER100862,USER101971,83.9,Travel,Android,Kolkata,14,0,
TXN105451,2026-09-08 14:31:39,USER100047,USER102293,483.36,Fuel,Android,Chennai,14,0,
TXN105452,2026-09-08 14:32:30,USER101007,MERCH200753,169.57,Fuel,Android,Mumbai,14,0,
TXN105453,2026-09-08 14:33:03,USER100482,USER100774,202.89,Travel,Android,Pune,14,0,
TXN105454,2026-09-08 14:34:41,USER101696,USER100801,1591.59,Mobile Recharge,Android,Pune,14,0,
TXN105455,2026-09-08 14:35:20,USER100718,MERCH200252,872.9,Mobile Recharge,Android,Delhi,14,0,
TXN105456,2026-09-08 14:35:29,USER102627,MERCH201263,165.15,Travel,Android,Mumbai,14,0,
TXN105457,2026-09-08 14:35:54,USER101281,USER101055,371.96,Mobile Recharge,Android,Lucknow,14,0,
TXN105458,2026-09-08 14:36:07,USER101931,USER101397,257.98,Mobile Recharge,Android,Chennai,14,0,
TXN105459,2026-09-08 14:37:22,USER102458,USER100445,241.59,Grocery,iOS,Chennai,14,0,
TXN105460,2026-09-08 14:38:40,USER101972,USER101623,3047.59,Grocery,Android,Delhi,14,0,
TXN105461,2026-09-08 14:38:58,USER100030,USER102530,200.04,Healthcare,Android,Chennai,14,0,
TXN105462,2026-09-08 14:40:14,USER100138,MERCH201011,583.31,Mobile Recharge,Android,Mumbai,14,0,
TXN105463,2026-09-08 14:42:03,USER101188,USER100970,208.84,Mobile Recharge,Android,Bengaluru,14,0,
TXN105464,2026-09-08 14:42:05,USER102419,MERCH200952,42.36,Food & Dining,Android,Jaipur,14,0,
TXN105465,2026-09-08 14:42:07,USER101715,USER101229,5573.21,Travel,Android,Kolkata,14,0,
TXN105466,2026-09-08 14:43:17,USER100740,USER101586,1071.76,Shopping,Android,Indore,14,0,
TXN105467,2026-09-08 14:43:43,USER100086,USER100732,2321.9,Food & Dining,Android,Kolkata,14,0,
TXN105468,2026-09-08 14:43:48,USER101566,MERCH200849,436.38,Entertainment,Android,Jaipur,14,0,
TXN105469,2026-09-08 14:43:56,USER100468,USER102692,75.66,Food & Dining,Android,Mumbai,14,0,
TXN105470,2026-09-08 14:44:56,USER102927,USER100215,715.56,Utility Bills,Android,Delhi,14,0,
TXN105471,2026-09-08 14:46:03,USER102756,USER100632,300.11,Utility Bills,Android,Mumbai,14,0,
TXN105472,2026-09-08 14:47:58,USER102269,MERCH200887,160.99,Entertainment,Android,Bengaluru,14,0,
TXN105473,2026-09-08 14:52:32,USER102407,USER100954,45.06,Mobile Recharge,Android,Delhi,14,0,
TXN105474,2026-09-08 14:52:36,USER100736,MERCH200558,63.66,Healthcare,Android,Delhi,14,0,
TXN105475,2026-09-08 14:52:38,USER102518,USER100122,721.03,Grocery,Android,Hyderabad,14,0,
TXN105476,2026-09-08 14:53:01,USER101683,USER100889,72.09,Shopping,Android,Delhi,14,0,
TXN105477,2026-09-08 14:54:16,USER102752,USER101168,1297.55,Shopping,Android,Patna,14,0,
TXN105478,2026-09-08 14:55:15,USER102812,USER101628,68.07,Entertainment,Android,Pune,14,0,
TXN105479,2026-09-08 14:55:49,USER100798,USER101174,200.47,Fuel,Android,Indore,14,0,
TXN105480,2026-09-08 14:57:50,USER100677,MERCH201077,175.66,Fuel,Android,Delhi,14,0,
TXN105481,2026-09-08 14:57:54,USER102731,USER100655,438.07,Food & Dining,Android,Patna,14,0,
TXN105482,2026-09-08 15:01:27,USER100812,USER101711,4628.31,P2P Transfer,Android,Kolkata,15,0,
TXN105483,2026-09-08 15:04:08,USER100000,USER102921,241.23,P2P Transfer,Android,Chennai,15,0,
TXN105484,2026-09-08 15:06:00,USER100765,MERCH201357,869.31,Healthcare,Android,Ahmedabad,15,0,
TXN105485,2026-09-08 15:06:02,USER102271,USER102991,428.67,P2P Transfer,Android,Chennai,15,0,
TXN105486,2026-09-08 15:06:32,USER101961,USER101375,558.69,Shopping,Android,Chennai,15,0,
TXN105487,2026-09-08 15:07:28,USER100483,MERCH200184,36.33,Utility Bills,iOS,Mumbai,15,0,
TXN105488,2026-09-08 15:07:31,USER102596,USER100646,70.75,Mobile Recharge,Android,Hyderabad,15,0,
TXN105489,2026-09-08 15:08:38,USER102187,USER101830,2448.7,Fuel,Android,Ahmedabad,15,0,
TXN105490,2026-09-08 15:13:00,USER100427,MERCH200447,756.42,Mobile Recharge,Android,Ahmedabad,15,0,
TXN105491,2026-09-08 15:13:06,USER100936,USER100885,195.96,Entertainment,Android,Delhi,15,0,
TXN105492,2026-09-08 15:14:06,USER102531,MERCH200184,175.2,Mobile Recharge,Android,Delhi,15,0,
TXN105493,2026-09-08 15:14:12,USER100548,USER101661,25000.0,Entertainment,Android,Chennai,15,1,round_number
TXN105494,2026-09-08 15:14:18,USER102818,MERCH200611,179.61,Food & Dining,Android,Mumbai,15,0,
TXN105495,2026-09-08 15:15:35,USER101141,USER101434,223.92,Fuel,Android,Hyderabad,15,0,
TXN105496,2026-09-08 15:17:21,USER100093,USER101667,228.22,Grocery,Android,Jaipur,15,0,
TXN105497,2026-09-08 15:19:22,USER101660,MERCH200746,1261.18,Shopping,iOS,Mumbai,15,0,
TXN105498,2026-09-08 15:20:19,USER101404,MERCH201450,1427.87,Mobile Recharge,Android,Jaipur,15,0,
TXN105499,2026-09-08 15:20:29,USER101812,MERCH200803,271.77,Food & Dining,iOS,Patna,15,0,
TXN105500,2026-09-08 15:20:55,USER100795,MERCH200129,568.18,Food & Dining,iOS,Bengaluru,15,0,
TXN105501,2026-09-08 15:22:44,USER100391,USER101671,211.44,Travel,Android,Delhi,15,0,
TXN105502,2026-09-08 15:24:31,USER100875,USER102915,424.47,Healthcare,Android,Mumbai,15,0,
TXN105503,2026-09-08 15:26:22,USER102406,USER102026,488.35,Grocery,Android,Mumbai,15,0,
TXN105504,2026-09-08 15:28:21,USER101052,USER100747,148.47,Fuel,Android,Mumbai,15,0,
TXN105505,2026-09-08 15:30:41,USER102566,MERCH201404,91.62,Travel,iOS,Mumbai,15,0,
TXN105506,2026-09-08 15:31:00,USER100411,USER100094,272.87,Utility Bills,Android,Mumbai,15,0,
TXN105507,2026-09-08 15:33:26,USER101397,USER100158,795.82,Travel,iOS,Hyderabad,15,0,
TXN105508,2026-09-08 15:35:49,USER100976,USER100721,397.82,Travel,Android,Pune,15,0,
TXN105509,2026-09-08 15:36:31,USER100683,MERCH200877,205.54,Shopping,Android,Mumbai,15,0,
TXN105510,2026-09-08 15:36:46,USER101136,USER102052,177.44,Entertainment,iOS,Bengaluru,15,0,
TXN105511,2026-09-08 15:36:52,USER100618,MERCH201400,515.09,P2P Transfer,Android,Bengaluru,15,0,
TXN105512,2026-09-08 15:37:52,USER101642,USER101231,894.62,Shopping,Android,Pune,15,0,
TXN105513,2026-09-08 15:40:10,USER101246,USER102272,2422.18,Healthcare,iOS,Delhi,15,0,
TXN105514,2026-09-08 15:46:35,USER102940,MERCH200933,1680.01,Utility Bills,iOS,Indore,15,0,
TXN105515,2026-09-08 15:47:06,USER102704,USER102644,307.36,Grocery,Android,Mumbai,15,0,
TXN105516,2026-09-08 15:48:37,USER102077,USER101381,456.55,P2P Transfer,iOS,Bengaluru,15,0,
TXN105517,2026-09-08 15:50:05,USER102927,MERCH201001,384.57,Fuel,Android,Mumbai,15,0,
TXN105518,2026-09-08 15:51:01,USER100027,USER102547,787.3,Healthcare,Android,Lucknow,15,0,
TXN105519,2026-09-08 15:52:52,USER100722,USER101802,1727.58,Fuel,iOS,Delhi,15,0,
TXN105520,2026-09-08 15:55:50,USER102268,MERCH201380,428.25,Mobile Recharge,Android,Delhi,15,0,
TXN105521,2026-09-08 15:56:47,USER102832,MERCH200014,335.42,Fuel,iOS,Chennai,15,0,
TXN105522,2026-09-08 15:56:56,USER101363,MERCH201470,485.12,Shopping,Android,Ahmedabad,15,0,
TXN105523,2026-09-08 15:58:06,USER101724,MERCH201239,352.98,Travel,Android,Chennai,15,0,
TXN105524,2026-09-08 16:00:51,USER101253,MERCH200902,45.87,Food & Dining,Android,Pune,16,0,
TXN105525,2026-09-08 16:04:26,USER102487,MERCH201425,304.51,Healthcare,iOS,Kolkata,16,0,
TXN105526,2026-09-08 16:06:41,USER100031,USER101019,237.04,Entertainment,Android,Lucknow,16,0,
TXN105527,2026-09-08 16:09:00,USER102052,USER101740,507.43,Travel,Android,Pune,16,0,
TXN105528,2026-09-08 16:11:52,USER102341,MERCH200627,477.72,Utility Bills,Android,Ahmedabad,16,0,
TXN105529,2026-09-08 16:12:00,USER101210,MERCH200903,517.42,Utility Bills,iOS,Mumbai,16,0,
TXN105530,2026-09-08 16:12:07,USER101902,MERCH200147,118.16,Utility Bills,Android,Pune,16,0,
TXN105531,2026-09-08 16:12:15,USER101809,USER100603,446.67,Grocery,Android,Delhi,16,0,
TXN105532,2026-09-08 16:13:25,USER102318,MERCH200144,609.84,Mobile Recharge,Android,Hyderabad,16,0,
TXN105533,2026-09-08 16:14:13,USER100205,USER102258,121.01,Grocery,Android,Hyderabad,16,0,
TXN105534,2026-09-08 16:14:51,USER100060,USER102896,510.31,Food & Dining,Android,Patna,16,0,
TXN105535,2026-09-08 16:15:18,USER102453,USER102081,153.16,Mobile Recharge,Android,Indore,16,0,
TXN105536,2026-09-08 16:18:54,USER101519,USER102496,220.97,Food & Dining,Android,Hyderabad,16,0,
TXN105537,2026-09-08 16:20:07,USER100044,USER101126,163.07,P2P Transfer,Android,Hyderabad,16,0,
TXN105538,2026-09-08 16:20:39,USER100061,USER102234,309.14,P2P Transfer,Android,Mumbai,16,0,
TXN105539,2026-09-08 16:21:16,USER102722,USER102867,485.38,Utility Bills,Android,Bengaluru,16,0,
TXN105540,2026-09-08 16:22:12,USER101423,MERCH200218,136.37,Entertainment,Android,Mumbai,16,0,
TXN105541,2026-09-08 16:23:55,USER101671,MERCH200890,193.81,Mobile Recharge,Android,Mumbai,16,0,
TXN105542,2026-09-08 16:24:24,USER102633,MERCH200001,1215.15,Travel,iOS,Chennai,16,0,
TXN105543,2026-09-08 16:24:26,USER100404,USER102917,169.61,Food & Dining,Android,Ahmedabad,16,0,
TXN105544,2026-09-08 16:25:58,USER100467,USER100783,467.29,Mobile Recharge,Android,Patna,16,0,
TXN105545,2026-09-08 16:29:34,USER100056,USER101420,304.82,Travel,Android,Chennai,16,0,
TXN105546,2026-09-08 16:30:41,USER102185,MERCH200751,195.21,Grocery,iOS,Bengaluru,16,0,
TXN105547,2026-09-08 16:31:39,USER102696,MERCH201275,654.08,Grocery,Android,Indore,16,0,
TXN105548,2026-09-08 16:33:35,USER102444,USER102578,1969.85,Entertainment,iOS,Bengaluru,16,0,
TXN105549,2026-09-08 16:34:10,USER100234,MERCH200625,166.64,Mobile Recharge,iOS,Hyderabad,16,0,
TXN105550,2026-09-08 16:37:37,USER100181,USER101842,385.43,Travel,Android,Bengaluru,16,0,
TXN105551,2026-09-08 16:39:43,USER101831,USER101633,1670.97,Grocery,Android,Ahmedabad,16,0,
TXN105552,2026-09-08 16:40:40,USER101165,MERCH201302,1686.87,P2P Transfer,Android,Delhi,16,0,
TXN105553,2026-09-08 16:41:16,USER102903,MERCH200986,182.65,Grocery,Android,Jaipur,16,0,
TXN105554,2026-09-08 16:42:10,USER101681,USER102592,556.14,Shopping,iOS,Mumbai,16,0,
TXN105555,2026-09-08 16:42:18,USER100206,MERCH201389,131.91,Entertainment,Android,Mumbai,16,0,
TXN105556,2026-09-08 16:42:34,USER102147,MERCH200815,1102.71,Mobile Recharge,Android,Chennai,16,0,
TXN105557,2026-09-08 16:43:55,USER100775,USER101044,312.88,Travel,iOS,Pune,16,0,
TXN105558,2026-09-08 16:44:57,USER102693,USER101261,1253.15,Grocery,Android,Delhi,16,0,
TXN105559,2026-09-08 16:47:04,USER101017,MERCH200167,345.79,Entertainment,Android,Chennai,16,0,
TXN105560,2026-09-08 16:48:54,USER100498,USER100329,558.28,Utility Bills,Android,Delhi,16,0,
TXN105561,2026-09-08 16:51:50,USER102039,USER101554,525.36,Healthcare,Android,Mumbai,16,0,
TXN105562,2026-09-08 16:52:40,USER102990,USER102332,314.16,Healthcare,Android,Ahmedabad,16,0,
TXN105563,2026-09-08 16:53:22,USER100258,USER101390,718.27,Fuel,Android,Bengaluru,16,0,
TXN105564,2026-09-08 16:55:32,USER100799,MERCH200609,62.94,Utility Bills,Android,Kolkata,16,0,
TXN105565,2026-09-08 16:56:00,USER102636,USER101110,1381.72,Food & Dining,Android,Ahmedabad,16,0,
TXN105566,2026-09-08 16:56:31,USER100881,MERCH201322,517.82,Shopping,iOS,Pune,16,0,
TXN105567,2026-09-08 16:56:48,USER101850,USER101596,335.65,Fuel,Android,Bengaluru,16,0,
TXN105568,2026-09-08 16:57:16,USER100300,MERCH200374,459.78,Grocery,iOS,Pune,16,0,
TXN105569,2026-09-08 16:57:28,USER101279,USER102497,169.03,Food & Dining,Android,Delhi,16,0,
TXN105570,2026-09-08 16:59:28,USER100448,USER102212,496.83,Grocery,Android,Delhi,16,0,
TXN105571,2026-09-08 16:59:41,USER101832,MERCH200547,139.52,Grocery,Android,Patna,16,0,
TXN105572,2026-09-08 17:00:10,USER102029,MERCH200326,856.21,Grocery,Android,Patna,17,0,
TXN105573,2026-09-08 17:00:34,USER100134,USER102979,77.5,Utility Bills,iOS,Delhi,17,0,
TXN105574,2026-09-08 17:00:53,USER100265,USER102499,466.66,Mobile Recharge,iOS,Bengaluru,17,0,
TXN105575,2026-09-08 17:03:13,USER101198,USER101519,50000.0,Entertainment,Android,Chennai,17,1,round_number
TXN105576,2026-09-08 17:06:43,USER101149,USER101160,1004.22,Fuel,Android,Bengaluru,17,0,
TXN105577,2026-09-08 17:07:34,USER101839,MERCH200074,70.5,Shopping,Android,Hyderabad,17,0,
TXN105578,2026-09-08 17:07:37,USER102049,USER101875,484.34,Grocery,Android,Delhi,17,0,
TXN105579,2026-09-08 17:08:59,USER100604,USER100130,50000.0,Mobile Recharge,Android,Pune,17,1,round_number
TXN105580,2026-09-08 17:10:23,USER102785,MERCH200810,290.14,Entertainment,Android,Pune,17,0,
TXN105581,2026-09-08 17:14:01,USER101240,MERCH201344,562.63,Fuel,Android,Mumbai,17,0,
TXN105582,2026-09-08 17:14:17,USER100265,MERCH201335,427.67,Fuel,Android,Jaipur,17,0,
TXN105583,2026-09-08 17:15:10,USER100912,MERCH200493,297.56,Entertainment,Android,Bengaluru,17,0,
TXN105584,2026-09-08 17:16:24,USER102015,USER102625,141.63,P2P Transfer,Android,Mumbai,17,0,
TXN105585,2026-09-08 17:17:10,USER101731,USER102426,323.85,Shopping,Android,Delhi,17,0,
TXN105586,2026-09-08 17:18:56,USER101621,MERCH200289,960.42,Travel,iOS,Hyderabad,17,0,
TXN105587,2026-09-08 17:19:07,USER100961,MERCH200113,112.08,P2P Transfer,Android,Delhi,17,0,
TXN105588,2026-09-08 17:21:09,USER101571,USER101462,83.93,Shopping,Android,Delhi,17,0,
TXN105589,2026-09-08 17:22:13,USER102345,MERCH200331,785.66,Fuel,Android,Bengaluru,17,0,
TXN105590,2026-09-08 17:23:01,USER102570,MERCH200085,292.64,Utility Bills,Android,Mumbai,17,0,
TXN105591,2026-09-08 17:24:15,USER102329,MERCH200596,1900.12,Utility Bills,Android,Chennai,17,0,
TXN105592,2026-09-08 17:24:51,USER102339,MERCH200458,211.11,P2P Transfer,iOS,Bengaluru,17,0,
TXN105593,2026-09-08 17:24:59,USER101408,USER101516,139.1,Grocery,Android,Delhi,17,0,
TXN105594,2026-09-08 17:24:59,USER102861,USER100508,631.27,Fuel,Android,Delhi,17,0,
TXN105595,2026-09-08 17:25:13,USER100561,MERCH200373,78.22,Fuel,Android,Bengaluru,17,0,
TXN105596,2026-09-08 17:25:19,USER101205,USER100282,1434.6,Healthcare,Android,Mumbai,17,0,
TXN105597,2026-09-08 17:26:30,USER100579,USER100954,708.49,Shopping,Android,Kolkata,17,0,
TXN105598,2026-09-08 17:28:28,USER100686,MERCH200471,319.15,P2P Transfer,Android,Delhi,17,0,
TXN105599,2026-09-08 17:28:43,USER101764,USER101276,323.57,Travel,Android,Bengaluru,17,0,
TXN105600,2026-09-08 17:34:18,USER101297,USER102108,206.57,Utility Bills,Android,Jaipur,17,0,
TXN105601,2026-09-08 17:35:13,USER102751,USER102423,103.3,Shopping,Android,Hyderabad,17,0,
TXN105602,2026-09-08 17:38:25,USER100205,MERCH200054,308.38,P2P Transfer,iOS,Bengaluru,17,0,
TXN105603,2026-09-08 17:39:01,USER102706,USER100457,627.31,Fuel,Android,Kolkata,17,0,
TXN105604,2026-09-08 17:40:58,USER101248,USER100104,327.99,Travel,Android,Jaipur,17,0,
TXN105605,2026-09-08 17:44:05,USER101357,USER100735,651.88,Food & Dining,Android,Delhi,17,0,
TXN105606,2026-09-08 17:44:11,USER102607,USER102317,394.64,Utility Bills,Android,Bengaluru,17,0,
TXN105607,2026-09-08 17:46:22,USER102057,USER100258,2139.34,Shopping,Android,Mumbai,17,0,
TXN105608,2026-09-08 17:47:32,USER102835,MERCH201165,1525.18,Utility Bills,Android,Chennai,17,0,
TXN105609,2026-09-08 17:48:38,USER100818,MERCH201120,60.68,Utility Bills,Android,Delhi,17,0,
TXN105610,2026-09-08 17:48:41,USER100898,MERCH200443,1532.6,Grocery,Android,Patna,17,0,
TXN105611,2026-09-08 17:49:05,USER102507,MERCH201387,216.11,Travel,Android,Delhi,17,0,
TXN105612,2026-09-08 17:49:08,USER100328,USER101144,229.54,Healthcare,Android,Kolkata,17,0,
TXN105613,2026-09-08 17:51:29,USER101657,USER100572,2152.03,Utility Bills,Android,Mumbai,17,0,
TXN105614,2026-09-08 17:52:58,USER102598,USER100549,626.41,Fuel,Android,Delhi,17,0,
TXN105615,2026-09-08 17:53:12,USER100731,USER100287,798.86,Healthcare,Android,Kolkata,17,0,
TXN105616,2026-09-08 17:57:02,USER102961,USER101054,1120.32,Travel,Android,Mumbai,17,0,
TXN105617,2026-09-08 17:57:28,USER102556,USER102845,437.09,Fuel,Android,Bengaluru,17,0,
TXN105618,2026-09-08 17:57:34,USER101484,USER101804,687.4,Utility Bills,iOS,Chennai,17,0,
TXN105619,2026-09-08 18:01:49,USER100154,USER102915,105.09,P2P Transfer,Android,Chennai,18,0,
TXN105620,2026-09-08 18:03:14,USER101973,USER102817,150.7,P2P Transfer,Android,Ahmedabad,18,0,
TXN105621,2026-09-08 18:05:25,USER101077,MERCH200786,164.55,P2P Transfer,Android,Delhi,18,0,
TXN105622,2026-09-08 18:08:35,USER102391,MERCH200764,376.62,Utility Bills,Android,Hyderabad,18,0,
TXN105623,2026-09-08 18:09:37,USER102446,MERCH200832,2688.64,Fuel,Android,Pune,18,0,
TXN105624,2026-09-08 18:09:48,USER102169,MERCH200723,280.88,Fuel,Android,Mumbai,18,0,
TXN105625,2026-09-08 18:09:57,USER102983,MERCH201269,1308.63,Grocery,Android,Bengaluru,18,0,
TXN105626,2026-09-08 18:10:50,USER101289,USER100670,864.75,Fuel,Android,Mumbai,18,0,
TXN105627,2026-09-08 18:11:40,USER100657,MERCH200796,1064.11,Shopping,Android,Bengaluru,18,0,
TXN105628,2026-09-08 18:12:48,USER102975,USER100775,3644.37,Healthcare,Android,Mumbai,18,0,
TXN105629,2026-09-08 18:13:45,USER101068,USER100961,274.42,Utility Bills,Android,Lucknow,18,0,
TXN105630,2026-09-08 18:15:51,USER100335,MERCH200020,260.07,Utility Bills,Android,Mumbai,18,0,
TXN105631,2026-09-08 18:18:55,USER100179,USER101383,74.62,Grocery,Android,Mumbai,18,0,
TXN105632,2026-09-08 18:24:44,USER101635,USER101101,77.47,Shopping,Android,Hyderabad,18,0,
TXN105633,2026-09-08 18:25:18,USER102242,USER101807,114.92,Fuel,Android,Delhi,18,0,
TXN105634,2026-09-08 18:26:34,USER100611,USER100937,53.93,Healthcare,Android,Indore,18,0,
TXN105635,2026-09-08 18:28:01,USER101465,USER100251,159.68,Entertainment,iOS,Bengaluru,18,0,
TXN105636,2026-09-08 18:29:15,USER100937,USER101956,634.9,Utility Bills,Android,Mumbai,18,0,
TXN105637,2026-09-08 18:30:59,USER100999,MERCH201345,1516.84,Entertainment,iOS,Chennai,18,0,
TXN105638,2026-09-08 18:37:25,USER101173,USER102438,791.66,Food & Dining,Android,Pune,18,0,
TXN105639,2026-09-08 18:37:43,USER100222,USER101049,1553.03,P2P Transfer,iOS,Ahmedabad,18,0,
TXN105640,2026-09-08 18:37:46,USER100482,MERCH200632,468.6,Travel,iOS,Mumbai,18,0,
TXN105641,2026-09-08 18:38:33,USER102957,USER100043,224.16,Food & Dining,iOS,Bengaluru,18,0,
TXN105642,2026-09-08 18:39:35,USER102309,MERCH200418,2230.95,Utility Bills,Android,Mumbai,18,0,
TXN105643,2026-09-08 18:41:29,USER102287,USER100571,302.88,Grocery,Android,Jaipur,18,0,
TXN105644,2026-09-08 18:43:38,USER101233,MERCH201189,329.02,Entertainment,Android,Mumbai,18,0,
TXN105645,2026-09-08 18:44:50,USER101122,USER102133,224.09,Travel,Android,Bengaluru,18,0,
TXN105646,2026-09-08 18:45:19,USER100267,USER102763,247.7,Grocery,iOS,Delhi,18,0,
TXN105647,2026-09-08 18:46:04,USER100350,USER102378,231.2,Healthcare,Android,Ahmedabad,18,0,
TXN105648,2026-09-08 18:46:41,USER101200,MERCH200679,87.3,Mobile Recharge,iOS,Pune,18,0,
TXN105649,2026-09-08 18:47:24,USER101359,USER101354,2344.7,Mobile Recharge,Android,Ahmedabad,18,0,
TXN105650,2026-09-08 18:47:30,USER100001,USER100992,445.28,Fuel,iOS,Mumbai,18,0,
TXN105651,2026-09-08 18:47:40,USER101405,MERCH201391,183.77,Fuel,Android,Ahmedabad,18,0,
TXN105652,2026-09-08 18:47:59,USER101570,USER102294,296.03,Fuel,Android,Jaipur,18,0,
TXN105653,2026-09-08 18:48:54,USER101147,USER100284,356.65,P2P Transfer,Android,Pune,18,0,
TXN105654,2026-09-08 18:49:06,USER100977,USER102980,626.17,Utility Bills,iOS,Patna,18,0,
TXN105655,2026-09-08 18:49:17,USER102665,USER100158,150.96,Utility Bills,Android,Kolkata,18,0,
TXN105656,2026-09-08 18:49:19,USER102207,USER101779,1366.6,Utility Bills,Android,Mumbai,18,0,
TXN105657,2026-09-08 18:50:48,USER102935,USER101800,1792.66,Entertainment,Android,Pune,18,0,
TXN105658,2026-09-08 18:52:30,USER102517,USER102087,69.54,Fuel,Android,Kolkata,18,0,
TXN105659,2026-09-08 18:56:18,USER101740,USER100832,1439.71,Utility Bills,Android,Jaipur,18,0,
TXN105660,2026-09-08 18:58:37,USER101889,MERCH200159,482.03,Grocery,Android,Pune,18,0,
TXN105661,2026-09-08 18:58:51,USER101211,USER100442,1796.01,Healthcare,iOS,Bengaluru,18,0,
TXN105662,2026-09-08 18:59:03,USER102628,USER102726,1718.55,Mobile Recharge,iOS,Lucknow,18,0,
TXN105663,2026-09-08 19:02:10,USER101420,USER100007,234.61,Fuel,iOS,Mumbai,19,0,
TXN105664,2026-09-08 19:02:28,USER101052,USER102591,220.87,Entertainment,Android,Hyderabad,19,0,
TXN105665,2026-09-08 19:03:43,USER100434,USER101640,109.88,Shopping,Android,Pune,19,0,
TXN105666,2026-09-08 19:05:12,USER102749,MERCH201148,167.06,Healthcare,Android,Mumbai,19,0,
TXN105667,2026-09-08 19:05:24,USER100766,USER100124,81.53,Entertainment,iOS,Bengaluru,19,0,
TXN105668,2026-09-08 19:09:04,USER101668,USER101492,148.48,Fuel,Android,Bengaluru,19,0,
TXN105669,2026-09-08 19:10:17,USER102073,USER101406,76.53,Fuel,iOS,Jaipur,19,0,
TXN105670,2026-09-08 19:10:45,USER101261,MERCH201073,148.15,Travel,iOS,Mumbai,19,0,
TXN105671,2026-09-08 19:11:37,USER100077,MERCH201068,182.65,Shopping,Android,Hyderabad,19,0,
TXN105672,2026-09-08 19:12:10,USER101571,USER102189,20000.0,Entertainment,Android,Bengaluru,19,1,round_number
TXN105673,2026-09-08 19:13:08,USER101886,USER102024,1035.13,Food & Dining,Android,Mumbai,19,0,
TXN105674,2026-09-08 19:15:20,USER102911,USER100214,331.99,Travel,Android,Bengaluru,19,0,
TXN105675,2026-09-08 19:19:55,USER100309,USER100991,568.58,Travel,Android,Bengaluru,19,0,
TXN105676,2026-09-08 19:21:53,USER102523,USER102407,428.82,Entertainment,Android,Chennai,19,0,
TXN105677,2026-09-08 19:23:19,USER101686,MERCH201413,249.34,Fuel,Android,Mumbai,19,0,
TXN105678,2026-09-08 19:24:10,USER101073,USER100968,534.84,Food & Dining,Android,Chennai,19,0,
TXN105679,2026-09-08 19:24:57,USER100206,USER100340,103.58,Grocery,Android,Jaipur,19,0,
TXN105680,2026-09-08 19:27:06,USER100751,USER101338,1230.09,Food & Dining,iOS,Pune,19,0,
TXN105681,2026-09-08 19:27:09,USER100342,USER101837,770.2,Travel,iOS,Pune,19,0,
TXN105682,2026-09-08 19:27:26,USER100600,USER100186,1652.77,P2P Transfer,Android,Hyderabad,19,0,
TXN105683,2026-09-08 19:28:35,USER101613,MERCH200599,723.36,Grocery,Android,Pune,19,0,
TXN105684,2026-09-08 19:29:18,USER102718,MERCH200852,494.45,Food & Dining,iOS,Mumbai,19,0,
TXN105685,2026-09-08 19:32:25,USER101777,USER100046,104.99,Travel,Android,Delhi,19,0,
TXN105686,2026-09-08 19:33:05,USER100460,USER101730,281.19,Healthcare,Android,Delhi,19,0,
TXN105687,2026-09-08 19:33:44,USER102964,USER102631,90.28,Utility Bills,Android,Indore,19,0,
TXN105688,2026-09-08 19:37:26,USER102943,MERCH201347,1164.36,P2P Transfer,Android,Bengaluru,19,0,
TXN105689,2026-09-08 19:38:16,USER101363,USER101336,473.92,Shopping,Android,Pune,19,0,
TXN105690,2026-09-08 19:38:19,USER102873,USER100017,540.73,Entertainment,iOS,Jaipur,19,0,
TXN105691,2026-09-08 19:40:38,USER100883,USER102739,1209.91,Entertainment,Android,Mumbai,19,0,
TXN105692,2026-09-08 19:40:55,USER101324,USER101484,120.9,Food & Dining,Android,Kolkata,19,0,
TXN105693,2026-09-08 19:41:30,USER101033,USER101011,171.57,Grocery,Android,Kolkata,19,0,
TXN105694,2026-09-08 19:42:54,USER102614,USER102484,488.85,Utility Bills,Android,Delhi,19,0,
TXN105695,2026-09-08 19:43:17,USER102397,MERCH200631,639.4,Utility Bills,Android,Lucknow,19,0,
TXN105696,2026-09-08 19:43:35,USER100731,USER102138,228.03,Shopping,Android,Jaipur,19,0,
TXN105697,2026-09-08 19:44:11,USER101339,USER102149,157.23,Healthcare,Android,Ahmedabad,19,0,
TXN105698,2026-09-08 19:44:12,USER100267,USER102686,191.18,Travel,Android,Hyderabad,19,0,
TXN105699,2026-09-08 19:46:29,USER101169,MERCH200086,235.55,Grocery,Android,Pune,19,0,
TXN105700,2026-09-08 19:46:34,USER102015,MERCH201019,365.11,Grocery,iOS,Jaipur,19,0,
TXN105701,2026-09-08 19:46:36,USER101698,MERCH200479,1826.01,Grocery,Android,Pune,19,0,
TXN105702,2026-09-08 19:47:09,USER100001,MERCH200836,291.48,Entertainment,Android,Mumbai,19,0,
TXN105703,2026-09-08 19:50:44,USER101108,USER102147,130.12,Entertainment,Android,Ahmedabad,19,0,
TXN105704,2026-09-08 19:52:29,USER100405,MERCH200743,128.11,Food & Dining,Android,Jaipur,19,0,
TXN105705,2026-09-08 19:53:00,USER102379,USER102043,314.8,Grocery,Android,Lucknow,19,0,
TXN105706,2026-09-08 19:53:29,USER101237,USER101669,2930.87,Healthcare,iOS,Hyderabad,19,0,
TXN105707,2026-09-08 19:54:02,USER102204,USER101473,49.33,Food & Dining,Android,Pune,19,0,
TXN105708,2026-09-08 19:55:16,USER101218,MERCH201467,3836.26,Grocery,Android,Mumbai,19,0,
TXN105709,2026-09-08 19:56:02,USER101968,MERCH200569,331.24,Healthcare,Android,Mumbai,19,0,
TXN105710,2026-09-08 19:56:47,USER101150,USER102260,107.16,Travel,Android,Delhi,19,0,
TXN105711,2026-09-08 19:58:37,USER100299,USER100304,469.83,Travel,Android,Mumbai,19,0,
TXN105712,2026-09-08 19:58:54,USER101321,USER100680,226.63,P2P Transfer,Android,Patna,19,0,
TXN105713,2026-09-08 19:59:27,USER102724,USER101697,1150.47,Healthcare,Android,Delhi,19,0,
TXN105714,2026-09-08 20:00:18,USER100977,MERCH200772,347.42,Food & Dining,Android,Delhi,20,0,
TXN105715,2026-09-08 20:04:28,USER101171,USER102526,451.8,Entertainment,Android,Indore,20,0,
TXN105716,2026-09-08 20:08:04,USER100608,USER100709,4321.76,Travel,iOS,Pune,20,0,
TXN105717,2026-09-08 20:08:04,USER100597,USER100704,772.49,Mobile Recharge,iOS,Hyderabad,20,0,
TXN105718,2026-09-08 20:08:51,USER101162,MERCH201366,941.42,Healthcare,iOS,Kolkata,20,0,
TXN105719,2026-09-08 20:09:55,USER101686,MERCH200965,1103.29,Entertainment,iOS,Delhi,20,0,
TXN105720,2026-09-08 20:12:44,USER101065,MERCH200216,418.55,Mobile Recharge,Android,Delhi,20,0,
TXN105721,2026-09-08 20:13:38,USER102615,USER100038,275.41,Entertainment,Android,Indore,20,0,
TXN105722,2026-09-08 20:16:47,USER101276,MERCH200867,148.18,P2P Transfer,Android,Hyderabad,20,0,
TXN105723,2026-09-08 20:17:11,USER102471,USER102880,684.63,Travel,Android,Hyderabad,20,0,
TXN105724,2026-09-08 20:18:06,USER101680,USER102837,23.38,Grocery,Android,Mumbai,20,0,
TXN105725,2026-09-08 20:23:39,USER101243,USER101271,722.43,P2P Transfer,Android,Kolkata,20,0,
TXN105726,2026-09-08 20:26:13,USER101533,MERCH201162,376.85,Mobile Recharge,Android,Ahmedabad,20,0,
TXN105727,2026-09-08 20:26:28,USER102256,MERCH200590,354.56,Entertainment,iOS,Mumbai,20,0,
TXN105728,2026-09-08 20:26:43,USER101065,USER101096,356.39,Entertainment,Android,Ahmedabad,20,0,
TXN105729,2026-09-08 20:30:19,USER102895,USER102773,1166.79,Mobile Recharge,Android,Kolkata,20,0,
TXN105730,2026-09-08 20:30:41,USER102258,MERCH200720,604.09,Travel,Android,Pune,20,0,
TXN105731,2026-09-08 20:31:03,USER101107,USER100483,345.43,P2P Transfer,Android,Pune,20,0,
TXN105732,2026-09-08 20:31:47,USER102870,MERCH201467,506.45,Entertainment,Android,Delhi,20,0,
TXN105733,2026-09-08 20:32:01,USER101145,USER100044,421.36,P2P Transfer,Android,Lucknow,20,0,
TXN105734,2026-09-08 20:33:33,USER100914,USER101983,166.13,Grocery,Android,Mumbai,20,0,
TXN105735,2026-09-08 20:33:36,USER100305,USER102314,136.48,Fuel,iOS,Delhi,20,0,
TXN105736,2026-09-08 20:33:44,USER101717,MERCH200261,212.36,P2P Transfer,Android,Ahmedabad,20,0,
TXN105737,2026-09-08 20:33:58,USER101163,USER102511,404.44,Fuel,Android,Patna,20,0,
TXN105738,2026-09-08 20:35:57,USER101387,MERCH200601,839.02,Utility Bills,iOS,Pune,20,0,
TXN105739,2026-09-08 20:37:58,USER102677,MERCH200385,385.89,Fuel,Android,Bengaluru,20,0,
TXN105740,2026-09-08 20:38:09,USER102637,USER102860,159.36,Food & Dining,Android,Pune,20,0,
TXN105741,2026-09-08 20:38:52,USER100003,USER100833,134.58,Mobile Recharge,iOS,Bengaluru,20,0,
TXN105742,2026-09-08 20:40:12,USER102580,MERCH200366,406.92,Shopping,Android,Hyderabad,20,0,
TXN105743,2026-09-08 20:42:18,USER101395,MERCH201066,88.92,Healthcare,Android,Bengaluru,20,0,
TXN105744,2026-09-08 20:43:00,USER100521,MERCH200763,249.61,Fuel,iOS,Bengaluru,20,0,
TXN105745,2026-09-08 20:43:11,USER101296,USER102350,321.46,Food & Dining,Android,Ahmedabad,20,0,
TXN105746,2026-09-08 20:46:37,USER100438,MERCH201436,99.78,Utility Bills,Android,Hyderabad,20,0,
TXN105747,2026-09-08 20:48:34,USER101582,USER102555,250.05,Utility Bills,iOS,Hyderabad,20,0,
TXN105748,2026-09-08 20:51:08,USER100390,USER100127,180.15,Utility Bills,Android,Kolkata,20,0,
TXN105749,2026-09-08 20:51:18,USER102930,MERCH200995,151.66,Mobile Recharge,Android,Hyderabad,20,0,
TXN105750,2026-09-08 20:52:00,USER101098,USER102852,394.57,Healthcare,Android,Mumbai,20,0,
TXN105751,2026-09-08 20:52:12,USER102643,MERCH200497,824.8,Fuel,Android,Delhi,20,0,
TXN105752,2026-09-08 20:52:30,USER101173,USER102325,214.39,Mobile Recharge,Android,Mumbai,20,0,
TXN105753,2026-09-08 20:53:32,USER101599,USER101155,65.01,Shopping,Android,Delhi,20,0,
TXN105754,2026-09-08 20:55:20,USER101759,USER101116,378.07,Fuel,Android,Mumbai,20,0,
TXN105755,2026-09-08 20:56:39,USER100893,USER100220,176.9,Fuel,Android,Delhi,20,0,
TXN105756,2026-09-08 20:56:40,USER102916,USER101740,54.1,P2P Transfer,iOS,Kolkata,20,0,
TXN105757,2026-09-08 21:01:53,USER101602,USER102573,321.04,Shopping,Android,Delhi,21,0,
TXN105758,2026-09-08 21:01:53,USER100050,USER101915,11763.4,Entertainment,iOS,Kolkata,21,0,
TXN105759,2026-09-08 21:05:00,USER101226,MERCH201316,699.07,Fuel,Android,Delhi,21,0,
TXN105760,2026-09-08 21:05:55,USER101685,USER102244,3780.68,Grocery,Android,Pune,21,0,
TXN105761,2026-09-08 21:06:17,USER102556,MERCH201151,769.27,Fuel,Android,Mumbai,21,0,
TXN105762,2026-09-08 21:09:58,USER100948,MERCH201039,377.45,P2P Transfer,iOS,Bengaluru,21,0,
TXN105763,2026-09-08 21:12:04,USER102482,USER101972,159.71,Healthcare,Android,Hyderabad,21,0,
TXN105764,2026-09-08 21:15:12,USER100984,USER101130,1010.44,Mobile Recharge,Android,Pune,21,0,
TXN105765,2026-09-08 21:18:52,USER101454,MERCH200906,373.0,Food & Dining,iOS,Mumbai,21,0,
TXN105766,2026-09-08 21:20:37,USER101171,USER100416,445.52,Mobile Recharge,Android,Chennai,21,0,
TXN105767,2026-09-08 21:22:00,USER102230,USER100899,6209.43,P2P Transfer,Android,Delhi,21,1,velocity_burst
TXN105768,2026-09-08 21:24:46,USER100309,USER100744,524.58,Healthcare,Android,Chennai,21,0,
TXN105769,2026-09-08 21:26:13,USER102504,MERCH200558,245.7,Healthcare,Android,Bengaluru,21,0,
TXN105770,2026-09-08 21:30:15,USER102446,MERCH201459,1258.4,Shopping,iOS,Kolkata,21,0,
TXN105771,2026-09-08 21:32:12,USER100595,USER102863,482.16,Utility Bills,Android,Pune,21,0,
TXN105772,2026-09-08 21:32:44,USER100123,MERCH200562,132.74,Utility Bills,Android,Bengaluru,21,0,
TXN105773,2026-09-08 21:33:03,USER100205,USER102162,688.28,Food & Dining,iOS,Mumbai,21,0,
TXN105774,2026-09-08 21:33:29,USER102128,USER100041,144.86,Healthcare,Android,Chennai,21,0,
TXN105775,2026-09-08 21:34:23,USER101233,USER100492,344.8,P2P Transfer,Android,Bengaluru,21,0,
TXN105776,2026-09-08 21:34:32,USER101659,MERCH200708,392.96,Healthcare,iOS,Delhi,21,0,
TXN105777,2026-09-08 21:35:25,USER102485,USER101122,167.24,Food & Dining,Android,Delhi,21,0,
TXN105778,2026-09-08 21:35:49,USER101457,USER102635,90.12,Shopping,Android,Bengaluru,21,0,
TXN105779,2026-09-08 21:36:53,USER101990,USER102715,471.44,P2P Transfer,iOS,Hyderabad,21,0,
TXN105780,2026-09-08 21:42:02,USER102847,USER102947,1174.47,P2P Transfer,Android,Chennai,21,0,
TXN105781,2026-09-08 21:43:55,USER102588,USER100464,214.93,Shopping,Android,Hyderabad,21,0,
TXN105782,2026-09-08 21:44:32,USER100798,MERCH200687,565.1,Food & Dining,Android,Ahmedabad,21,0,
TXN105783,2026-09-08 21:47:38,USER101298,MERCH201207,1098.36,Entertainment,Android,Mumbai,21,0,
TXN105784,2026-09-08 21:49:34,USER100208,USER102928,310.99,Food & Dining,Android,Chennai,21,0,
TXN105785,2026-09-08 21:51:11,USER100050,USER101867,836.7,Travel,Android,Pune,21,0,
TXN105786,2026-09-08 21:54:11,USER102314,USER101123,1587.53,Grocery,Android,Delhi,21,0,
TXN105787,2026-09-08 21:54:59,USER100409,MERCH200642,894.63,Fuel,Android,Kolkata,21,0,
TXN105788,2026-09-08 21:55:10,USER100139,USER100549,535.99,Fuel,Android,Ahmedabad,21,0,
TXN105789,2026-09-08 21:59:16,USER101058,USER101981,238.29,Travel,Android,Pune,21,0,
TXN105790,2026-09-08 22:05:05,USER102559,USER102770,316.54,P2P Transfer,Android,Bengaluru,22,0,
TXN105791,2026-09-08 22:11:41,USER100171,USER100203,235.8,Mobile Recharge,Android,Hyderabad,22,0,
TXN105792,2026-09-08 22:11:59,USER101853,MERCH201308,992.75,Fuel,Android,Delhi,22,0,
TXN105793,2026-09-08 22:18:08,USER102741,USER100789,375.16,P2P Transfer,iOS,Jaipur,22,0,
TXN105794,2026-09-08 22:19:59,USER102677,USER101717,286.66,Utility Bills,Android,Hyderabad,22,0,
TXN105795,2026-09-08 22:21:25,USER102291,MERCH200848,96.45,P2P Transfer,Android,Ahmedabad,22,0,
TXN105796,2026-09-08 22:34:45,USER102915,MERCH201185,457.91,Grocery,Android,Bengaluru,22,0,
TXN105797,2026-09-08 22:34:56,USER100479,MERCH200090,749.08,Food & Dining,Android,Pune,22,0,
TXN105798,2026-09-08 22:37:36,USER102036,USER102113,759.11,Travel,iOS,Jaipur,22,0,
TXN105799,2026-09-08 22:40:12,USER100067,MERCH200642,522.54,Food & Dining,Android,Mumbai,22,0,
TXN105800,2026-09-08 22:42:54,USER100307,USER101921,2429.33,Mobile Recharge,Android,Delhi,22,0,
TXN105801,2026-09-08 22:44:03,USER100531,USER101040,166.57,Food & Dining,Android,Pune,22,0,
TXN105802,2026-09-08 22:44:52,USER102539,USER101902,527.81,Travel,Android,Hyderabad,22,0,
TXN105803,2026-09-08 22:48:21,USER100470,USER101353,268.84,P2P Transfer,Android,Delhi,22,0,
TXN105804,2026-09-08 22:48:31,USER100544,USER102165,78498.55,Shopping,New Device,Bengaluru,22,1,new_device_high
TXN105805,2026-09-08 22:52:59,USER100437,MERCH201331,46211.83,Utility Bills,New Device,Mumbai,22,1,new_device_high
TXN105806,2026-09-08 22:57:01,USER101702,USER101277,114.36,Travel,Android,Delhi,22,0,
TXN105807,2026-09-08 22:57:06,USER101709,USER101519,480.04,Healthcare,Android,Mumbai,22,0,
TXN105808,2026-09-08 22:57:43,USER102288,USER101658,657.76,Shopping,Android,Patna,22,0,
TXN105809,2026-09-08 22:58:48,USER102620,MERCH201273,476.81,Travel,Android,Pune,22,0,
TXN105810,2026-09-08 23:01:30,USER102031,MERCH200578,912.99,Utility Bills,Android,Delhi,23,0,
TXN105811,2026-09-08 23:01:34,USER101791,USER100170,726.46,Healthcare,iOS,Pune,23,0,
TXN105812,2026-09-08 23:01:40,USER102121,USER101030,87.09,P2P Transfer,iOS,Delhi,23,0,
TXN105813,2026-09-08 23:37:44,USER100191,USER100892,1148.13,Food & Dining,Android,Bengaluru,23,0,
TXN105814,2026-09-08 23:47:16,USER100725,USER101431,1116.37,Entertainment,Android,Ahmedabad,23,0,
TXN105815,2026-09-08 23:56:19,USER100479,USER100578,898.3,Fuel,Android,Hyderabad,23,0,
TXN105816,2026-09-09 00:01:30,USER101810,MERCH200432,1371.8,Utility Bills,Android,Delhi,0,0,
TXN105817,2026-09-09 00:57:46,USER102949,MERCH200848,274.09,Fuel,Android,Hyderabad,0,0,
TXN105818,2026-09-09 01:02:00,USER100008,USER102550,58356.14,Healthcare,Android,Lucknow,1,1,odd_hour_high_amount
TXN105819,2026-09-09 01:40:00,USER100509,USER100580,12256.37,Fuel,iOS,Kolkata,1,1,odd_hour_high_amount
TXN105820,2026-09-09 02:06:00,USER101438,USER100076,7200.27,P2P Transfer,Android,Kolkata,2,1,velocity_burst
TXN105821,2026-09-09 02:09:00,USER101564,USER102079,24593.63,P2P Transfer,Android,Pune,2,1,odd_hour_high_amount
TXN105822,2026-09-09 02:53:00,USER102216,USER101156,9888.89,Grocery,Android,Ahmedabad,2,1,odd_hour_high_amount
TXN105823,2026-09-09 03:21:00,USER101108,USER102189,29360.53,Food & Dining,Android,Bengaluru,3,1,odd_hour_high_amount
TXN105824,2026-09-09 03:47:16,USER101765,MERCH201447,343.3,Mobile Recharge,Android,Chennai,3,0,
TXN105825,2026-09-09 04:38:00,USER101480,MERCH200134,36582.95,Food & Dining,Android,Bengaluru,4,1,odd_hour_high_amount
TXN105826,2026-09-09 04:46:00,USER100606,USER100679,32341.85,Healthcare,Android,Mumbai,4,1,odd_hour_high_amount
TXN105827,2026-09-09 04:54:00,USER102675,USER102691,10647.95,P2P Transfer,Android,Kolkata,4,1,odd_hour_high_amount
TXN105828,2026-09-09 05:10:52,USER102782,MERCH200493,32.24,Mobile Recharge,Android,Kolkata,5,0,
TXN105829,2026-09-09 05:15:08,USER102397,MERCH200006,1431.67,P2P Transfer,Android,Kolkata,5,0,
TXN105830,2026-09-09 05:22:28,USER102387,USER102555,398.29,Grocery,Android,Chennai,5,0,
TXN105831,2026-09-09 05:25:00,USER100936,USER101957,3636.23,P2P Transfer,Android,Hyderabad,5,1,velocity_burst
TXN105832,2026-09-09 06:15:01,USER101154,MERCH201201,843.81,Fuel,Android,Pune,6,0,
TXN105833,2026-09-09 06:15:15,USER102490,USER100421,627.61,Fuel,Android,Delhi,6,0,
TXN105834,2026-09-09 06:25:31,USER102221,USER100594,48.57,Grocery,Android,Kolkata,6,0,
TXN105835,2026-09-09 06:27:51,USER100477,MERCH200593,262.68,Grocery,Android,Delhi,6,0,
TXN105836,2026-09-09 07:06:17,USER100026,USER101778,7566.94,Shopping,Android,Kolkata,7,0,
TXN105837,2026-09-09 07:20:26,USER102424,USER102573,935.79,Mobile Recharge,Android,Hyderabad,7,0,
TXN105838,2026-09-09 07:20:50,USER101966,MERCH201039,685.14,Healthcare,Android,Delhi,7,0,
TXN105839,2026-09-09 07:21:27,USER100603,USER100023,54.8,Entertainment,Android,Jaipur,7,0,
TXN105840,2026-09-09 07:25:00,USER101679,USER101307,8752.16,P2P Transfer,Android,Mumbai,7,1,velocity_burst
TXN105841,2026-09-09 07:27:10,USER102772,USER102209,252.01,Mobile Recharge,iOS,Chennai,7,0,
TXN105842,2026-09-09 07:29:02,USER101940,MERCH201331,210.02,Mobile Recharge,Android,Hyderabad,7,0,
TXN105843,2026-09-09 07:44:25,USER102604,USER101255,249.44,Food & Dining,Android,Pune,7,0,
TXN105844,2026-09-09 07:45:22,USER102639,MERCH201344,1291.98,Grocery,Android,Delhi,7,0,
TXN105845,2026-09-09 07:46:41,USER102316,USER101491,1449.39,Fuel,Android,Chennai,7,0,
TXN105846,2026-09-09 07:53:55,USER101114,USER102048,99.68,Grocery,Android,Pune,7,0,
TXN105847,2026-09-09 07:58:53,USER102322,MERCH200940,163.12,P2P Transfer,Android,Mumbai,7,0,
TXN105848,2026-09-09 08:02:00,USER100649,USER101688,221.1,Travel,Android,Delhi,8,0,
TXN105849,2026-09-09 08:09:13,USER102737,MERCH200936,813.35,Fuel,Android,Mumbai,8,0,
TXN105850,2026-09-09 08:09:15,USER102085,USER100166,153.46,Travel,Android,Jaipur,8,0,
TXN105851,2026-09-09 08:10:48,USER101503,MERCH201469,175.96,Healthcare,Android,Delhi,8,0,
TXN105852,2026-09-09 08:15:58,USER100548,USER100167,167.52,Fuel,iOS,Kolkata,8,0,
TXN105853,2026-09-09 08:17:14,USER100531,USER102770,980.09,Entertainment,Android,Mumbai,8,0,
TXN105854,2026-09-09 08:21:36,USER101048,USER102560,534.72,Healthcare,Android,Ahmedabad,8,0,
TXN105855,2026-09-09 08:22:48,USER100912,MERCH200036,675.46,Food & Dining,Android,Chennai,8,0,
TXN105856,2026-09-09 08:23:37,USER102683,MERCH201015,59.63,Travel,iOS,Ahmedabad,8,0,
TXN105857,2026-09-09 08:24:05,USER101205,MERCH200529,4076.2,Shopping,iOS,Bengaluru,8,0,
TXN105858,2026-09-09 08:24:28,USER101189,USER100258,114.62,Entertainment,Android,Delhi,8,0,
TXN105859,2026-09-09 08:27:46,USER102093,USER100231,151.26,Grocery,iOS,Delhi,8,0,
TXN105860,2026-09-09 08:29:07,USER100498,USER101016,965.76,Fuel,Android,Pune,8,0,
TXN105861,2026-09-09 08:30:21,USER100723,MERCH200125,879.55,Grocery,Android,Delhi,8,0,
TXN105862,2026-09-09 08:30:40,USER101114,USER100721,2686.22,Healthcare,Android,Kolkata,8,0,
TXN105863,2026-09-09 08:31:00,USER101885,USER100063,117.06,P2P Transfer,Android,Kolkata,8,0,
TXN105864,2026-09-09 08:32:46,USER101225,MERCH201464,63.31,Travel,Android,Bengaluru,8,0,
TXN105865,2026-09-09 08:33:51,USER100933,USER100403,79.51,Shopping,iOS,Chennai,8,0,
TXN105866,2026-09-09 08:39:37,USER102027,USER102149,3546.94,Food & Dining,Android,Hyderabad,8,0,
TXN105867,2026-09-09 08:43:37,USER102195,USER102202,596.9,Mobile Recharge,Android,Hyderabad,8,0,
TXN105868,2026-09-09 08:44:12,USER101305,MERCH200381,222.54,P2P Transfer,Android,Delhi,8,0,
TXN105869,2026-09-09 08:44:51,USER102932,USER102800,1478.24,Shopping,Android,Indore,8,0,
TXN105870,2026-09-09 08:50:56,USER101322,USER100891,101.15,Healthcare,Android,Bengaluru,8,0,
TXN105871,2026-09-09 08:53:07,USER101250,USER101361,1158.32,Fuel,Android,Bengaluru,8,0,
TXN105872,2026-09-09 08:53:44,USER101123,MERCH200073,252.15,Travel,iOS,Ahmedabad,8,0,
TXN105873,2026-09-09 08:56:58,USER100822,MERCH201236,201.45,Shopping,iOS,Bengaluru,8,0,
TXN105874,2026-09-09 09:00:56,USER101370,MERCH201396,430.33,Mobile Recharge,Android,Hyderabad,9,0,
TXN105875,2026-09-09 09:02:31,USER100347,USER102477,253.37,Fuel,Android,Bengaluru,9,0,
TXN105876,2026-09-09 09:06:15,USER101328,USER100512,562.12,Food & Dining,Android,Mumbai,9,0,
TXN105877,2026-09-09 09:06:40,USER102441,USER102048,673.25,P2P Transfer,iOS,Bengaluru,9,0,
TXN105878,2026-09-09 09:08:25,USER100059,USER101675,792.0,Shopping,Android,Chennai,9,0,
TXN105879,2026-09-09 09:10:59,USER101551,USER102605,197.52,Healthcare,Android,Chennai,9,0,
TXN105880,2026-09-09 09:11:59,USER101643,USER102276,191.48,Fuel,Android,Hyderabad,9,0,
TXN105881,2026-09-09 09:12:41,USER101615,MERCH200263,344.31,Utility Bills,Android,Jaipur,9,0,
TXN105882,2026-09-09 09:14:22,USER102309,MERCH200511,385.48,Shopping,Android,Kolkata,9,0,
TXN105883,2026-09-09 09:14:51,USER101402,USER100823,1209.26,Food & Dining,Android,Kolkata,9,0,
TXN105884,2026-09-09 09:16:08,USER100687,USER102077,351.63,Utility Bills,iOS,Hyderabad,9,0,
TXN105885,2026-09-09 09:17:15,USER101458,USER101014,245.57,Fuel,Android,Kolkata,9,0,
TXN105886,2026-09-09 09:18:00,USER100771,MERCH200083,658.11,Travel,Android,Hyderabad,9,0,
TXN105887,2026-09-09 09:19:01,USER102251,MERCH200843,308.83,Utility Bills,Android,Mumbai,9,0,
TXN105888,2026-09-09 09:21:44,USER100332,USER102280,110.96,Grocery,Android,Mumbai,9,0,
TXN105889,2026-09-09 09:23:27,USER100288,USER102640,98.17,Food & Dining,iOS,Chennai,9,0,
TXN105890,2026-09-09 09:23:41,USER101148,USER102211,2409.95,Healthcare,Android,Delhi,9,0,
TXN105891,2026-09-09 09:23:47,USER102272,USER101894,113.16,Food & Dining,Android,Delhi,9,0,
TXN105892,2026-09-09 09:24:35,USER100048,USER100231,1172.14,P2P Transfer,Android,Mumbai,9,0,
TXN105893,2026-09-09 09:25:37,USER101546,USER102158,124.6,Mobile Recharge,iOS,Delhi,9,0,
TXN105894,2026-09-09 09:26:23,USER100005,MERCH200173,150.73,Fuel,Android,Pune,9,0,
TXN105895,2026-09-09 09:27:01,USER102666,USER102086,219.58,Food & Dining,Android,Ahmedabad,9,0,
TXN105896,2026-09-09 09:28:55,USER100827,USER101203,265.77,Grocery,Android,Bengaluru,9,0,
TXN105897,2026-09-09 09:30:34,USER100114,MERCH200904,419.44,Mobile Recharge,iOS,Delhi,9,0,
TXN105898,2026-09-09 09:31:05,USER102417,USER100099,89.4,Utility Bills,Android,Hyderabad,9,0,
TXN105899,2026-09-09 09:33:15,USER101996,USER101833,133.51,P2P Transfer,Android,Patna,9,0,
TXN105900,2026-09-09 09:34:08,USER101686,MERCH200413,190.56,Food & Dining,Android,Bengaluru,9,0,
TXN105901,2026-09-09 09:37:57,USER100385,USER101552,172.26,Travel,Android,Chennai,9,0,
TXN105902,2026-09-09 09:40:19,USER102972,MERCH201408,673.86,Mobile Recharge,Android,Kolkata,9,0,
TXN105903,2026-09-09 09:40:55,USER100099,USER102103,182.25,Utility Bills,iOS,Mumbai,9,0,
TXN105904,2026-09-09 09:41:52,USER101140,USER102059,872.32,Shopping,Android,Bengaluru,9,0,
TXN105905,2026-09-09 09:44:34,USER101565,USER102141,532.52,Shopping,Android,Delhi,9,0,
TXN105906,2026-09-09 09:45:25,USER101286,USER102773,1562.94,Travel,Android,Ahmedabad,9,0,
TXN105907,2026-09-09 09:46:41,USER102776,USER102372,198.1,Shopping,Android,Jaipur,9,0,
TXN105908,2026-09-09 09:47:35,USER101325,USER102433,1843.04,Shopping,Android,Ahmedabad,9,0,
TXN105909,2026-09-09 09:56:03,USER101911,USER100383,58.7,Utility Bills,Android,Patna,9,0,
TXN105910,2026-09-09 09:56:08,USER100427,USER100837,1010.85,Utility Bills,iOS,Chennai,9,0,
TXN105911,2026-09-09 09:58:13,USER101444,USER102244,115.49,Travel,Android,Bengaluru,9,0,
TXN105912,2026-09-09 10:00:40,USER101859,MERCH201000,308.47,P2P Transfer,Android,Delhi,10,0,
TXN105913,2026-09-09 10:03:24,USER102568,USER101995,614.3,Shopping,Android,Kolkata,10,0,
TXN105914,2026-09-09 10:04:19,USER101349,USER101817,212.91,Food & Dining,Android,Mumbai,10,0,
TXN105915,2026-09-09 10:05:03,USER101226,USER102510,114.96,Travel,Android,Mumbai,10,0,
TXN105916,2026-09-09 10:08:34,USER101092,USER100444,167.74,P2P Transfer,Android,Mumbai,10,0,
TXN105917,2026-09-09 10:10:42,USER101971,USER102110,1164.21,Fuel,Android,Mumbai,10,0,
TXN105918,2026-09-09 10:13:17,USER102666,MERCH201306,410.98,P2P Transfer,Android,Hyderabad,10,0,
TXN105919,2026-09-09 10:13:19,USER102564,USER100215,135.17,Utility Bills,Android,Delhi,10,0,
TXN105920,2026-09-09 10:13:23,USER100236,MERCH201166,583.48,Fuel,Android,Delhi,10,0,
TXN105921,2026-09-09 10:13:43,USER100590,USER101661,1138.61,Food & Dining,Android,Kolkata,10,0,
TXN105922,2026-09-09 10:14:19,USER101714,USER100638,76.27,Food & Dining,iOS,Pune,10,0,
TXN105923,2026-09-09 10:15:06,USER101095,USER100522,473.33,Grocery,Android,Chennai,10,0,
TXN105924,2026-09-09 10:15:15,USER102703,USER102466,404.15,Shopping,Android,Mumbai,10,0,
TXN105925,2026-09-09 10:16:53,USER102506,MERCH201185,641.59,P2P Transfer,Android,Hyderabad,10,0,
TXN105926,2026-09-09 10:17:41,USER102842,MERCH200606,872.13,Entertainment,iOS,Kolkata,10,0,
TXN105927,2026-09-09 10:19:09,USER102342,USER100140,352.06,Grocery,Android,Lucknow,10,0,
TXN105928,2026-09-09 10:19:22,USER101151,MERCH200018,31.52,Utility Bills,Android,Jaipur,10,0,
TXN105929,2026-09-09 10:21:21,USER101344,USER101483,604.69,Travel,iOS,Mumbai,10,0,
TXN105930,2026-09-09 10:21:28,USER101390,USER100430,321.72,Shopping,iOS,Mumbai,10,0,
TXN105931,2026-09-09 10:22:00,USER101283,USER102144,391.72,Grocery,Android,Lucknow,10,0,
TXN105932,2026-09-09 10:22:04,USER100669,USER100613,1015.89,Fuel,Android,Bengaluru,10,0,
TXN105933,2026-09-09 10:22:22,USER101610,USER100450,1298.51,Shopping,Android,Delhi,10,0,
TXN105934,2026-09-09 10:22:59,USER101855,MERCH201306,1331.56,Food & Dining,Android,Mumbai,10,0,
TXN105935,2026-09-09 10:24:48,USER102524,USER101476,269.15,P2P Transfer,iOS,Mumbai,10,0,
TXN105936,2026-09-09 10:26:26,USER100937,USER102659,185.24,Travel,Android,Pune,10,0,
TXN105937,2026-09-09 10:26:41,USER102522,USER101753,705.39,Fuel,iOS,Hyderabad,10,0,
TXN105938,2026-09-09 10:26:53,USER102977,USER101898,317.29,Food & Dining,Android,Kolkata,10,0,
TXN105939,2026-09-09 10:27:56,USER102301,USER102873,161.83,Shopping,iOS,Delhi,10,0,
TXN105940,2026-09-09 10:30:30,USER100683,USER101120,258.68,Utility Bills,Android,Lucknow,10,0,
TXN105941,2026-09-09 10:30:51,USER102089,MERCH200442,313.56,Utility Bills,Android,Bengaluru,10,0,
TXN105942,2026-09-09 10:34:57,USER100181,MERCH200364,348.2,Grocery,Android,Delhi,10,0,
TXN105943,2026-09-09 10:36:31,USER101616,MERCH200125,814.94,Food & Dining,iOS,Patna,10,0,
TXN105944,2026-09-09 10:36:53,USER100734,MERCH200147,181.42,Travel,iOS,Patna,10,0,
TXN105945,2026-09-09 10:36:55,USER102107,USER102547,520.63,Grocery,iOS,Delhi,10,0,
TXN105946,2026-09-09 10:36:56,USER102396,USER101140,326.49,Entertainment,Android,Pune,10,0,
TXN105947,2026-09-09 10:37:18,USER101794,MERCH200987,362.35,Grocery,Android,Pune,10,0,
TXN105948,2026-09-09 10:38:22,USER102716,USER100421,582.94,Food & Dining,Android,Chennai,10,0,
TXN105949,2026-09-09 10:38:42,USER101030,USER101970,128.41,Grocery,Android,Mumbai,10,0,
TXN105950,2026-09-09 10:38:42,USER102062,USER100728,442.38,Grocery,Android,Delhi,10,0,
TXN105951,2026-09-09 10:38:44,USER102579,MERCH200129,161.64,P2P Transfer,Android,Pune,10,0,
TXN105952,2026-09-09 10:39:15,USER100766,USER100120,1485.49,Grocery,Android,Bengaluru,10,0,
TXN105953,2026-09-09 10:39:57,USER100534,MERCH200569,174.16,Entertainment,Android,Mumbai,10,0,
TXN105954,2026-09-09 10:40:11,USER102007,USER100451,1208.89,Shopping,Android,Delhi,10,0,
TXN105955,2026-09-09 10:42:17,USER100226,USER100124,377.17,Entertainment,Android,Hyderabad,10,0,
TXN105956,2026-09-09 10:45:05,USER100463,USER100659,445.89,Mobile Recharge,Android,Delhi,10,0,
TXN105957,2026-09-09 10:45:41,USER100530,MERCH200424,89.52,Shopping,Android,Delhi,10,0,
TXN105958,2026-09-09 10:46:49,USER101753,USER100937,1298.88,Shopping,Android,Jaipur,10,0,
TXN105959,2026-09-09 10:48:30,USER102452,MERCH200517,273.26,Entertainment,Android,Pune,10,0,
TXN105960,2026-09-09 10:51:36,USER101131,USER101523,224.65,Shopping,Android,Chennai,10,0,
TXN105961,2026-09-09 10:51:37,USER101138,USER100216,319.75,Grocery,Android,Mumbai,10,0,
TXN105962,2026-09-09 10:52:07,USER100744,USER102765,110.07,Travel,Android,Bengaluru,10,0,
TXN105963,2026-09-09 10:52:08,USER101926,USER101236,528.68,P2P Transfer,iOS,Kolkata,10,0,
TXN105964,2026-09-09 10:54:15,USER102583,USER100901,989.19,Grocery,Android,Bengaluru,10,0,
TXN105965,2026-09-09 10:57:44,USER100156,MERCH201221,190.01,Mobile Recharge,Android,Mumbai,10,0,
TXN105966,2026-09-09 10:59:11,USER101916,USER102063,270.63,P2P Transfer,Android,Delhi,10,0,
TXN105967,2026-09-09 11:00:44,USER102864,USER102898,132.0,Grocery,Android,Mumbai,11,0,
TXN105968,2026-09-09 11:00:58,USER102683,MERCH200849,222.6,Food & Dining,Android,Pune,11,0,
TXN105969,2026-09-09 11:03:02,USER101684,USER101814,301.24,Fuel,Android,Delhi,11,0,
TXN105970,2026-09-09 11:03:54,USER100628,USER101961,660.07,Grocery,Android,Mumbai,11,0,
TXN105971,2026-09-09 11:03:58,USER101507,USER101316,166.85,Grocery,iOS,Delhi,11,0,
TXN105972,2026-09-09 11:05:48,USER100115,MERCH200209,213.21,Grocery,Android,Hyderabad,11,0,
TXN105973,2026-09-09 11:06:27,USER101148,USER100737,129.36,Grocery,Android,Ahmedabad,11,0,
TXN105974,2026-09-09 11:06:41,USER100722,MERCH200309,235.36,Utility Bills,iOS,Hyderabad,11,0,
TXN105975,2026-09-09 11:07:59,USER100694,MERCH200468,3206.33,Shopping,Android,Mumbai,11,0,
TXN105976,2026-09-09 11:08:45,USER102988,USER101526,75000.0,Healthcare,Android,Bengaluru,11,1,round_number
TXN105977,2026-09-09 11:08:58,USER101113,USER102634,2287.78,Shopping,Android,Delhi,11,0,
TXN105978,2026-09-09 11:09:51,USER100887,USER100015,405.34,Fuel,Android,Pune,11,0,
TXN105979,2026-09-09 11:09:56,USER102718,MERCH201387,245.85,Food & Dining,Android,Indore,11,0,
TXN105980,2026-09-09 11:10:42,USER101513,MERCH200569,3109.32,Healthcare,Android,Jaipur,11,0,
TXN105981,2026-09-09 11:13:11,USER102210,MERCH200773,1533.22,Entertainment,Android,Patna,11,0,
TXN105982,2026-09-09 11:13:11,USER100827,USER102099,1020.36,Entertainment,Android,Lucknow,11,0,
TXN105983,2026-09-09 11:14:16,USER102499,USER102679,1527.56,Utility Bills,Android,Chennai,11,0,
TXN105984,2026-09-09 11:16:14,USER101551,USER101210,1716.99,Fuel,Android,Ahmedabad,11,0,
TXN105985,2026-09-09 11:16:39,USER100388,USER101766,74324.36,Travel,New Device,Pune,11,1,new_device_high
TXN105986,2026-09-09 11:17:28,USER102848,USER102507,63.64,Entertainment,Android,Pune,11,0,
TXN105987,2026-09-09 11:17:38,USER102199,USER101518,313.67,Mobile Recharge,Android,Mumbai,11,0,
TXN105988,2026-09-09 11:18:28,USER102065,MERCH200436,416.36,Food & Dining,Android,Kolkata,11,0,
TXN105989,2026-09-09 11:19:12,USER102716,USER100739,67.61,Shopping,Android,Ahmedabad,11,0,
TXN105990,2026-09-09 11:23:07,USER100109,USER101449,305.72,Grocery,Android,Bengaluru,11,0,
TXN105991,2026-09-09 11:23:44,USER100725,USER100821,276.68,Healthcare,Android,Bengaluru,11,0,
TXN105992,2026-09-09 11:27:04,USER100559,USER100514,139.54,Utility Bills,Android,Kolkata,11,0,
TXN105993,2026-09-09 11:27:33,USER102256,USER100809,175.67,Food & Dining,Android,Mumbai,11,0,
TXN105994,2026-09-09 11:28:11,USER101061,MERCH201293,1284.39,P2P Transfer,Android,Chennai,11,0,
TXN105995,2026-09-09 11:31:52,USER101861,MERCH201321,603.04,Mobile Recharge,Android,Hyderabad,11,0,
TXN105996,2026-09-09 11:32:02,USER100780,MERCH200924,1324.31,Entertainment,Android,Hyderabad,11,0,
TXN105997,2026-09-09 11:32:39,USER102711,USER100211,573.85,Food & Dining,Android,Mumbai,11,0,
TXN105998,2026-09-09 11:35:33,USER101832,USER100880,427.21,P2P Transfer,Android,Kolkata,11,0,
TXN105999,2026-09-09 11:36:51,USER100319,USER100476,609.67,P2P Transfer,Android,Pune,11,0,
TXN106000,2026-09-09 11:37:12,USER102395,MERCH201020,209.59,Mobile Recharge,Android,Jaipur,11,0,
TXN106001,2026-09-09 11:38:11,USER100034,USER101962,1008.45,Mobile Recharge,Android,Pune,11,0,
TXN106002,2026-09-09 11:40:00,USER100343,USER101609,680.15,Shopping,Android,Hyderabad,11,0,
TXN106003,2026-09-09 11:41:49,USER100075,USER102964,1146.65,Grocery,Android,Delhi,11,0,
TXN106004,2026-09-09 11:43:10,USER102260,USER100243,83.48,Grocery,Android,Delhi,11,0,
TXN106005,2026-09-09 11:45:22,USER100440,USER100250,630.0,Travel,Android,Delhi,11,0,
TXN106006,2026-09-09 11:45:26,USER100945,USER100627,100000.0,P2P Transfer,Android,Delhi,11,1,round_number
TXN106007,2026-09-09 11:46:24,USER102410,USER100110,1009.87,P2P Transfer,iOS,Patna,11,0,
TXN106008,2026-09-09 11:46:31,USER100406,MERCH200967,307.2,Healthcare,Android,Delhi,11,0,
TXN106009,2026-09-09 11:46:32,USER100995,USER102015,153.26,Healthcare,Android,Pune,11,0,
TXN106010,2026-09-09 11:46:54,USER102020,MERCH201244,290.65,Fuel,iOS,Mumbai,11,0,
TXN106011,2026-09-09 11:47:28,USER100409,USER101101,60099.13,Mobile Recharge,New Device,Chennai,11,1,new_device_high
TXN106012,2026-09-09 11:49:33,USER100354,MERCH200971,20000.0,P2P Transfer,Android,Hyderabad,11,1,round_number
TXN106013,2026-09-09 11:50:11,USER101893,MERCH200633,1446.07,Utility Bills,iOS,Pune,11,0,
TXN106014,2026-09-09 11:50:49,USER101460,USER100145,317.83,Utility Bills,Android,Mumbai,11,0,
TXN106015,2026-09-09 11:51:26,USER101999,MERCH200172,158.2,Utility Bills,Android,Jaipur,11,0,
TXN106016,2026-09-09 11:52:33,USER100436,MERCH201047,492.99,Mobile Recharge,iOS,Mumbai,11,0,
TXN106017,2026-09-09 11:52:50,USER102949,USER100450,41.06,Healthcare,Android,Pune,11,0,
TXN106018,2026-09-09 11:53:49,USER100677,USER101593,1035.58,Entertainment,Android,Delhi,11,0,
TXN106019,2026-09-09 11:56:12,USER101245,USER100689,3634.58,Shopping,Android,Jaipur,11,0,
TXN106020,2026-09-09 11:56:54,USER101720,USER101268,2328.93,P2P Transfer,Android,Mumbai,11,0,
TXN106021,2026-09-09 11:57:16,USER102395,MERCH200838,204.44,Food & Dining,Android,Chennai,11,0,
TXN106022,2026-09-09 11:57:47,USER101292,MERCH200701,444.25,Grocery,Android,Patna,11,0,
TXN106023,2026-09-09 11:58:49,USER102320,USER101726,137.32,Entertainment,Android,Kolkata,11,0,
TXN106024,2026-09-09 12:01:07,USER100111,MERCH201122,440.78,Utility Bills,Android,Bengaluru,12,0,
TXN106025,2026-09-09 12:01:10,USER100654,USER102400,313.9,Healthcare,Android,Jaipur,12,0,
TXN106026,2026-09-09 12:02:12,USER101108,USER101465,144.68,Travel,Android,Delhi,12,0,
TXN106027,2026-09-09 12:02:32,USER100927,USER102784,1265.12,Entertainment,Android,Hyderabad,12,0,
TXN106028,2026-09-09 12:03:28,USER101667,USER100172,1457.74,Fuel,Android,Hyderabad,12,0,
TXN106029,2026-09-09 12:04:24,USER102600,USER102300,800.03,Entertainment,Android,Kolkata,12,0,
TXN106030,2026-09-09 12:04:40,USER100454,USER101653,148.38,P2P Transfer,Android,Bengaluru,12,0,
TXN106031,2026-09-09 12:04:46,USER102436,USER102176,359.28,Entertainment,iOS,Pune,12,0,
TXN106032,2026-09-09 12:05:05,USER100956,USER100288,278.67,P2P Transfer,Android,Bengaluru,12,0,
TXN106033,2026-09-09 12:06:12,USER101462,USER101321,941.95,Healthcare,Android,Delhi,12,0,
TXN106034,2026-09-09 12:09:06,USER101528,USER102656,482.97,Healthcare,iOS,Indore,12,0,
TXN106035,2026-09-09 12:09:57,USER102588,USER101759,1332.83,Mobile Recharge,iOS,Mumbai,12,0,
TXN106036,2026-09-09 12:10:03,USER100106,USER102031,353.86,Travel,Android,Delhi,12,0,
TXN106037,2026-09-09 12:10:33,USER100616,MERCH200625,433.04,P2P Transfer,iOS,Hyderabad,12,0,
TXN106038,2026-09-09 12:10:34,USER101425,USER101330,317.46,Fuel,Android,Delhi,12,0,
TXN106039,2026-09-09 12:11:14,USER102488,USER101700,705.05,Travel,Android,Ahmedabad,12,0,
TXN106040,2026-09-09 12:11:50,USER101492,USER101185,106.43,Travel,iOS,Mumbai,12,0,
TXN106041,2026-09-09 12:12:35,USER101978,USER102793,138.24,Food & Dining,Android,Jaipur,12,0,
TXN106042,2026-09-09 12:15:22,USER100531,MERCH201282,31.49,Fuel,iOS,Hyderabad,12,0,
TXN106043,2026-09-09 12:17:03,USER102999,USER101372,301.4,P2P Transfer,Android,Delhi,12,0,
TXN106044,2026-09-09 12:17:10,USER101394,MERCH200933,945.17,P2P Transfer,Android,Chennai,12,0,
TXN106045,2026-09-09 12:18:00,USER102841,USER101061,1034.47,Grocery,Android,Mumbai,12,0,
TXN106046,2026-09-09 12:19:19,USER100876,MERCH201256,565.95,Fuel,iOS,Delhi,12,0,
TXN106047,2026-09-09 12:20:48,USER102323,MERCH200596,238.84,Utility Bills,Android,Ahmedabad,12,0,
TXN106048,2026-09-09 12:23:14,USER102533,MERCH200276,158.79,Entertainment,Android,Chennai,12,0,
TXN106049,2026-09-09 12:23:56,USER102591,USER101569,316.29,Utility Bills,Android,Bengaluru,12,0,
TXN106050,2026-09-09 12:24:07,USER100728,MERCH200849,899.23,Shopping,Android,Hyderabad,12,0,
TXN106051,2026-09-09 12:25:17,USER102087,USER101937,85.84,P2P Transfer,Android,Delhi,12,0,
TXN106052,2026-09-09 12:25:29,USER101746,USER100795,264.3,Fuel,Android,Ahmedabad,12,0,
TXN106053,2026-09-09 12:25:51,USER100803,USER101685,111.99,P2P Transfer,iOS,Pune,12,0,
TXN106054,2026-09-09 12:26:32,USER102694,USER100849,37.8,Grocery,Android,Pune,12,0,
TXN106055,2026-09-09 12:26:55,USER100316,USER100936,147.26,Utility Bills,Android,Mumbai,12,0,
TXN106056,2026-09-09 12:27:09,USER100146,USER101331,91.58,Grocery,Android,Ahmedabad,12,0,
TXN106057,2026-09-09 12:27:40,USER101631,MERCH200275,396.91,Grocery,Android,Patna,12,0,
TXN106058,2026-09-09 12:27:54,USER102161,MERCH200810,548.32,Healthcare,Android,Mumbai,12,0,
TXN106059,2026-09-09 12:27:57,USER100199,USER102223,2367.43,Travel,Android,Delhi,12,0,
TXN106060,2026-09-09 12:29:43,USER100953,USER101367,291.18,P2P Transfer,Android,Kolkata,12,0,
TXN106061,2026-09-09 12:30:08,USER100486,USER102934,290.11,Travel,Android,Hyderabad,12,0,
TXN106062,2026-09-09 12:30:10,USER102868,USER100181,105.54,Entertainment,iOS,Chennai,12,0,
TXN106063,2026-09-09 12:31:07,USER102319,USER101773,3435.76,Healthcare,Android,Bengaluru,12,0,
TXN106064,2026-09-09 12:33:00,USER101804,MERCH200317,927.76,Grocery,iOS,Delhi,12,0,
TXN106065,2026-09-09 12:33:57,USER102491,USER100009,94.32,Healthcare,Android,Mumbai,12,0,
TXN106066,2026-09-09 12:35:13,USER100759,USER100655,67.27,Grocery,Android,Delhi,12,0,
TXN106067,2026-09-09 12:37:33,USER101998,USER102302,311.59,P2P Transfer,Android,Delhi,12,0,
TXN106068,2026-09-09 12:37:42,USER101946,MERCH200489,688.33,Grocery,Android,Hyderabad,12,0,
TXN106069,2026-09-09 12:37:48,USER102849,USER102026,621.82,Food & Dining,iOS,Chennai,12,0,
TXN106070,2026-09-09 12:39:16,USER100229,MERCH200993,230.35,Utility Bills,iOS,Delhi,12,0,
TXN106071,2026-09-09 12:40:46,USER102142,USER101846,215.63,Healthcare,Android,Delhi,12,0,
TXN106072,2026-09-09 12:41:02,USER101645,USER100269,185.7,Grocery,Android,Indore,12,0,
TXN106073,2026-09-09 12:41:40,USER100395,MERCH201054,1720.21,P2P Transfer,Android,Mumbai,12,0,
TXN106074,2026-09-09 12:42:59,USER100635,USER102296,354.72,Fuel,Android,Hyderabad,12,0,
TXN106075,2026-09-09 12:43:42,USER100713,MERCH200801,215.96,Mobile Recharge,Android,Mumbai,12,0,
TXN106076,2026-09-09 12:44:17,USER101571,MERCH200037,89.78,Shopping,Android,Chennai,12,0,
TXN106077,2026-09-09 12:44:21,USER101298,USER102159,185.61,Grocery,Android,Chennai,12,0,
TXN106078,2026-09-09 12:44:28,USER102985,MERCH200937,114.55,Food & Dining,iOS,Delhi,12,0,
TXN106079,2026-09-09 12:44:35,USER100594,USER100830,412.11,Shopping,Android,Pune,12,0,
TXN106080,2026-09-09 12:45:15,USER102368,USER102334,179.24,Grocery,Android,Bengaluru,12,0,
TXN106081,2026-09-09 12:46:56,USER100710,USER100962,489.34,Travel,iOS,Lucknow,12,0,
TXN106082,2026-09-09 12:47:22,USER102652,USER102601,800.29,Travel,Android,Patna,12,0,
TXN106083,2026-09-09 12:47:28,USER101879,USER100692,378.54,Food & Dining,Android,Mumbai,12,0,
TXN106084,2026-09-09 12:48:35,USER102909,MERCH201127,39.22,Grocery,Android,Kolkata,12,0,
TXN106085,2026-09-09 12:48:53,USER101428,MERCH201201,331.46,Shopping,Android,Kolkata,12,0,
TXN106086,2026-09-09 12:49:55,USER101322,USER102018,124.07,Entertainment,Android,Bengaluru,12,0,
TXN106087,2026-09-09 12:50:02,USER101402,USER101444,811.41,Mobile Recharge,Android,Chennai,12,0,
TXN106088,2026-09-09 12:50:27,USER100209,USER102873,137.63,Fuel,Android,Kolkata,12,0,
TXN106089,2026-09-09 12:50:59,USER101045,USER100700,165.93,Food & Dining,Android,Jaipur,12,0,
TXN106090,2026-09-09 12:53:03,USER102287,USER100304,756.39,Healthcare,iOS,Pune,12,0,
TXN106091,2026-09-09 12:54:46,USER101435,USER100594,225.88,Food & Dining,Android,Kolkata,12,0,
TXN106092,2026-09-09 12:54:48,USER100835,USER101114,75.16,Grocery,Android,Ahmedabad,12,0,
TXN106093,2026-09-09 12:56:37,USER102532,USER100072,2278.53,Travel,Android,Jaipur,12,0,
TXN106094,2026-09-09 12:56:57,USER101459,MERCH201458,190.5,Grocery,Android,Hyderabad,12,0,
TXN106095,2026-09-09 13:01:24,USER101213,MERCH200136,254.97,Healthcare,Android,Mumbai,13,0,
TXN106096,2026-09-09 13:02:50,USER102415,USER102322,421.86,Grocery,iOS,Mumbai,13,0,
TXN106097,2026-09-09 13:03:02,USER101376,USER100997,201.31,P2P Transfer,Android,Bengaluru,13,0,
TXN106098,2026-09-09 13:03:41,USER101700,USER102101,216.92,Healthcare,Android,Kolkata,13,0,
TXN106099,2026-09-09 13:04:10,USER100802,USER102565,109.98,Travel,Android,Kolkata,13,0,
TXN106100,2026-09-09 13:05:07,USER100501,MERCH200986,701.03,Utility Bills,Android,Delhi,13,0,
TXN106101,2026-09-09 13:05:12,USER100323,USER100476,403.33,Healthcare,iOS,Mumbai,13,0,
TXN106102,2026-09-09 13:05:34,USER101445,USER101331,76.83,P2P Transfer,iOS,Pune,13,0,
TXN106103,2026-09-09 13:05:41,USER100919,USER102728,398.25,Food & Dining,iOS,Pune,13,0,
TXN106104,2026-09-09 13:05:56,USER102521,USER100250,1235.46,Food & Dining,Android,Hyderabad,13,0,
TXN106105,2026-09-09 13:12:13,USER100160,USER102301,3191.49,Healthcare,Android,Hyderabad,13,0,
TXN106106,2026-09-09 13:14:38,USER101440,USER101124,777.31,Travel,iOS,Delhi,13,0,
TXN106107,2026-09-09 13:18:33,USER101430,MERCH201434,691.84,Healthcare,Android,Kolkata,13,0,
TXN106108,2026-09-09 13:18:47,USER100486,USER101775,482.88,Entertainment,iOS,Jaipur,13,0,
TXN106109,2026-09-09 13:19:01,USER100155,USER100271,700.3,Mobile Recharge,Android,Bengaluru,13,0,
TXN106110,2026-09-09 13:19:42,USER102693,MERCH200445,741.4,Entertainment,Android,Hyderabad,13,0,
TXN106111,2026-09-09 13:20:55,USER102170,USER102051,291.53,Fuel,Android,Kolkata,13,0,
TXN106112,2026-09-09 13:23:45,USER100715,USER101260,62.55,P2P Transfer,Android,Indore,13,0,
TXN106113,2026-09-09 13:23:47,USER101830,USER101007,808.99,Travel,Android,Mumbai,13,0,
TXN106114,2026-09-09 13:23:59,USER101630,USER101541,179.29,Entertainment,Android,Chennai,13,0,
TXN106115,2026-09-09 13:26:00,USER102674,USER100600,224.38,Fuel,Android,Indore,13,0,
TXN106116,2026-09-09 13:26:14,USER101432,MERCH201206,586.25,Travel,Android,Hyderabad,13,0,
TXN106117,2026-09-09 13:28:23,USER100864,MERCH201427,33.68,Entertainment,Android,Patna,13,0,
TXN106118,2026-09-09 13:30:23,USER102419,USER100852,1501.09,Grocery,iOS,Delhi,13,0,
TXN106119,2026-09-09 13:30:41,USER101622,USER100949,890.24,Healthcare,iOS,Mumbai,13,0,
TXN106120,2026-09-09 13:31:45,USER100786,USER102885,2109.33,Entertainment,Android,Chennai,13,0,
TXN106121,2026-09-09 13:33:24,USER101907,MERCH200228,200.14,Healthcare,Android,Delhi,13,0,
TXN106122,2026-09-09 13:33:40,USER102037,USER102377,216.42,Shopping,iOS,Mumbai,13,0,
TXN106123,2026-09-09 13:33:57,USER100797,MERCH200434,120.35,Fuel,Android,Mumbai,13,0,
TXN106124,2026-09-09 13:34:24,USER102967,USER101633,229.35,Mobile Recharge,Android,Mumbai,13,0,
TXN106125,2026-09-09 13:34:26,USER101054,MERCH200384,442.89,Food & Dining,Android,Lucknow,13,0,
TXN106126,2026-09-09 13:35:09,USER100103,MERCH200519,89.1,Shopping,Android,Pune,13,0,
TXN106127,2026-09-09 13:37:26,USER101802,USER101830,114.57,Food & Dining,Android,Mumbai,13,0,
TXN106128,2026-09-09 13:40:17,USER101208,USER100987,74.42,Fuel,iOS,Mumbai,13,0,
TXN106129,2026-09-09 13:41:38,USER100814,MERCH200987,121.41,Travel,Android,Ahmedabad,13,0,
TXN106130,2026-09-09 13:42:50,USER100674,USER100556,848.57,Fuel,Android,Lucknow,13,0,
TXN106131,2026-09-09 13:43:28,USER100892,USER100802,409.16,Grocery,Android,Patna,13,0,
TXN106132,2026-09-09 13:44:24,USER102996,USER100165,108.77,Mobile Recharge,iOS,Hyderabad,13,0,
TXN106133,2026-09-09 13:44:58,USER101307,USER102234,2300.97,Mobile Recharge,Android,Bengaluru,13,0,
TXN106134,2026-09-09 13:45:00,USER102248,USER100698,175.81,P2P Transfer,Android,Bengaluru,13,0,
TXN106135,2026-09-09 13:46:15,USER102653,USER101039,759.69,Food & Dining,iOS,Delhi,13,0,
TXN106136,2026-09-09 13:46:44,USER100254,USER100904,391.38,Healthcare,Android,Delhi,13,0,
TXN106137,2026-09-09 13:47:46,USER100054,USER101115,67.63,Mobile Recharge,Android,Mumbai,13,0,
TXN106138,2026-09-09 13:49:56,USER101972,USER100473,49.16,Mobile Recharge,iOS,Patna,13,0,
TXN106139,2026-09-09 13:50:29,USER102331,USER102789,765.96,Healthcare,Android,Ahmedabad,13,0,
TXN106140,2026-09-09 13:51:00,USER101767,USER100912,343.79,Entertainment,Android,Delhi,13,0,
TXN106141,2026-09-09 13:51:52,USER102893,USER101322,517.15,Utility Bills,Android,Bengaluru,13,0,
TXN106142,2026-09-09 13:52:15,USER101338,USER101164,578.68,Entertainment,iOS,Hyderabad,13,0,
TXN106143,2026-09-09 13:53:26,USER100110,MERCH200662,67.47,Shopping,iOS,Mumbai,13,0,
TXN106144,2026-09-09 13:56:30,USER102907,USER102059,538.09,Fuel,Android,Patna,13,0,
TXN106145,2026-09-09 13:58:06,USER101183,USER100784,1040.49,Shopping,Android,Delhi,13,0,
TXN106146,2026-09-09 13:58:55,USER102507,USER102669,147.64,Fuel,Android,Bengaluru,13,0,
TXN106147,2026-09-09 13:59:28,USER100135,USER101622,3027.81,Shopping,Android,Jaipur,13,0,
TXN106148,2026-09-09 14:02:05,USER102053,MERCH200864,394.74,Utility Bills,Android,Chennai,14,0,
TXN106149,2026-09-09 14:02:37,USER102669,MERCH200899,453.68,Healthcare,Android,Chennai,14,0,
TXN106150,2026-09-09 14:03:09,USER101016,USER102510,976.4,Travel,Android,Delhi,14,0,
TXN106151,2026-09-09 14:04:32,USER102699,USER100195,930.26,Grocery,iOS,Pune,14,0,
TXN106152,2026-09-09 14:08:50,USER100098,USER102846,883.33,Grocery,Android,Bengaluru,14,0,
TXN106153,2026-09-09 14:09:35,USER100454,USER101624,1936.84,Food & Dining,Android,Ahmedabad,14,0,
TXN106154,2026-09-09 14:09:44,USER101310,USER102248,216.04,Travel,Android,Delhi,14,0,
TXN106155,2026-09-09 14:10:03,USER100906,USER101338,1675.82,Utility Bills,Android,Hyderabad,14,0,
TXN106156,2026-09-09 14:11:06,USER102387,USER100227,50000.0,Travel,Android,Ahmedabad,14,1,round_number
TXN106157,2026-09-09 14:11:15,USER101781,MERCH201242,1757.27,Food & Dining,Android,Delhi,14,0,
TXN106158,2026-09-09 14:11:59,USER100710,USER100880,6205.97,Grocery,Android,Chennai,14,0,
TXN106159,2026-09-09 14:13:04,USER101963,USER100863,568.65,P2P Transfer,Android,Mumbai,14,0,
TXN106160,2026-09-09 14:13:08,USER101037,MERCH200659,818.12,Shopping,Android,Bengaluru,14,0,
TXN106161,2026-09-09 14:13:37,USER101381,USER102156,1813.71,Food & Dining,iOS,Chennai,14,0,
TXN106162,2026-09-09 14:14:02,USER100669,USER101943,261.51,Grocery,Android,Delhi,14,0,
TXN106163,2026-09-09 14:14:37,USER101741,MERCH200215,962.37,Healthcare,Android,Mumbai,14,0,
TXN106164,2026-09-09 14:15:20,USER102427,MERCH201404,371.92,Food & Dining,iOS,Mumbai,14,0,
TXN106165,2026-09-09 14:15:42,USER101942,MERCH200610,224.29,Grocery,iOS,Bengaluru,14,0,
TXN106166,2026-09-09 14:19:09,USER102975,MERCH201263,504.82,Grocery,Android,Mumbai,14,0,
TXN106167,2026-09-09 14:19:20,USER101790,USER102586,184.8,Shopping,Android,Chennai,14,0,
TXN106168,2026-09-09 14:21:34,USER100016,USER100627,272.15,Shopping,Android,Chennai,14,0,
TXN106169,2026-09-09 14:24:32,USER100048,MERCH201450,193.13,Mobile Recharge,Android,Jaipur,14,0,
TXN106170,2026-09-09 14:25:18,USER101878,USER101322,35.1,Fuel,Android,Mumbai,14,0,
TXN106171,2026-09-09 14:30:05,USER100594,USER100137,2028.92,Food & Dining,Android,Mumbai,14,0,
TXN106172,2026-09-09 14:30:56,USER100417,USER101502,117.64,Shopping,iOS,Bengaluru,14,0,
TXN106173,2026-09-09 14:31:01,USER100239,MERCH200618,636.8,Shopping,iOS,Pune,14,0,
TXN106174,2026-09-09 14:34:09,USER101241,USER102324,531.44,Mobile Recharge,Android,Chennai,14,0,
TXN106175,2026-09-09 14:34:54,USER100729,MERCH200340,656.29,Mobile Recharge,Android,Mumbai,14,0,
TXN106176,2026-09-09 14:35:29,USER101673,USER101751,1020.66,Healthcare,Android,Bengaluru,14,0,
TXN106177,2026-09-09 14:35:40,USER102895,MERCH201442,374.85,Shopping,Android,Chennai,14,0,
TXN106178,2026-09-09 14:37:03,USER100545,USER101258,212.5,Mobile Recharge,iOS,Delhi,14,0,
TXN106179,2026-09-09 14:38:39,USER100102,USER101460,1001.2,Shopping,Android,Mumbai,14,0,
TXN106180,2026-09-09 14:39:28,USER102651,USER102723,186.38,Food & Dining,Android,Jaipur,14,0,
TXN106181,2026-09-09 14:41:42,USER101693,USER100116,156.55,Grocery,Android,Kolkata,14,0,
TXN106182,2026-09-09 14:43:38,USER102014,MERCH200943,160.89,P2P Transfer,Android,Mumbai,14,0,
TXN106183,2026-09-09 14:44:35,USER101984,USER102755,45.07,Mobile Recharge,Android,Mumbai,14,0,
TXN106184,2026-09-09 14:47:54,USER101856,USER102374,305.67,P2P Transfer,Android,Kolkata,14,0,
TXN106185,2026-09-09 14:52:22,USER101628,USER100138,261.33,Fuel,iOS,Bengaluru,14,0,
TXN106186,2026-09-09 14:52:57,USER100389,MERCH200785,783.89,Travel,Android,Delhi,14,0,
TXN106187,2026-09-09 14:53:29,USER100614,MERCH200884,2932.88,Grocery,Android,Mumbai,14,0,
TXN106188,2026-09-09 14:54:48,USER101123,USER101652,152.05,Grocery,Android,Pune,14,0,
TXN106189,2026-09-09 14:55:22,USER101284,USER101548,738.54,Healthcare,Android,Hyderabad,14,0,
TXN106190,2026-09-09 14:55:51,USER100074,MERCH200463,459.1,P2P Transfer,Android,Hyderabad,14,0,
TXN106191,2026-09-09 14:56:31,USER102726,USER100757,753.27,P2P Transfer,iOS,Kolkata,14,0,
TXN106192,2026-09-09 15:01:48,USER102336,USER100733,1028.96,Shopping,Android,Mumbai,15,0,
TXN106193,2026-09-09 15:01:50,USER100211,USER102466,41.59,P2P Transfer,Android,Hyderabad,15,0,
TXN106194,2026-09-09 15:07:07,USER101269,USER102011,469.44,Entertainment,iOS,Delhi,15,0,
TXN106195,2026-09-09 15:08:20,USER102420,USER100840,589.1,Fuel,Android,Bengaluru,15,0,
TXN106196,2026-09-09 15:09:07,USER102047,USER100799,660.49,Fuel,iOS,Delhi,15,0,
TXN106197,2026-09-09 15:10:24,USER101035,MERCH200402,540.05,Healthcare,Android,Hyderabad,15,0,
TXN106198,2026-09-09 15:11:09,USER101655,USER101631,602.68,Fuel,Android,Patna,15,0,
TXN106199,2026-09-09 15:11:15,USER101143,MERCH200655,667.92,P2P Transfer,Android,Chennai,15,0,
TXN106200,2026-09-09 15:12:55,USER100740,USER100933,203.91,Fuel,Android,Chennai,15,0,
TXN106201,2026-09-09 15:13:52,USER100478,USER100425,82.42,Utility Bills,iOS,Delhi,15,0,
TXN106202,2026-09-09 15:15:19,USER100822,USER101294,144.76,Utility Bills,iOS,Delhi,15,0,
TXN106203,2026-09-09 15:17:02,USER101406,USER101429,171.95,Entertainment,Android,Jaipur,15,0,
TXN106204,2026-09-09 15:18:11,USER100611,USER102515,132.76,P2P Transfer,iOS,Pune,15,0,
TXN106205,2026-09-09 15:18:55,USER100535,USER102500,1750.46,Food & Dining,Android,Ahmedabad,15,0,
TXN106206,2026-09-09 15:19:06,USER101342,USER101550,614.48,P2P Transfer,Android,Chennai,15,0,
TXN106207,2026-09-09 15:19:48,USER101679,MERCH201016,2189.88,Travel,Android,Pune,15,0,
TXN106208,2026-09-09 15:21:07,USER101744,USER101372,1338.72,Shopping,Android,Mumbai,15,0,
TXN106209,2026-09-09 15:21:45,USER100621,USER101926,195.2,Shopping,iOS,Jaipur,15,0,
TXN106210,2026-09-09 15:21:51,USER100448,USER102488,265.83,P2P Transfer,Android,Bengaluru,15,0,
TXN106211,2026-09-09 15:22:45,USER100052,MERCH201279,1855.5,Mobile Recharge,Android,Delhi,15,0,
TXN106212,2026-09-09 15:23:03,USER102486,MERCH200406,65.46,Grocery,iOS,Ahmedabad,15,0,
TXN106213,2026-09-09 15:23:25,USER102189,USER100834,1821.1,Shopping,Android,Kolkata,15,0,
TXN106214,2026-09-09 15:23:31,USER101234,MERCH200357,104.56,Travel,iOS,Delhi,15,0,
TXN106215,2026-09-09 15:27:24,USER100392,USER101468,359.51,Entertainment,Android,Kolkata,15,0,
TXN106216,2026-09-09 15:28:17,USER100092,USER100126,181.16,Mobile Recharge,Android,Delhi,15,0,
TXN106217,2026-09-09 15:28:48,USER100407,MERCH200455,227.24,Healthcare,Android,Mumbai,15,0,
TXN106218,2026-09-09 15:29:00,USER102630,USER102518,930.91,P2P Transfer,iOS,Delhi,15,1,velocity_burst
TXN106219,2026-09-09 15:30:25,USER102967,MERCH200802,161.89,Mobile Recharge,Android,Mumbai,15,0,
TXN106220,2026-09-09 15:32:43,USER102718,MERCH200293,431.36,Grocery,Android,Jaipur,15,0,
TXN106221,2026-09-09 15:34:12,USER102913,USER100841,153.63,Travel,Android,Patna,15,0,
TXN106222,2026-09-09 15:37:36,USER101750,USER102271,818.45,Entertainment,Android,Lucknow,15,0,
TXN106223,2026-09-09 15:38:42,USER102023,USER102034,454.5,Grocery,Android,Kolkata,15,0,
TXN106224,2026-09-09 15:39:42,USER100305,USER102109,1665.38,Shopping,Android,Patna,15,0,
TXN106225,2026-09-09 15:41:38,USER102252,MERCH200017,268.51,Travel,Android,Mumbai,15,0,
TXN106226,2026-09-09 15:42:31,USER101668,USER100599,631.99,Travel,Android,Bengaluru,15,0,
TXN106227,2026-09-09 15:45:06,USER100226,MERCH200523,300.05,Food & Dining,Android,Kolkata,15,0,
TXN106228,2026-09-09 15:46:29,USER101471,MERCH200212,312.47,P2P Transfer,Android,Hyderabad,15,0,
TXN106229,2026-09-09 15:47:13,USER101169,MERCH201375,132.97,Travel,Android,Ahmedabad,15,0,
TXN106230,2026-09-09 15:47:45,USER101396,USER102799,566.75,Fuel,Android,Delhi,15,0,
TXN106231,2026-09-09 15:48:41,USER101308,MERCH200465,1118.62,Healthcare,Android,Bengaluru,15,0,
TXN106232,2026-09-09 15:51:15,USER101707,USER102521,170.43,Mobile Recharge,Android,Pune,15,0,
TXN106233,2026-09-09 15:51:33,USER102992,USER102752,194.17,Grocery,Android,Kolkata,15,0,
TXN106234,2026-09-09 15:53:26,USER102707,USER101248,380.95,Healthcare,Android,Bengaluru,15,0,
TXN106235,2026-09-09 15:54:13,USER101545,MERCH200532,114.04,Utility Bills,iOS,Pune,15,0,
TXN106236,2026-09-09 15:54:37,USER100876,MERCH201265,70.31,Utility Bills,Android,Pune,15,0,
TXN106237,2026-09-09 15:56:29,USER101391,USER100147,336.85,Travel,iOS,Chennai,15,0,
TXN106238,2026-09-09 15:56:46,USER101131,MERCH200293,788.76,Travel,Android,Hyderabad,15,0,
TXN106239,2026-09-09 15:56:56,USER100831,MERCH200222,261.39,Entertainment,Android,Chennai,15,0,
TXN106240,2026-09-09 15:57:47,USER102061,MERCH200925,76.3,Fuel,iOS,Bengaluru,15,0,
TXN106241,2026-09-09 15:58:50,USER100035,USER101870,787.96,Utility Bills,Android,Mumbai,15,0,
TXN106242,2026-09-09 16:00:38,USER101225,USER101411,933.21,Healthcare,Android,Chennai,16,0,
TXN106243,2026-09-09 16:02:01,USER100602,USER102907,502.23,Utility Bills,Android,Chennai,16,0,
TXN106244,2026-09-09 16:02:48,USER102543,USER102712,931.7,Entertainment,Android,Delhi,16,0,
TXN106245,2026-09-09 16:02:51,USER102323,USER100238,124.27,Shopping,Android,Ahmedabad,16,0,
TXN106246,2026-09-09 16:06:12,USER102021,MERCH201115,102.78,Fuel,Android,Bengaluru,16,0,
TXN106247,2026-09-09 16:06:55,USER102344,USER100192,1082.28,Grocery,Android,Delhi,16,0,
TXN106248,2026-09-09 16:07:18,USER102596,MERCH200929,2767.48,Grocery,iOS,Hyderabad,16,0,
TXN106249,2026-09-09 16:10:19,USER101816,USER101039,252.69,Shopping,Android,Indore,16,0,
TXN106250,2026-09-09 16:10:48,USER102004,USER102617,189.18,Travel,iOS,Mumbai,16,0,
TXN106251,2026-09-09 16:11:35,USER102463,USER102915,674.16,Grocery,Android,Hyderabad,16,0,
TXN106252,2026-09-09 16:11:48,USER100777,USER100605,306.35,Utility Bills,iOS,Hyderabad,16,0,
TXN106253,2026-09-09 16:11:50,USER101564,MERCH200210,2285.25,Entertainment,iOS,Delhi,16,0,
TXN106254,2026-09-09 16:13:00,USER100483,MERCH200305,852.71,Food & Dining,Android,Hyderabad,16,0,
TXN106255,2026-09-09 16:13:02,USER102254,USER101588,123.53,Food & Dining,Android,Indore,16,0,
TXN106256,2026-09-09 16:15:06,USER102939,USER100105,541.01,Entertainment,Android,Lucknow,16,0,
TXN106257,2026-09-09 16:16:14,USER102876,USER101799,153.73,Healthcare,Android,Ahmedabad,16,0,
TXN106258,2026-09-09 16:17:50,USER100829,USER100803,168.82,Grocery,Android,Patna,16,0,
TXN106259,2026-09-09 16:18:51,USER102892,USER101599,118.42,Utility Bills,Android,Pune,16,0,
TXN106260,2026-09-09 16:19:35,USER102296,USER101475,2461.65,Entertainment,Android,Mumbai,16,0,
TXN106261,2026-09-09 16:19:55,USER100055,MERCH201106,634.44,Food & Dining,Android,Bengaluru,16,0,
TXN106262,2026-09-09 16:22:20,USER100895,USER102505,133.12,Entertainment,Android,Pune,16,0,
TXN106263,2026-09-09 16:22:23,USER102777,USER100522,49.87,Healthcare,iOS,Chennai,16,0,
TXN106264,2026-09-09 16:24:41,USER101917,USER102824,856.83,Travel,Android,Ahmedabad,16,0,
TXN106265,2026-09-09 16:24:44,USER102258,MERCH201065,4976.03,Healthcare,iOS,Delhi,16,0,
TXN106266,2026-09-09 16:26:19,USER100228,MERCH201262,8241.27,P2P Transfer,Android,Delhi,16,0,
TXN106267,2026-09-09 16:27:07,USER102183,USER102223,594.45,Grocery,Android,Delhi,16,0,
TXN106268,2026-09-09 16:27:42,USER100284,USER102964,464.98,Food & Dining,Android,Chennai,16,0,
TXN106269,2026-09-09 16:31:47,USER100355,USER100071,1791.33,Grocery,Android,Hyderabad,16,0,
TXN106270,2026-09-09 16:32:33,USER101740,USER102750,2266.91,Utility Bills,Android,Delhi,16,0,
TXN106271,2026-09-09 16:32:40,USER101121,MERCH200295,1720.29,Grocery,Android,Delhi,16,0,
TXN106272,2026-09-09 16:33:55,USER102523,USER101629,1079.29,Food & Dining,Android,Delhi,16,0,
TXN106273,2026-09-09 16:34:23,USER101003,USER102613,109.94,Mobile Recharge,Android,Mumbai,16,0,
TXN106274,2026-09-09 16:35:12,USER102054,USER101399,570.94,Fuel,Android,Pune,16,0,
TXN106275,2026-09-09 16:37:35,USER100447,MERCH200416,749.74,Fuel,Android,Chennai,16,0,
TXN106276,2026-09-09 16:39:39,USER102223,USER100819,711.9,Utility Bills,Android,Pune,16,0,
TXN106277,2026-09-09 16:40:41,USER101593,USER101040,1480.29,Travel,Android,Kolkata,16,0,
TXN106278,2026-09-09 16:41:43,USER102701,MERCH200578,778.29,Food & Dining,Android,Delhi,16,0,
TXN106279,2026-09-09 16:47:07,USER102202,MERCH200108,228.92,Entertainment,Android,Hyderabad,16,0,
TXN106280,2026-09-09 16:54:44,USER102663,USER100694,994.25,Shopping,Android,Pune,16,0,
TXN106281,2026-09-09 16:57:18,USER101484,USER102079,145.09,Mobile Recharge,Android,Mumbai,16,0,
TXN106282,2026-09-09 17:01:35,USER101663,MERCH200506,25000.0,Entertainment,iOS,Lucknow,17,1,round_number
TXN106283,2026-09-09 17:03:29,USER102195,USER102540,227.41,Grocery,iOS,Bengaluru,17,0,
TXN106284,2026-09-09 17:04:16,USER100541,USER101359,2412.26,Shopping,Android,Mumbai,17,0,
TXN106285,2026-09-09 17:04:33,USER102168,USER100408,1240.82,Shopping,Android,Pune,17,0,
TXN106286,2026-09-09 17:04:45,USER100569,MERCH201050,778.07,Utility Bills,Android,Hyderabad,17,0,
TXN106287,2026-09-09 17:05:12,USER100090,MERCH201160,190.46,Entertainment,Android,Mumbai,17,0,
TXN106288,2026-09-09 17:06:59,USER101049,MERCH200117,2121.85,Fuel,Android,Chennai,17,0,
TXN106289,2026-09-09 17:07:08,USER100324,USER101756,358.34,Mobile Recharge,Android,Pune,17,0,
TXN106290,2026-09-09 17:07:47,USER101987,USER102856,272.24,Shopping,iOS,Mumbai,17,0,
TXN106291,2026-09-09 17:12:06,USER101470,MERCH200657,163.9,P2P Transfer,iOS,Indore,17,0,
TXN106292,2026-09-09 17:13:05,USER101764,MERCH200534,1298.29,Grocery,Android,Delhi,17,0,
TXN106293,2026-09-09 17:13:17,USER100984,USER102188,248.22,Shopping,Android,Lucknow,17,0,
TXN106294,2026-09-09 17:15:21,USER102636,MERCH200368,1827.96,P2P Transfer,iOS,Bengaluru,17,0,
TXN106295,2026-09-09 17:15:30,USER102028,USER101950,334.25,Utility Bills,Android,Chennai,17,0,
TXN106296,2026-09-09 17:20:08,USER101432,USER100006,237.01,Shopping,iOS,Pune,17,0,
TXN106297,2026-09-09 17:20:36,USER102861,MERCH201265,795.69,Mobile Recharge,Android,Hyderabad,17,0,
TXN106298,2026-09-09 17:21:03,USER102225,MERCH201300,90.25,Mobile Recharge,Android,Bengaluru,17,0,
TXN106299,2026-09-09 17:21:04,USER100893,MERCH201227,45.87,Mobile Recharge,Android,Mumbai,17,0,
TXN106300,2026-09-09 17:23:30,USER102953,USER101433,366.31,Shopping,Android,Mumbai,17,0,
TXN106301,2026-09-09 17:27:04,USER101567,USER101016,924.17,Healthcare,Android,Bengaluru,17,0,
TXN106302,2026-09-09 17:28:19,USER101231,MERCH200968,208.07,Mobile Recharge,Android,Hyderabad,17,0,
TXN106303,2026-09-09 17:29:37,USER102470,MERCH201298,188.73,Mobile Recharge,iOS,Mumbai,17,0,
TXN106304,2026-09-09 17:30:09,USER101992,USER101038,1236.26,Food & Dining,iOS,Mumbai,17,0,
TXN106305,2026-09-09 17:30:39,USER102922,USER101941,371.88,Mobile Recharge,Android,Patna,17,0,
TXN106306,2026-09-09 17:34:47,USER102697,USER102419,1951.99,Grocery,iOS,Chennai,17,0,
TXN106307,2026-09-09 17:35:44,USER102514,USER100440,495.96,Grocery,Android,Mumbai,17,0,
TXN106308,2026-09-09 17:40:54,USER102501,USER100885,1140.65,Mobile Recharge,Android,Chennai,17,0,
TXN106309,2026-09-09 17:42:30,USER102104,USER101143,159.17,P2P Transfer,Android,Chennai,17,0,
TXN106310,2026-09-09 17:42:35,USER102428,MERCH201403,112.74,Fuel,Android,Bengaluru,17,0,
TXN106311,2026-09-09 17:45:08,USER101111,MERCH201044,244.77,Travel,Android,Hyderabad,17,0,
TXN106312,2026-09-09 17:47:55,USER102333,USER100408,182.25,Fuel,Android,Hyderabad,17,0,
TXN106313,2026-09-09 17:48:56,USER100532,USER101197,651.02,Utility Bills,Android,Indore,17,0,
TXN106314,2026-09-09 17:48:57,USER102991,USER100415,810.5,Food & Dining,Android,Kolkata,17,0,
TXN106315,2026-09-09 17:49:17,USER101411,MERCH200180,384.82,Healthcare,Android,Lucknow,17,0,
TXN106316,2026-09-09 17:49:42,USER100096,MERCH200799,236.88,Travel,Android,Ahmedabad,17,0,
TXN106317,2026-09-09 17:50:40,USER102696,USER100822,1951.19,Fuel,Android,Mumbai,17,0,
TXN106318,2026-09-09 17:51:36,USER102348,USER101761,586.41,Food & Dining,Android,Pune,17,0,
TXN106319,2026-09-09 17:51:40,USER100667,MERCH201295,222.47,Shopping,Android,Mumbai,17,0,
TXN106320,2026-09-09 17:56:06,USER100906,MERCH200978,805.96,Shopping,Android,Hyderabad,17,0,
TXN106321,2026-09-09 17:59:22,USER102420,USER100504,659.41,Fuel,Android,Hyderabad,17,0,
TXN106322,2026-09-09 17:59:59,USER100628,USER101758,232.16,Food & Dining,Android,Jaipur,17,0,
TXN106323,2026-09-09 18:00:05,USER102941,MERCH200789,2574.0,Utility Bills,Android,Lucknow,18,0,
TXN106324,2026-09-09 18:02:32,USER100591,USER102644,5338.91,Healthcare,Android,Mumbai,18,0,
TXN106325,2026-09-09 18:02:34,USER101607,MERCH200816,94.32,Food & Dining,Android,Ahmedabad,18,0,
TXN106326,2026-09-09 18:04:52,USER102168,MERCH200775,693.22,Fuel,Android,Chennai,18,0,
TXN106327,2026-09-09 18:05:35,USER102179,MERCH200095,736.5,Mobile Recharge,iOS,Bengaluru,18,0,
TXN106328,2026-09-09 18:07:45,USER101006,USER100552,990.4,Travel,Android,Kolkata,18,0,
TXN106329,2026-09-09 18:07:55,USER100159,MERCH201173,1623.17,Mobile Recharge,Android,Pune,18,0,
TXN106330,2026-09-09 18:10:13,USER101929,MERCH200587,671.53,Utility Bills,iOS,Pune,18,0,
TXN106331,2026-09-09 18:10:45,USER101432,MERCH200060,939.81,P2P Transfer,Android,Chennai,18,0,
TXN106332,2026-09-09 18:10:55,USER102359,USER102576,156.66,Utility Bills,Android,Hyderabad,18,0,
TXN106333,2026-09-09 18:11:21,USER102486,USER102901,228.59,Mobile Recharge,Android,Patna,18,0,
TXN106334,2026-09-09 18:12:07,USER100104,USER101033,99.2,Grocery,Android,Delhi,18,0,
TXN106335,2026-09-09 18:12:53,USER101002,USER100943,1280.62,Fuel,Android,Mumbai,18,0,
TXN106336,2026-09-09 18:13:24,USER101841,USER102830,1179.13,Food & Dining,Android,Mumbai,18,0,
TXN106337,2026-09-09 18:20:51,USER102804,USER100643,4689.0,Mobile Recharge,Android,Hyderabad,18,0,
TXN106338,2026-09-09 18:21:14,USER100496,MERCH200300,205.84,Entertainment,Android,Delhi,18,0,
TXN106339,2026-09-09 18:24:58,USER101053,MERCH200436,1861.81,Fuel,Android,Patna,18,0,
TXN106340,2026-09-09 18:27:23,USER100581,USER101055,87.85,Utility Bills,Android,Kolkata,18,0,
TXN106341,2026-09-09 18:27:48,USER100384,USER102507,113.5,Mobile Recharge,Android,Hyderabad,18,0,
TXN106342,2026-09-09 18:27:56,USER100050,MERCH200679,1890.79,Shopping,Android,Mumbai,18,0,
TXN106343,2026-09-09 18:28:42,USER100142,USER101742,534.3,P2P Transfer,Android,Hyderabad,18,0,
TXN106344,2026-09-09 18:29:00,USER102214,MERCH200528,7189.2,P2P Transfer,Android,Kolkata,18,1,velocity_burst
TXN106345,2026-09-09 18:29:21,USER100663,MERCH201056,1116.99,Mobile Recharge,Android,Jaipur,18,0,
TXN106346,2026-09-09 18:30:14,USER101693,USER101908,223.09,Entertainment,iOS,Mumbai,18,0,
TXN106347,2026-09-09 18:32:00,USER102725,USER101236,4406.19,Fuel,Android,Bengaluru,18,0,
TXN106348,2026-09-09 18:32:06,USER100970,MERCH201449,783.44,P2P Transfer,Android,Bengaluru,18,0,
TXN106349,2026-09-09 18:32:33,USER101025,USER102389,493.7,P2P Transfer,Android,Pune,18,0,
TXN106350,2026-09-09 18:33:20,USER101305,MERCH200133,39.48,Shopping,Android,Chennai,18,0,
TXN106351,2026-09-09 18:33:57,USER100212,USER100525,1029.6,Fuel,iOS,Chennai,18,0,
TXN106352,2026-09-09 18:35:12,USER102745,USER101316,217.09,Mobile Recharge,Android,Jaipur,18,0,
TXN106353,2026-09-09 18:38:01,USER101753,USER100128,228.35,Utility Bills,iOS,Delhi,18,0,
TXN106354,2026-09-09 18:38:37,USER101422,USER102208,170.1,Travel,Android,Chennai,18,0,
TXN106355,2026-09-09 18:38:58,USER102194,USER100405,43.59,P2P Transfer,Android,Ahmedabad,18,0,
TXN106356,2026-09-09 18:39:50,USER102123,MERCH201127,418.65,Fuel,Android,Kolkata,18,0,
TXN106357,2026-09-09 18:40:28,USER100426,MERCH200007,602.2,Shopping,Android,Mumbai,18,0,
TXN106358,2026-09-09 18:41:10,USER100073,USER100918,617.69,Fuel,iOS,Mumbai,18,0,
TXN106359,2026-09-09 18:41:14,USER101449,USER100053,1265.51,Fuel,Android,Pune,18,0,
TXN106360,2026-09-09 18:41:20,USER101178,MERCH200313,310.4,Shopping,Android,Delhi,18,0,
TXN106361,2026-09-09 18:41:35,USER101142,MERCH201068,434.74,Grocery,Android,Patna,18,0,
TXN106362,2026-09-09 18:41:37,USER100484,USER102663,216.67,Food & Dining,Android,Kolkata,18,0,
TXN106363,2026-09-09 18:41:43,USER102130,USER101530,1426.67,Utility Bills,Android,Mumbai,18,0,
TXN106364,2026-09-09 18:41:56,USER100265,USER100475,166.02,Grocery,Android,Delhi,18,0,
TXN106365,2026-09-09 18:43:47,USER102480,USER102083,437.41,Healthcare,Android,Delhi,18,0,
TXN106366,2026-09-09 18:44:03,USER100786,USER102017,732.4,Utility Bills,Android,Delhi,18,0,
TXN106367,2026-09-09 18:45:27,USER100452,MERCH201422,741.16,Travel,Android,Pune,18,0,
TXN106368,2026-09-09 18:46:06,USER102955,USER102377,4832.83,Shopping,Android,Mumbai,18,0,
TXN106369,2026-09-09 18:47:57,USER100426,MERCH200184,233.82,Shopping,Android,Jaipur,18,0,
TXN106370,2026-09-09 18:49:12,USER101240,MERCH201355,336.85,Grocery,Android,Bengaluru,18,0,
TXN106371,2026-09-09 18:49:59,USER100759,USER102623,1126.55,Shopping,Android,Hyderabad,18,0,
TXN106372,2026-09-09 18:51:32,USER100295,MERCH201134,148.51,Food & Dining,Android,Kolkata,18,0,
TXN106373,2026-09-09 18:53:48,USER100971,MERCH200789,118.05,Utility Bills,Android,Hyderabad,18,0,
TXN106374,2026-09-09 18:57:33,USER102470,MERCH200454,285.79,Mobile Recharge,Android,Pune,18,0,
TXN106375,2026-09-09 18:58:45,USER102446,USER100366,91.65,Travel,Android,Delhi,18,0,
TXN106376,2026-09-09 18:58:56,USER102587,USER100377,1216.05,Travel,Android,Delhi,18,0,
TXN106377,2026-09-09 18:59:58,USER100745,MERCH201042,619.49,Travel,Android,Mumbai,18,0,
TXN106378,2026-09-09 19:00:46,USER101651,USER101831,977.04,Travel,Android,Bengaluru,19,0,
TXN106379,2026-09-09 19:00:58,USER102557,MERCH201310,330.17,Utility Bills,Android,Chennai,19,0,
TXN106380,2026-09-09 19:01:25,USER102349,USER100260,199.69,Mobile Recharge,Android,Chennai,19,0,
TXN106381,2026-09-09 19:01:48,USER102210,MERCH200857,146.36,P2P Transfer,iOS,Patna,19,0,
TXN106382,2026-09-09 19:02:21,USER100615,USER101555,663.28,Shopping,Android,Hyderabad,19,0,
TXN106383,2026-09-09 19:02:42,USER101395,USER102425,61243.02,Shopping,New Device,Delhi,19,1,new_device_high
TXN106384,2026-09-09 19:03:18,USER101836,USER102595,615.96,Utility Bills,Android,Mumbai,19,0,
TXN106385,2026-09-09 19:05:26,USER101247,USER102464,129.53,Mobile Recharge,Android,Delhi,19,0,
TXN106386,2026-09-09 19:07:04,USER100601,USER100792,241.57,P2P Transfer,iOS,Mumbai,19,0,
TXN106387,2026-09-09 19:07:15,USER102988,USER101381,109.36,Travel,Android,Bengaluru,19,0,
TXN106388,2026-09-09 19:07:21,USER101319,USER100360,148.08,Healthcare,Android,Hyderabad,19,0,
TXN106389,2026-09-09 19:08:29,USER100142,USER101201,508.09,Food & Dining,Android,Bengaluru,19,0,
TXN106390,2026-09-09 19:13:55,USER102894,USER102467,259.11,Healthcare,Android,Delhi,19,0,
TXN106391,2026-09-09 19:14:14,USER101613,USER102095,747.2,Entertainment,Android,Hyderabad,19,0,
TXN106392,2026-09-09 19:14:48,USER101744,MERCH200629,238.78,Utility Bills,Android,Hyderabad,19,0,
TXN106393,2026-09-09 19:14:49,USER101723,USER100144,670.99,Utility Bills,Android,Kolkata,19,0,
TXN106394,2026-09-09 19:15:42,USER100471,USER100117,3978.09,Utility Bills,Android,Delhi,19,0,
TXN106395,2026-09-09 19:16:24,USER102210,USER100488,99.79,Healthcare,Android,Hyderabad,19,0,
TXN106396,2026-09-09 19:16:41,USER100422,USER102937,65.28,P2P Transfer,Android,Delhi,19,0,
TXN106397,2026-09-09 19:17:33,USER100066,USER101558,587.44,Shopping,iOS,Hyderabad,19,0,
TXN106398,2026-09-09 19:17:48,USER101116,USER101275,261.74,Healthcare,Android,Delhi,19,0,
TXN106399,2026-09-09 19:18:07,USER102230,USER100590,562.25,Shopping,Android,Hyderabad,19,0,
TXN106400,2026-09-09 19:18:55,USER101235,USER100531,292.95,Healthcare,Android,Kolkata,19,0,
TXN106401,2026-09-09 19:24:29,USER101565,USER102650,1435.87,Healthcare,Android,Hyderabad,19,0,
TXN106402,2026-09-09 19:25:30,USER101970,USER101448,761.16,Utility Bills,iOS,Mumbai,19,0,
TXN106403,2026-09-09 19:25:47,USER100022,MERCH201074,1426.86,Entertainment,Android,Delhi,19,0,
TXN106404,2026-09-09 19:28:10,USER101948,USER100189,605.97,Fuel,Android,Delhi,19,0,
TXN106405,2026-09-09 19:32:18,USER100397,USER100413,345.72,Food & Dining,Android,Ahmedabad,19,0,
TXN106406,2026-09-09 19:33:36,USER101815,MERCH200499,413.77,Mobile Recharge,Android,Hyderabad,19,0,
TXN106407,2026-09-09 19:33:41,USER100932,USER100744,232.09,Shopping,iOS,Delhi,19,0,
TXN106408,2026-09-09 19:34:20,USER100457,USER100458,4135.95,Entertainment,Android,Delhi,19,0,
TXN106409,2026-09-09 19:35:02,USER102080,USER100595,675.7,Utility Bills,Android,Hyderabad,19,0,
TXN106410,2026-09-09 19:37:35,USER101695,USER101383,176.3,Travel,Android,Ahmedabad,19,0,
TXN106411,2026-09-09 19:37:40,USER102242,USER102521,313.9,Travel,iOS,Delhi,19,0,
TXN106412,2026-09-09 19:38:13,USER100189,MERCH200759,1186.42,Food & Dining,Android,Chennai,19,0,
TXN106413,2026-09-09 19:38:41,USER101476,USER100315,93.41,Healthcare,Android,Lucknow,19,0,
TXN106414,2026-09-09 19:38:48,USER102126,MERCH201035,359.77,Fuel,iOS,Chennai,19,0,
TXN106415,2026-09-09 19:41:43,USER100437,USER100322,4112.62,Grocery,iOS,Chennai,19,0,
TXN106416,2026-09-09 19:41:54,USER101338,MERCH200064,436.37,Utility Bills,Android,Chennai,19,0,
TXN106417,2026-09-09 19:43:38,USER100211,USER101864,752.19,Mobile Recharge,Android,Mumbai,19,0,
TXN106418,2026-09-09 19:44:53,USER102599,MERCH201322,281.24,Fuel,Android,Chennai,19,0,
TXN106419,2026-09-09 19:47:06,USER101611,MERCH200076,1194.88,Food & Dining,Android,Mumbai,19,0,
TXN106420,2026-09-09 19:47:18,USER101952,USER102568,309.39,Healthcare,Android,Mumbai,19,0,
TXN106421,2026-09-09 19:48:42,USER102443,USER102588,191.99,Fuel,Android,Kolkata,19,0,
TXN106422,2026-09-09 19:49:50,USER100602,USER100666,606.51,Utility Bills,Android,Mumbai,19,0,
TXN106423,2026-09-09 19:52:49,USER100248,MERCH201421,374.78,P2P Transfer,Android,Kolkata,19,0,
TXN106424,2026-09-09 19:55:31,USER102506,USER102079,1152.68,Food & Dining,Android,Ahmedabad,19,0,
TXN106425,2026-09-09 19:57:21,USER101503,USER102146,37.54,Food & Dining,Android,Jaipur,19,0,
TXN106426,2026-09-09 20:02:35,USER101887,USER100360,376.6,Fuel,Android,Ahmedabad,20,0,
TXN106427,2026-09-09 20:08:16,USER100448,MERCH201325,479.34,Travel,Android,Mumbai,20,0,
TXN106428,2026-09-09 20:09:54,USER100916,USER102580,183.63,Utility Bills,Android,Bengaluru,20,0,
TXN106429,2026-09-09 20:10:31,USER102064,USER100833,599.26,Travel,iOS,Mumbai,20,0,
TXN106430,2026-09-09 20:10:51,USER102351,USER101183,613.96,Fuel,iOS,Kolkata,20,0,
TXN106431,2026-09-09 20:16:28,USER101631,USER102560,294.05,Travel,Android,Delhi,20,0,
TXN106432,2026-09-09 20:21:10,USER102194,USER101837,171.07,Utility Bills,Android,Pune,20,0,
TXN106433,2026-09-09 20:22:12,USER100435,MERCH200971,556.09,Shopping,Android,Pune,20,0,
TXN106434,2026-09-09 20:22:29,USER102004,MERCH200991,439.65,Grocery,iOS,Bengaluru,20,0,
TXN106435,2026-09-09 20:26:24,USER101074,USER102021,828.97,Utility Bills,Android,Ahmedabad,20,0,
TXN106436,2026-09-09 20:27:55,USER101400,USER102155,53.12,Healthcare,Android,Bengaluru,20,0,
TXN106437,2026-09-09 20:29:25,USER101640,MERCH201374,206.12,Mobile Recharge,Android,Mumbai,20,0,
TXN106438,2026-09-09 20:29:30,USER101193,MERCH201020,620.6,Entertainment,Android,Chennai,20,0,
TXN106439,2026-09-09 20:30:53,USER101516,MERCH200093,1179.59,Healthcare,Android,Mumbai,20,0,
TXN106440,2026-09-09 20:37:07,USER102487,USER101426,498.01,Mobile Recharge,Android,Mumbai,20,0,
TXN106441,2026-09-09 20:37:24,USER101923,MERCH200295,250.23,Healthcare,Android,Pune,20,0,
TXN106442,2026-09-09 20:41:04,USER102623,MERCH200472,109.73,Healthcare,iOS,Ahmedabad,20,0,
TXN106443,2026-09-09 20:42:43,USER102779,USER102638,347.18,Mobile Recharge,Android,Delhi,20,0,
TXN106444,2026-09-09 20:43:36,USER100451,USER100768,45.02,Utility Bills,Android,Patna,20,0,
TXN106445,2026-09-09 20:44:28,USER100244,USER102358,122.64,Travel,Android,Kolkata,20,0,
TXN106446,2026-09-09 20:45:29,USER101930,USER100388,624.51,Healthcare,Android,Lucknow,20,0,
TXN106447,2026-09-09 20:49:35,USER102744,MERCH200556,199.26,P2P Transfer,Android,Hyderabad,20,0,
TXN106448,2026-09-09 20:50:03,USER100414,MERCH200029,197.7,Entertainment,iOS,Kolkata,20,0,
TXN106449,2026-09-09 20:50:09,USER102513,USER102409,710.09,Entertainment,Android,Chennai,20,0,
TXN106450,2026-09-09 20:50:09,USER100882,USER101444,3535.55,Travel,Android,Hyderabad,20,0,
TXN106451,2026-09-09 20:55:17,USER101781,MERCH200330,742.41,Fuel,iOS,Delhi,20,0,
TXN106452,2026-09-09 20:55:37,USER100994,MERCH200639,390.02,Food & Dining,Android,Patna,20,0,
TXN106453,2026-09-09 20:55:44,USER102599,MERCH200326,1447.11,Fuel,Android,Hyderabad,20,0,
TXN106454,2026-09-09 20:57:43,USER101778,MERCH200463,120.59,Travel,Android,Mumbai,20,0,
TXN106455,2026-09-09 20:57:54,USER101679,USER102618,58.84,Healthcare,Android,Bengaluru,20,0,
TXN106456,2026-09-09 20:58:59,USER102514,MERCH201160,138.01,Fuel,iOS,Delhi,20,0,
TXN106457,2026-09-09 21:05:00,USER101877,MERCH201196,110.72,Entertainment,iOS,Jaipur,21,0,
TXN106458,2026-09-09 21:05:22,USER100899,USER101516,234.97,Healthcare,Android,Hyderabad,21,0,
TXN106459,2026-09-09 21:09:28,USER101958,USER100365,113.55,Grocery,Android,Kolkata,21,0,
TXN106460,2026-09-09 21:14:27,USER102434,USER102372,264.14,P2P Transfer,iOS,Delhi,21,0,
TXN106461,2026-09-09 21:15:45,USER102183,USER101633,200.92,Grocery,Android,Bengaluru,21,0,
TXN106462,2026-09-09 21:16:06,USER100572,USER100426,156.36,Travel,iOS,Delhi,21,0,
TXN106463,2026-09-09 21:16:15,USER101902,MERCH200434,49.44,Fuel,Android,Delhi,21,0,
TXN106464,2026-09-09 21:16:43,USER102299,USER100519,742.08,Healthcare,Android,Chennai,21,0,
TXN106465,2026-09-09 21:18:46,USER100193,USER100312,119.6,Grocery,Android,Delhi,21,0,
TXN106466,2026-09-09 21:21:12,USER101029,USER102948,2808.91,Utility Bills,Android,Pune,21,0,
TXN106467,2026-09-09 21:23:47,USER101953,USER102220,122.38,Grocery,Android,Chennai,21,0,
TXN106468,2026-09-09 21:24:02,USER102156,USER101027,327.35,Fuel,Android,Pune,21,0,
TXN106469,2026-09-09 21:26:00,USER101366,USER102230,7750.57,P2P Transfer,iOS,Bengaluru,21,1,velocity_burst
TXN106470,2026-09-09 21:28:58,USER100777,USER102793,191.79,Utility Bills,Android,Ahmedabad,21,0,
TXN106471,2026-09-09 21:29:45,USER100788,USER101166,1073.92,Grocery,Android,Kolkata,21,0,
TXN106472,2026-09-09 21:30:13,USER102354,MERCH201116,63.1,Food & Dining,Android,Delhi,21,0,
TXN106473,2026-09-09 21:34:03,USER100805,USER101377,68.05,Mobile Recharge,Android,Kolkata,21,0,
TXN106474,2026-09-09 21:34:05,USER100879,MERCH200257,100.34,Mobile Recharge,Android,Jaipur,21,0,
TXN106475,2026-09-09 21:34:55,USER101756,USER101785,529.76,P2P Transfer,iOS,Delhi,21,0,
TXN106476,2026-09-09 21:41:15,USER101070,USER101061,1068.1,Healthcare,Android,Bengaluru,21,0,
TXN106477,2026-09-09 21:42:23,USER102219,USER100897,1997.92,Food & Dining,Android,Patna,21,0,
TXN106478,2026-09-09 21:42:25,USER101273,USER100996,218.59,Shopping,Android,Patna,21,0,
TXN106479,2026-09-09 21:42:43,USER100895,USER102585,368.61,Shopping,Android,Mumbai,21,0,
TXN106480,2026-09-09 21:43:41,USER100969,USER101141,337.15,Food & Dining,Android,Mumbai,21,0,
TXN106481,2026-09-09 21:44:27,USER100282,USER101421,110.05,Grocery,Android,Indore,21,0,
TXN106482,2026-09-09 21:46:35,USER102741,USER102850,405.04,Food & Dining,iOS,Ahmedabad,21,0,
TXN106483,2026-09-09 21:46:46,USER101787,USER102577,895.79,Utility Bills,Android,Patna,21,0,
TXN106484,2026-09-09 21:46:46,USER101600,USER100947,82.23,Healthcare,Android,Mumbai,21,0,
TXN106485,2026-09-09 21:49:18,USER102934,USER100025,72.11,Mobile Recharge,Android,Bengaluru,21,0,
TXN106486,2026-09-09 21:50:25,USER100062,MERCH201360,328.48,Fuel,Android,Pune,21,0,
TXN106487,2026-09-09 21:50:31,USER100973,MERCH201009,1433.6,Healthcare,Android,Bengaluru,21,0,
TXN106488,2026-09-09 21:50:59,USER101336,USER101919,215.61,P2P Transfer,iOS,Mumbai,21,0,
TXN106489,2026-09-09 21:51:47,USER101176,USER102899,77.93,Entertainment,Android,Patna,21,0,
TXN106490,2026-09-09 21:52:57,USER100840,MERCH201413,103.17,Healthcare,Android,Pune,21,0,
TXN106491,2026-09-09 21:53:14,USER101290,USER102152,576.4,Travel,Android,Bengaluru,21,0,
TXN106492,2026-09-09 21:53:35,USER102699,MERCH200290,1810.28,Grocery,Android,Mumbai,21,0,
TXN106493,2026-09-09 21:53:40,USER100628,USER102633,621.19,Travel,Android,Bengaluru,21,0,
TXN106494,2026-09-09 21:54:36,USER100174,USER101336,2042.95,Shopping,Android,Pune,21,0,
TXN106495,2026-09-09 21:54:42,USER100180,USER100087,475.96,Travel,Android,Ahmedabad,21,0,
TXN106496,2026-09-09 21:57:14,USER100301,MERCH201452,607.3,Travel,Android,Hyderabad,21,0,
TXN106497,2026-09-09 21:57:38,USER101180,USER101998,477.66,Shopping,Android,Mumbai,21,0,
TXN106498,2026-09-09 21:58:25,USER100512,MERCH200624,401.64,Healthcare,Android,Delhi,21,0,
TXN106499,2026-09-09 21:59:42,USER102530,MERCH200112,282.89,Shopping,Android,Kolkata,21,0,
TXN106500,2026-09-09 22:00:28,USER102284,MERCH200903,3874.63,Shopping,Android,Kolkata,22,0,
TXN106501,2026-09-09 22:03:14,USER101387,USER102304,486.02,Mobile Recharge,Android,Ahmedabad,22,0,
TXN106502,2026-09-09 22:04:38,USER101454,MERCH201208,13.95,Utility Bills,Android,Lucknow,22,0,
TXN106503,2026-09-09 22:07:40,USER101287,MERCH200022,358.79,Grocery,Android,Jaipur,22,0,
TXN106504,2026-09-09 22:08:58,USER100503,USER102641,224.34,Fuel,Android,Hyderabad,22,0,
TXN106505,2026-09-09 22:14:29,USER101081,MERCH201017,80.72,Utility Bills,Android,Delhi,22,0,
TXN106506,2026-09-09 22:29:54,USER100424,MERCH201120,254.99,Grocery,Android,Hyderabad,22,0,
TXN106507,2026-09-09 22:42:00,USER100082,MERCH201293,481.38,Fuel,Android,Kolkata,22,0,
TXN106508,2026-09-09 22:42:57,USER101398,USER100449,72019.59,Utility Bills,New Device,Mumbai,22,1,new_device_high
TXN106509,2026-09-09 22:43:19,USER102908,MERCH200255,717.28,Healthcare,Android,Mumbai,22,0,
TXN106510,2026-09-09 22:47:49,USER101070,USER102101,225.57,Travel,Android,Ahmedabad,22,0,
TXN106511,2026-09-09 22:50:02,USER100547,USER100408,56.16,Healthcare,Android,Patna,22,0,
TXN106512,2026-09-09 22:53:20,USER101791,MERCH200145,106.03,Shopping,Android,Kolkata,22,0,
TXN106513,2026-09-09 22:54:56,USER100580,USER102347,277.64,Shopping,Android,Bengaluru,22,0,
TXN106514,2026-09-09 22:55:09,USER100586,USER102918,112.58,Shopping,Android,Delhi,22,0,
TXN106515,2026-09-09 23:05:16,USER100784,USER100700,555.57,Shopping,iOS,Kolkata,23,0,
TXN106516,2026-09-09 23:05:50,USER102909,USER101893,143.04,Grocery,iOS,Pune,23,0,
TXN106517,2026-09-09 23:12:05,USER101910,USER101307,1200.07,Mobile Recharge,Android,Mumbai,23,0,
TXN106518,2026-09-09 23:16:43,USER101016,USER101295,2817.59,Shopping,Android,Kolkata,23,0,
TXN106519,2026-09-09 23:19:19,USER102600,MERCH200608,942.26,Grocery,iOS,Bengaluru,23,0,
TXN106520,2026-09-09 23:40:16,USER102331,MERCH201137,656.98,Fuel,Android,Kolkata,23,0,
TXN106521,2026-09-09 23:40:37,USER100034,USER102930,1153.42,Mobile Recharge,Android,Jaipur,23,0,
TXN106522,2026-09-09 23:51:15,USER101856,MERCH200908,674.75,Shopping,Android,Chennai,23,0,
TXN106523,2026-09-09 23:52:02,USER100378,USER100283,305.84,Food & Dining,Android,Patna,23,0,
TXN106524,2026-09-09 23:54:20,USER100108,MERCH200614,3406.14,Shopping,Android,Delhi,23,0,
TXN106525,2026-09-09 23:54:23,USER102400,MERCH200073,1581.33,Shopping,Android,Bengaluru,23,0,
TXN106526,2026-09-10 00:23:53,USER102466,USER100057,61.46,Mobile Recharge,Android,Lucknow,0,0,
TXN106527,2026-09-10 00:51:43,USER100163,USER101406,140.16,Fuel,Android,Bengaluru,0,0,
TXN106528,2026-09-10 00:53:30,USER102978,USER101853,582.43,Entertainment,Android,Indore,0,0,
TXN106529,2026-09-10 01:25:00,USER102366,USER101709,57674.3,Grocery,Android,Delhi,1,1,odd_hour_high_amount
TXN106530,2026-09-10 01:44:25,USER100469,USER101705,931.1,Healthcare,Android,Delhi,1,0,
TXN106531,2026-09-10 02:03:00,USER102527,MERCH201128,25585.68,Travel,Android,Kolkata,2,1,odd_hour_high_amount
TXN106532,2026-09-10 03:11:00,USER100203,USER102540,4677.01,P2P Transfer,Android,Patna,3,1,velocity_burst
TXN106533,2026-09-10 03:14:00,USER102040,MERCH200378,23212.39,Shopping,Android,Bengaluru,3,1,odd_hour_high_amount
TXN106534,2026-09-10 03:54:00,USER101109,USER101180,37895.81,Fuel,iOS,Pune,3,1,odd_hour_high_amount
TXN106535,2026-09-10 04:30:27,USER102785,USER102195,290.46,Shopping,Android,Delhi,4,0,
TXN106536,2026-09-10 04:41:18,USER101364,USER101541,61843.22,Entertainment,New Device,Hyderabad,4,1,new_device_high
TXN106537,2026-09-10 05:01:13,USER102204,USER100272,13.9,Mobile Recharge,Android,Jaipur,5,0,
TXN106538,2026-09-10 05:11:42,USER102273,MERCH200861,176.38,Entertainment,iOS,Bengaluru,5,0,
TXN106539,2026-09-10 05:13:28,USER101152,MERCH201014,632.86,P2P Transfer,Android,Patna,5,0,
TXN106540,2026-09-10 05:45:04,USER102093,MERCH200141,20000.0,Food & Dining,iOS,Bengaluru,5,1,round_number
TXN106541,2026-09-10 06:00:30,USER100218,MERCH200988,973.13,Shopping,Android,Delhi,6,0,
TXN106542,2026-09-10 06:08:46,USER101270,MERCH201094,293.55,P2P Transfer,Android,Indore,6,0,
TXN106543,2026-09-10 06:31:54,USER102901,USER101746,469.34,Travel,Android,Delhi,6,0,
TXN106544,2026-09-10 06:43:38,USER100426,USER102588,209.63,Entertainment,Android,Mumbai,6,0,
TXN106545,2026-09-10 06:45:05,USER101365,USER100939,379.02,Grocery,Android,Bengaluru,6,0,
TXN106546,2026-09-10 06:47:08,USER102456,USER101999,728.71,Food & Dining,iOS,Chennai,6,0,
TXN106547,2026-09-10 06:56:10,USER100773,MERCH200479,1100.24,Shopping,Android,Delhi,6,0,
TXN106548,2026-09-10 07:01:00,USER102560,USER102504,902.96,Travel,Android,Delhi,7,0,
TXN106549,2026-09-10 07:03:57,USER102671,MERCH201038,168.16,Fuel,Android,Chennai,7,0,
TXN106550,2026-09-10 07:04:05,USER101410,USER100244,2009.46,Food & Dining,Android,Jaipur,7,0,
TXN106551,2026-09-10 07:04:29,USER102647,USER101774,234.88,Mobile Recharge,Android,Bengaluru,7,0,
TXN106552,2026-09-10 07:06:21,USER101667,USER101653,114.61,Fuel,Android,Delhi,7,0,
TXN106553,2026-09-10 07:12:14,USER100505,USER102355,256.28,Entertainment,Android,Pune,7,0,
TXN106554,2026-09-10 07:12:17,USER102187,USER100533,612.07,Entertainment,Android,Kolkata,7,0,
TXN106555,2026-09-10 07:14:06,USER100303,MERCH201101,131.02,Entertainment,iOS,Mumbai,7,0,
TXN106556,2026-09-10 07:19:47,USER102814,MERCH201096,157.18,Food & Dining,Android,Hyderabad,7,0,
TXN106557,2026-09-10 07:32:09,USER100887,MERCH201495,136.64,Food & Dining,Android,Ahmedabad,7,0,
TXN106558,2026-09-10 07:32:44,USER100334,MERCH200008,111.13,Healthcare,Android,Indore,7,0,
TXN106559,2026-09-10 07:35:38,USER100844,USER100299,265.02,Entertainment,Android,Pune,7,0,
TXN106560,2026-09-10 07:35:52,USER100959,MERCH200358,67.87,Healthcare,Android,Mumbai,7,0,
TXN106561,2026-09-10 07:40:55,USER100110,MERCH201085,68.38,Fuel,Android,Delhi,7,0,
TXN106562,2026-09-10 07:43:11,USER101321,USER101197,4479.87,Travel,Android,Hyderabad,7,0,
TXN106563,2026-09-10 07:54:53,USER102597,USER100290,962.91,Food & Dining,Android,Patna,7,0,
TXN106564,2026-09-10 07:56:23,USER101209,USER100972,114.61,Entertainment,Android,Bengaluru,7,0,
TXN106565,2026-09-10 08:02:22,USER101878,MERCH201139,361.18,P2P Transfer,Android,Pune,8,0,
TXN106566,2026-09-10 08:04:08,USER102591,USER101247,647.38,Food & Dining,Android,Chennai,8,0,
TXN106567,2026-09-10 08:04:18,USER101174,USER101886,508.56,Food & Dining,Android,Hyderabad,8,0,
TXN106568,2026-09-10 08:07:12,USER101046,MERCH201164,392.76,Food & Dining,Android,Mumbai,8,0,
TXN106569,2026-09-10 08:08:23,USER102616,MERCH200643,81.61,Healthcare,Android,Lucknow,8,0,
TXN106570,2026-09-10 08:09:21,USER102625,MERCH201451,747.3,Travel,Android,Kolkata,8,0,
TXN106571,2026-09-10 08:11:04,USER102558,USER101097,196.99,Shopping,Android,Hyderabad,8,0,
TXN106572,2026-09-10 08:11:11,USER100076,USER101630,296.24,P2P Transfer,Android,Jaipur,8,0,
TXN106573,2026-09-10 08:12:55,USER102768,USER100420,895.86,Entertainment,iOS,Hyderabad,8,0,
TXN106574,2026-09-10 08:13:39,USER101563,USER100910,135.36,Entertainment,Android,Pune,8,0,
TXN106575,2026-09-10 08:17:20,USER101210,USER100408,313.28,Utility Bills,Android,Kolkata,8,0,
TXN106576,2026-09-10 08:20:13,USER102935,MERCH201326,218.61,Utility Bills,Android,Lucknow,8,0,
TXN106577,2026-09-10 08:24:11,USER100281,USER100907,222.21,Utility Bills,Android,Chennai,8,0,
TXN106578,2026-09-10 08:26:19,USER100208,USER101273,1299.6,Food & Dining,Android,Delhi,8,0,
TXN106579,2026-09-10 08:29:37,USER101526,USER102880,977.32,P2P Transfer,iOS,Ahmedabad,8,0,
TXN106580,2026-09-10 08:31:41,USER101478,MERCH200209,1148.15,P2P Transfer,Android,Mumbai,8,0,
TXN106581,2026-09-10 08:31:41,USER100885,USER102182,721.1,Fuel,Android,Chennai,8,0,
TXN106582,2026-09-10 08:32:11,USER100601,USER100521,869.01,Shopping,iOS,Patna,8,0,
TXN106583,2026-09-10 08:39:55,USER101107,USER100687,554.1,Healthcare,Android,Jaipur,8,0,
TXN106584,2026-09-10 08:41:49,USER101111,USER102445,469.5,Travel,iOS,Bengaluru,8,0,
TXN106585,2026-09-10 08:41:59,USER101426,USER100046,1471.28,Food & Dining,iOS,Chennai,8,0,
TXN106586,2026-09-10 08:43:25,USER102440,USER100762,168.49,Mobile Recharge,Android,Delhi,8,0,
TXN106587,2026-09-10 08:43:33,USER100548,USER101594,138.68,Fuel,Android,Chennai,8,0,
TXN106588,2026-09-10 08:43:49,USER100423,USER101880,675.29,Fuel,Android,Hyderabad,8,0,
TXN106589,2026-09-10 08:44:10,USER101881,USER100765,72.43,Shopping,iOS,Pune,8,0,
TXN106590,2026-09-10 08:47:10,USER102583,USER100488,584.13,Grocery,Android,Hyderabad,8,0,
TXN106591,2026-09-10 08:47:46,USER102994,USER102762,225.5,Mobile Recharge,Android,Kolkata,8,0,
TXN106592,2026-09-10 08:51:27,USER100833,USER102056,354.43,Healthcare,Android,Pune,8,0,
TXN106593,2026-09-10 08:54:36,USER100851,USER100337,1267.03,Utility Bills,Android,Hyderabad,8,0,
TXN106594,2026-09-10 08:57:49,USER100229,MERCH201437,672.33,Shopping,iOS,Hyderabad,8,0,
TXN106595,2026-09-10 08:59:41,USER102771,USER100865,200.83,Utility Bills,Android,Delhi,8,0,
TXN106596,2026-09-10 09:00:25,USER101908,USER100090,277.64,Fuel,Android,Mumbai,9,0,
TXN106597,2026-09-10 09:03:18,USER100410,USER101640,219.05,Shopping,Android,Delhi,9,0,
TXN106598,2026-09-10 09:04:03,USER102023,USER102329,366.88,Food & Dining,Android,Chennai,9,0,
TXN106599,2026-09-10 09:06:21,USER101221,USER100286,193.21,Mobile Recharge,Android,Pune,9,0,
TXN106600,2026-09-10 09:10:06,USER100181,MERCH200247,183.21,P2P Transfer,Android,Chennai,9,0,
TXN106601,2026-09-10 09:14:11,USER102474,MERCH201209,679.27,Food & Dining,Android,Delhi,9,0,
TXN106602,2026-09-10 09:16:31,USER100258,USER100697,355.77,Travel,Android,Hyderabad,9,0,
TXN106603,2026-09-10 09:19:06,USER102108,USER102885,240.48,Entertainment,Android,Jaipur,9,0,
TXN106604,2026-09-10 09:20:04,USER100314,MERCH201107,689.27,Shopping,iOS,Bengaluru,9,0,
TXN106605,2026-09-10 09:21:08,USER102855,MERCH200764,119.44,Travel,Android,Indore,9,0,
TXN106606,2026-09-10 09:21:16,USER102338,USER102250,57.05,Healthcare,Android,Bengaluru,9,0,
TXN106607,2026-09-10 09:22:14,USER101553,MERCH200579,81.49,Shopping,Android,Jaipur,9,0,
TXN106608,2026-09-10 09:23:35,USER102181,MERCH200298,375.05,Food & Dining,Android,Ahmedabad,9,0,
TXN106609,2026-09-10 09:23:54,USER102632,USER100897,1470.33,Healthcare,iOS,Pune,9,0,
TXN106610,2026-09-10 09:24:41,USER100610,USER100948,200.88,Healthcare,Android,Delhi,9,0,
TXN106611,2026-09-10 09:25:03,USER101905,USER100345,268.07,Shopping,Android,Bengaluru,9,0,
TXN106612,2026-09-10 09:25:52,USER100469,USER101670,62.41,P2P Transfer,Android,Indore,9,0,
TXN106613,2026-09-10 09:29:21,USER102475,USER100047,99.81,Shopping,Android,Hyderabad,9,0,
TXN106614,2026-09-10 09:35:06,USER100878,USER101998,165.66,Shopping,Android,Pune,9,0,
TXN106615,2026-09-10 09:35:08,USER100466,MERCH200037,60.77,Fuel,iOS,Delhi,9,0,
TXN106616,2026-09-10 09:37:00,USER101332,USER102980,1415.92,P2P Transfer,Android,Delhi,9,0,
TXN106617,2026-09-10 09:38:19,USER100216,MERCH200833,584.74,Shopping,iOS,Bengaluru,9,0,
TXN106618,2026-09-10 09:38:26,USER101395,USER100266,225.92,Shopping,Android,Delhi,9,0,
TXN106619,2026-09-10 09:42:16,USER100032,MERCH200348,284.55,Healthcare,Android,Chennai,9,0,
TXN106620,2026-09-10 09:44:36,USER100016,USER102989,42.91,Utility Bills,Android,Hyderabad,9,0,
TXN106621,2026-09-10 09:46:57,USER101415,MERCH201277,492.12,Travel,iOS,Mumbai,9,0,
TXN106622,2026-09-10 09:48:49,USER102139,MERCH200210,336.16,Mobile Recharge,Android,Patna,9,0,
TXN106623,2026-09-10 09:53:26,USER100911,MERCH200999,316.21,Healthcare,Android,Pune,9,0,
TXN106624,2026-09-10 09:55:04,USER100108,MERCH200344,675.04,Travel,Android,Delhi,9,0,
TXN106625,2026-09-10 09:55:45,USER101400,USER101461,1125.62,Travel,Android,Bengaluru,9,0,
TXN106626,2026-09-10 09:59:21,USER101168,USER101927,453.6,Grocery,iOS,Kolkata,9,0,
TXN106627,2026-09-10 09:59:45,USER101933,USER101172,476.8,P2P Transfer,Android,Kolkata,9,0,
TXN106628,2026-09-10 09:59:50,USER100202,USER100671,144.4,Fuel,Android,Mumbai,9,0,
TXN106629,2026-09-10 10:01:11,USER100626,USER102180,15.8,Grocery,Android,Delhi,10,0,
TXN106630,2026-09-10 10:02:17,USER101446,USER102308,822.74,P2P Transfer,Android,Bengaluru,10,0,
TXN106631,2026-09-10 10:02:30,USER102331,USER100422,227.31,Mobile Recharge,Android,Bengaluru,10,0,
TXN106632,2026-09-10 10:02:55,USER102493,MERCH200600,204.32,Mobile Recharge,iOS,Chennai,10,0,
TXN106633,2026-09-10 10:03:41,USER102577,MERCH200097,260.13,Utility Bills,Android,Patna,10,0,
TXN106634,2026-09-10 10:06:49,USER100932,MERCH201133,2144.18,P2P Transfer,Android,Mumbai,10,0,
TXN106635,2026-09-10 10:07:12,USER101353,USER102046,245.44,Entertainment,Android,Bengaluru,10,0,
TXN106636,2026-09-10 10:07:28,USER100671,MERCH200779,712.43,Entertainment,Android,Bengaluru,10,0,
TXN106637,2026-09-10 10:08:07,USER102963,USER100644,652.84,Travel,Android,Lucknow,10,0,
TXN106638,2026-09-10 10:09:24,USER100585,MERCH200406,102.88,Shopping,Android,Chennai,10,0,
TXN106639,2026-09-10 10:09:37,USER102061,USER102509,283.08,Healthcare,Android,Delhi,10,0,
TXN106640,2026-09-10 10:09:48,USER100822,USER102027,2183.25,Entertainment,Android,Mumbai,10,0,
TXN106641,2026-09-10 10:10:25,USER101347,MERCH201171,99.2,Travel,Android,Bengaluru,10,0,
TXN106642,2026-09-10 10:11:15,USER102627,MERCH200249,438.04,Grocery,Android,Mumbai,10,0,
TXN106643,2026-09-10 10:11:55,USER102474,MERCH200179,436.08,Fuel,Android,Jaipur,10,0,
TXN106644,2026-09-10 10:14:12,USER101599,USER100132,75.27,Fuel,Android,Bengaluru,10,0,
TXN106645,2026-09-10 10:15:57,USER102013,USER100166,169.39,Travel,Android,Hyderabad,10,0,
TXN106646,2026-09-10 10:16:13,USER102276,USER100704,695.48,Mobile Recharge,Android,Chennai,10,0,
TXN106647,2026-09-10 10:17:40,USER100804,USER101420,219.25,Travel,Android,Mumbai,10,0,
TXN106648,2026-09-10 10:20:13,USER102146,MERCH200220,772.47,Grocery,Android,Hyderabad,10,0,
TXN106649,2026-09-10 10:20:14,USER101915,USER100760,141.47,Grocery,Android,Bengaluru,10,0,
TXN106650,2026-09-10 10:20:53,USER100852,USER100976,492.21,Utility Bills,Android,Delhi,10,0,
TXN106651,2026-09-10 10:21:20,USER102324,MERCH200434,1857.41,Entertainment,Android,Bengaluru,10,0,
TXN106652,2026-09-10 10:23:40,USER102350,USER102903,541.95,P2P Transfer,Android,Hyderabad,10,0,
TXN106653,2026-09-10 10:24:57,USER102099,MERCH200331,77.66,Food & Dining,Android,Pune,10,0,
TXN106654,2026-09-10 10:25:53,USER101923,MERCH201423,242.37,Utility Bills,iOS,Mumbai,10,0,
TXN106655,2026-09-10 10:27:10,USER101919,USER102154,114.77,Grocery,iOS,Kolkata,10,0,
TXN106656,2026-09-10 10:27:18,USER101637,USER102589,1103.75,Shopping,iOS,Hyderabad,10,0,
TXN106657,2026-09-10 10:28:19,USER100650,USER100219,266.98,Shopping,Android,Pune,10,0,
TXN106658,2026-09-10 10:30:58,USER102250,MERCH201022,239.11,P2P Transfer,Android,Pune,10,0,
TXN106659,2026-09-10 10:31:04,USER100774,MERCH201211,715.43,Travel,iOS,Delhi,10,0,
TXN106660,2026-09-10 10:31:35,USER100858,USER102382,661.93,Travel,Android,Mumbai,10,0,
TXN106661,2026-09-10 10:32:13,USER102474,USER102816,1026.54,Entertainment,Android,Bengaluru,10,0,
TXN106662,2026-09-10 10:33:38,USER101535,USER102543,90.79,Healthcare,iOS,Delhi,10,0,
TXN106663,2026-09-10 10:34:13,USER101491,USER102668,118.42,Food & Dining,Android,Ahmedabad,10,0,
TXN106664,2026-09-10 10:34:21,USER102118,USER100316,286.55,Shopping,Android,Indore,10,0,
TXN106665,2026-09-10 10:34:54,USER102529,MERCH200509,213.07,Mobile Recharge,Android,Mumbai,10,0,
TXN106666,2026-09-10 10:35:11,USER102823,USER102111,867.56,Mobile Recharge,iOS,Kolkata,10,0,
TXN106667,2026-09-10 10:35:26,USER102907,MERCH200558,139.03,P2P Transfer,Android,Ahmedabad,10,0,
TXN106668,2026-09-10 10:35:41,USER101007,USER100828,1005.03,Healthcare,Android,Delhi,10,0,
TXN106669,2026-09-10 10:35:54,USER101710,USER102218,544.76,Fuel,Android,Delhi,10,0,
TXN106670,2026-09-10 10:36:03,USER101820,USER100107,1494.84,Grocery,Android,Kolkata,10,0,
TXN106671,2026-09-10 10:37:57,USER102417,USER101421,566.16,Travel,Android,Bengaluru,10,0,
TXN106672,2026-09-10 10:37:58,USER101520,USER102852,301.09,Shopping,Android,Patna,10,0,
TXN106673,2026-09-10 10:38:48,USER101086,USER100453,145.1,Travel,iOS,Pune,10,0,
TXN106674,2026-09-10 10:40:28,USER102933,USER102606,486.16,Utility Bills,iOS,Ahmedabad,10,0,
TXN106675,2026-09-10 10:40:54,USER100650,USER102258,417.93,Food & Dining,Android,Ahmedabad,10,0,
TXN106676,2026-09-10 10:42:36,USER102654,MERCH200175,2218.88,Grocery,Android,Mumbai,10,0,
TXN106677,2026-09-10 10:46:16,USER101055,USER101382,226.68,Travel,Android,Hyderabad,10,0,
TXN106678,2026-09-10 10:46:20,USER100551,USER100026,434.82,Mobile Recharge,Android,Mumbai,10,0,
TXN106679,2026-09-10 10:46:48,USER100503,USER100745,1546.86,Utility Bills,Android,Mumbai,10,0,
TXN106680,2026-09-10 10:47:33,USER101388,USER100972,533.73,P2P Transfer,Android,Chennai,10,0,
TXN106681,2026-09-10 10:48:41,USER101477,MERCH200523,511.89,Travel,iOS,Bengaluru,10,0,
TXN106682,2026-09-10 10:51:25,USER101892,MERCH200241,143.21,Grocery,Android,Ahmedabad,10,0,
TXN106683,2026-09-10 10:53:35,USER101687,USER101868,45.01,Shopping,Android,Ahmedabad,10,0,
TXN106684,2026-09-10 10:53:43,USER100051,MERCH200691,785.83,Utility Bills,iOS,Delhi,10,0,
TXN106685,2026-09-10 10:56:43,USER102487,USER100729,1339.07,Grocery,iOS,Chennai,10,0,
TXN106686,2026-09-10 10:58:22,USER102701,USER101207,2468.78,Mobile Recharge,Android,Lucknow,10,0,
TXN106687,2026-09-10 10:58:38,USER100618,USER100746,460.25,Fuel,Android,Pune,10,0,
TXN106688,2026-09-10 10:58:43,USER101351,MERCH200816,100.07,Food & Dining,Android,Ahmedabad,10,0,
TXN106689,2026-09-10 10:59:08,USER102528,MERCH200603,1433.48,Fuel,Android,Ahmedabad,10,0,
TXN106690,2026-09-10 11:02:24,USER100378,USER101159,241.63,Utility Bills,iOS,Bengaluru,11,0,
TXN106691,2026-09-10 11:05:01,USER101761,USER100617,94.77,Travel,iOS,Hyderabad,11,0,
TXN106692,2026-09-10 11:05:20,USER102838,USER100152,335.16,Food & Dining,Android,Patna,11,0,
TXN106693,2026-09-10 11:05:48,USER101142,USER100142,1351.6,Food & Dining,Android,Lucknow,11,0,
TXN106694,2026-09-10 11:06:05,USER102166,USER100603,181.61,Fuel,Android,Chennai,11,0,
TXN106695,2026-09-10 11:06:28,USER100316,USER101949,235.1,Grocery,Android,Hyderabad,11,0,
TXN106696,2026-09-10 11:07:04,USER102373,USER100889,45.64,Grocery,iOS,Hyderabad,11,0,
TXN106697,2026-09-10 11:07:06,USER102585,USER102542,304.6,Mobile Recharge,Android,Ahmedabad,11,0,
TXN106698,2026-09-10 11:08:18,USER102296,USER101541,357.04,P2P Transfer,Android,Bengaluru,11,0,
TXN106699,2026-09-10 11:10:06,USER100603,USER102673,711.53,Grocery,Android,Delhi,11,0,
TXN106700,2026-09-10 11:10:53,USER101119,MERCH200393,1695.02,P2P Transfer,Android,Mumbai,11,0,
TXN106701,2026-09-10 11:12:35,USER100991,MERCH200508,387.56,Fuel,iOS,Delhi,11,0,
TXN106702,2026-09-10 11:14:46,USER100328,USER102086,126.38,Healthcare,Android,Hyderabad,11,0,
TXN106703,2026-09-10 11:15:43,USER102662,MERCH200768,669.34,Travel,Android,Kolkata,11,0,
TXN106704,2026-09-10 11:17:09,USER101638,USER102697,1465.88,Fuel,Android,Patna,11,0,
TXN106705,2026-09-10 11:17:36,USER100321,USER100653,277.7,Mobile Recharge,Android,Delhi,11,0,
TXN106706,2026-09-10 11:17:38,USER100979,MERCH200912,238.08,Food & Dining,Android,Delhi,11,0,
TXN106707,2026-09-10 11:17:45,USER100350,USER101909,247.15,Shopping,Android,Bengaluru,11,0,
TXN106708,2026-09-10 11:19:06,USER102259,MERCH200454,1685.35,Entertainment,iOS,Pune,11,0,
TXN106709,2026-09-10 11:19:08,USER100304,USER100858,610.7,Grocery,Android,Chennai,11,0,
TXN106710,2026-09-10 11:19:12,USER101425,MERCH200747,155.86,Mobile Recharge,Android,Ahmedabad,11,0,
TXN106711,2026-09-10 11:19:49,USER101338,MERCH201201,157.27,Healthcare,Android,Mumbai,11,0,
TXN106712,2026-09-10 11:19:49,USER102830,USER101876,204.23,Shopping,iOS,Jaipur,11,0,
TXN106713,2026-09-10 11:21:05,USER102389,USER101417,66.26,P2P Transfer,Android,Ahmedabad,11,0,
TXN106714,2026-09-10 11:23:16,USER101698,MERCH200369,439.58,Travel,Android,Ahmedabad,11,0,
TXN106715,2026-09-10 11:26:45,USER100682,USER101207,578.83,Fuel,Android,Bengaluru,11,0,
TXN106716,2026-09-10 11:28:00,USER100368,USER100610,157.44,Healthcare,Android,Bengaluru,11,0,
TXN106717,2026-09-10 11:28:44,USER102663,USER102590,256.48,P2P Transfer,Android,Delhi,11,0,
TXN106718,2026-09-10 11:28:58,USER101773,MERCH201008,88.42,Grocery,Android,Delhi,11,0,
TXN106719,2026-09-10 11:29:08,USER102396,MERCH200591,419.21,Fuel,Android,Hyderabad,11,0,
TXN106720,2026-09-10 11:30:43,USER100950,USER102378,434.82,Utility Bills,Android,Mumbai,11,0,
TXN106721,2026-09-10 11:35:05,USER101215,USER100850,230.45,Fuel,Android,Jaipur,11,0,
TXN106722,2026-09-10 11:35:23,USER100706,USER100197,58.21,Food & Dining,Android,Pune,11,0,
TXN106723,2026-09-10 11:35:48,USER101909,MERCH200454,151.69,Grocery,Android,Kolkata,11,0,
TXN106724,2026-09-10 11:36:28,USER102756,USER100391,70.13,Shopping,Android,Mumbai,11,0,
TXN106725,2026-09-10 11:37:23,USER101434,USER102002,429.32,Grocery,Android,Chennai,11,0,
TXN106726,2026-09-10 11:37:41,USER102935,USER100853,188.81,Grocery,iOS,Jaipur,11,0,
TXN106727,2026-09-10 11:37:49,USER102500,USER102712,152.04,Healthcare,Android,Bengaluru,11,0,
TXN106728,2026-09-10 11:38:46,USER101748,MERCH201088,312.09,Fuel,Android,Ahmedabad,11,0,
TXN106729,2026-09-10 11:40:43,USER100936,MERCH200115,329.59,Shopping,Android,Mumbai,11,0,
TXN106730,2026-09-10 11:41:38,USER101689,USER100842,1269.84,Healthcare,Android,Delhi,11,0,
TXN106731,2026-09-10 11:42:36,USER102971,USER101539,882.85,Utility Bills,Android,Mumbai,11,0,
TXN106732,2026-09-10 11:44:15,USER100798,USER100931,159.84,Mobile Recharge,Android,Delhi,11,0,
TXN106733,2026-09-10 11:44:22,USER100415,USER102441,165.24,Fuel,Android,Jaipur,11,0,
TXN106734,2026-09-10 11:45:51,USER101950,USER102659,1587.3,Grocery,Android,Pune,11,0,
TXN106735,2026-09-10 11:46:18,USER101624,USER101079,127.85,P2P Transfer,Android,Ahmedabad,11,0,
TXN106736,2026-09-10 11:46:47,USER101866,USER101625,318.14,Entertainment,Android,Chennai,11,0,
TXN106737,2026-09-10 11:47:24,USER101000,MERCH200476,174.15,Healthcare,Android,Ahmedabad,11,0,
TXN106738,2026-09-10 11:48:16,USER101796,USER101623,104.21,Fuel,Android,Mumbai,11,0,
TXN106739,2026-09-10 11:50:40,USER102989,MERCH201156,205.96,Mobile Recharge,Android,Bengaluru,11,0,
TXN106740,2026-09-10 11:51:34,USER102148,USER101791,1066.8,Travel,Android,Pune,11,0,
TXN106741,2026-09-10 11:52:02,USER102100,MERCH200063,82.07,Food & Dining,iOS,Bengaluru,11,0,
TXN106742,2026-09-10 11:53:57,USER100606,USER100992,2440.73,Fuel,Android,Kolkata,11,0,
TXN106743,2026-09-10 11:54:01,USER100295,USER102496,1009.49,P2P Transfer,iOS,Lucknow,11,0,
TXN106744,2026-09-10 11:54:27,USER100534,USER102741,626.26,Travel,Android,Pune,11,0,
TXN106745,2026-09-10 11:54:30,USER100191,MERCH200662,262.54,Shopping,Android,Ahmedabad,11,0,
TXN106746,2026-09-10 11:55:53,USER100930,MERCH200869,166.28,Healthcare,iOS,Hyderabad,11,0,
TXN106747,2026-09-10 11:56:47,USER101288,MERCH201445,1799.47,Food & Dining,Android,Jaipur,11,0,
TXN106748,2026-09-10 11:57:17,USER101164,MERCH200724,53.69,Shopping,Android,Ahmedabad,11,0,
TXN106749,2026-09-10 11:57:54,USER101451,MERCH200236,1497.34,P2P Transfer,Android,Indore,11,0,
TXN106750,2026-09-10 11:58:17,USER100301,USER100277,113.99,Fuel,Android,Indore,11,0,
TXN106751,2026-09-10 11:59:31,USER102884,USER100255,151.78,Food & Dining,Android,Chennai,11,0,
TXN106752,2026-09-10 11:59:40,USER101046,USER102368,1353.75,Grocery,Android,Hyderabad,11,0,
TXN106753,2026-09-10 11:59:42,USER102920,USER100438,26.1,Entertainment,Android,Hyderabad,11,0,
TXN106754,2026-09-10 12:01:12,USER102241,USER100080,736.66,P2P Transfer,Android,Mumbai,12,0,
TXN106755,2026-09-10 12:01:23,USER102367,USER100843,412.72,Healthcare,iOS,Mumbai,12,0,
TXN106756,2026-09-10 12:02:35,USER101266,USER102867,197.77,Travel,Android,Patna,12,0,
TXN106757,2026-09-10 12:03:19,USER101153,USER100001,237.4,P2P Transfer,Android,Kolkata,12,0,
TXN106758,2026-09-10 12:03:24,USER101125,MERCH201103,998.22,Utility Bills,Android,Hyderabad,12,0,
TXN106759,2026-09-10 12:05:39,USER102934,USER102955,2171.8,Grocery,Android,Bengaluru,12,0,
TXN106760,2026-09-10 12:06:58,USER102624,USER102462,618.55,Fuel,Android,Kolkata,12,0,
TXN106761,2026-09-10 12:08:10,USER101276,USER102564,244.91,Mobile Recharge,Android,Chennai,12,0,
TXN106762,2026-09-10 12:09:06,USER102740,USER100873,253.94,Food & Dining,Android,Bengaluru,12,0,
TXN106763,2026-09-10 12:09:41,USER102340,USER100834,804.32,Travel,Android,Ahmedabad,12,0,
TXN106764,2026-09-10 12:09:56,USER102274,USER101802,697.12,P2P Transfer,Android,Bengaluru,12,0,
TXN106765,2026-09-10 12:10:49,USER102769,MERCH200023,455.21,P2P Transfer,Android,Chennai,12,0,
TXN106766,2026-09-10 12:10:59,USER102963,USER101941,1077.7,Fuel,Android,Indore,12,0,
TXN106767,2026-09-10 12:11:24,USER102096,USER102013,346.36,Mobile Recharge,Android,Mumbai,12,0,
TXN106768,2026-09-10 12:11:35,USER100181,USER101799,682.16,Food & Dining,Android,Pune,12,0,
TXN106769,2026-09-10 12:13:52,USER102682,MERCH201339,533.09,Shopping,Android,Hyderabad,12,0,
TXN106770,2026-09-10 12:15:19,USER102419,USER100328,399.7,Travel,Android,Patna,12,0,
TXN106771,2026-09-10 12:16:26,USER102810,USER100403,386.58,Entertainment,Android,Chennai,12,0,
TXN106772,2026-09-10 12:17:49,USER101351,USER101703,698.3,Shopping,Android,Ahmedabad,12,0,
TXN106773,2026-09-10 12:19:22,USER100207,USER100905,1856.22,Utility Bills,Android,Delhi,12,0,
TXN106774,2026-09-10 12:20:34,USER101815,USER102991,979.04,P2P Transfer,Android,Mumbai,12,0,
TXN106775,2026-09-10 12:20:40,USER100595,MERCH201105,416.46,P2P Transfer,Android,Delhi,12,0,
TXN106776,2026-09-10 12:20:51,USER102319,USER101164,421.87,Mobile Recharge,Android,Kolkata,12,0,
TXN106777,2026-09-10 12:21:56,USER101534,USER101375,357.28,Fuel,Android,Bengaluru,12,0,
TXN106778,2026-09-10 12:24:26,USER102398,USER101849,88.66,Shopping,Android,Mumbai,12,0,
TXN106779,2026-09-10 12:27:04,USER102889,MERCH201208,107.44,Entertainment,iOS,Mumbai,12,0,
TXN106780,2026-09-10 12:27:51,USER101501,MERCH201358,571.86,Travel,Android,Hyderabad,12,0,
TXN106781,2026-09-10 12:29:05,USER101123,USER102379,301.77,Mobile Recharge,Android,Indore,12,0,
TXN106782,2026-09-10 12:29:54,USER102521,USER100239,41.26,Travel,iOS,Bengaluru,12,0,
TXN106783,2026-09-10 12:31:42,USER102990,MERCH200645,86.13,Grocery,Android,Mumbai,12,0,
TXN106784,2026-09-10 12:32:44,USER102947,USER100025,130.9,Healthcare,iOS,Indore,12,0,
TXN106785,2026-09-10 12:32:59,USER102117,USER100719,5769.9,Entertainment,iOS,Indore,12,0,
TXN106786,2026-09-10 12:33:57,USER100369,USER101068,460.19,Grocery,Android,Bengaluru,12,0,
TXN106787,2026-09-10 12:34:03,USER100880,USER101863,83.76,Travel,Android,Hyderabad,12,0,
TXN106788,2026-09-10 12:34:17,USER102899,MERCH201000,568.1,Grocery,Android,Bengaluru,12,0,
TXN106789,2026-09-10 12:35:13,USER102223,USER102071,192.54,Food & Dining,Android,Chennai,12,0,
TXN106790,2026-09-10 12:35:34,USER102244,USER101039,1336.46,Fuel,Android,Pune,12,0,
TXN106791,2026-09-10 12:37:50,USER101197,USER101729,1687.96,Utility Bills,Android,Jaipur,12,0,
TXN106792,2026-09-10 12:39:59,USER100182,USER102940,429.66,Healthcare,Android,Mumbai,12,0,
TXN106793,2026-09-10 12:40:07,USER102705,USER100399,80.81,Food & Dining,Android,Lucknow,12,0,
TXN106794,2026-09-10 12:40:46,USER100016,USER100077,320.49,Fuel,Android,Ahmedabad,12,0,
TXN106795,2026-09-10 12:41:14,USER102081,USER100761,250.44,Travel,Android,Delhi,12,0,
TXN106796,2026-09-10 12:47:14,USER102947,USER100971,443.79,Shopping,Android,Delhi,12,0,
TXN106797,2026-09-10 12:48:31,USER102587,USER101495,649.07,Healthcare,iOS,Pune,12,0,
TXN106798,2026-09-10 12:51:10,USER100534,USER100948,405.28,Shopping,iOS,Delhi,12,0,
TXN106799,2026-09-10 12:51:54,USER100185,MERCH200447,98.6,Shopping,Android,Bengaluru,12,0,
TXN106800,2026-09-10 12:52:49,USER102127,MERCH200249,125.69,Mobile Recharge,Android,Delhi,12,0,
TXN106801,2026-09-10 12:53:02,USER100242,USER102489,311.96,P2P Transfer,iOS,Chennai,12,0,
TXN106802,2026-09-10 12:56:11,USER102794,USER101650,995.74,Grocery,Android,Delhi,12,0,
TXN106803,2026-09-10 12:56:18,USER101101,USER102082,240.59,Food & Dining,iOS,Pune,12,0,
TXN106804,2026-09-10 12:57:28,USER102614,MERCH201168,426.26,Mobile Recharge,iOS,Kolkata,12,0,
TXN106805,2026-09-10 12:57:41,USER102236,MERCH201043,82.23,Mobile Recharge,Android,Chennai,12,0,
TXN106806,2026-09-10 13:00:22,USER100607,USER100580,372.56,Grocery,Android,Ahmedabad,13,0,
TXN106807,2026-09-10 13:02:35,USER101345,USER101083,1408.45,Grocery,Android,Kolkata,13,0,
TXN106808,2026-09-10 13:03:32,USER101998,MERCH200775,96.26,Healthcare,Android,Chennai,13,0,
TXN106809,2026-09-10 13:06:49,USER102014,MERCH200837,825.54,Mobile Recharge,Android,Jaipur,13,0,
TXN106810,2026-09-10 13:07:40,USER101932,USER102710,5306.28,Shopping,Android,Hyderabad,13,0,
TXN106811,2026-09-10 13:07:46,USER100877,USER100294,1625.47,Healthcare,Android,Bengaluru,13,0,
TXN106812,2026-09-10 13:10:48,USER100943,USER100260,418.6,Mobile Recharge,Android,Chennai,13,0,
TXN106813,2026-09-10 13:12:32,USER102548,USER102761,357.42,Shopping,Android,Hyderabad,13,0,
TXN106814,2026-09-10 13:14:53,USER102780,USER102805,33.53,Utility Bills,Android,Kolkata,13,0,
TXN106815,2026-09-10 13:15:27,USER100204,MERCH200485,125.19,Food & Dining,Android,Patna,13,0,
TXN106816,2026-09-10 13:15:32,USER100422,USER101735,172.47,Healthcare,iOS,Mumbai,13,0,
TXN106817,2026-09-10 13:15:47,USER102521,USER102319,685.75,Entertainment,Android,Chennai,13,0,
TXN106818,2026-09-10 13:16:07,USER101604,MERCH200320,201.71,Entertainment,Android,Lucknow,13,0,
TXN106819,2026-09-10 13:16:44,USER101812,USER100588,232.84,Healthcare,Android,Chennai,13,0,
TXN106820,2026-09-10 13:17:23,USER100966,MERCH200261,869.68,Healthcare,iOS,Lucknow,13,0,
TXN106821,2026-09-10 13:17:26,USER102291,MERCH201054,376.44,Shopping,Android,Mumbai,13,0,
TXN106822,2026-09-10 13:18:43,USER100263,USER100398,216.96,Grocery,Android,Jaipur,13,0,
TXN106823,2026-09-10 13:20:22,USER101750,USER100266,271.48,Healthcare,Android,Delhi,13,0,
TXN106824,2026-09-10 13:20:55,USER102873,USER101670,79.52,Travel,iOS,Chennai,13,0,
TXN106825,2026-09-10 13:21:12,USER102810,MERCH200006,458.57,Utility Bills,iOS,Patna,13,0,
TXN106826,2026-09-10 13:21:34,USER102983,USER100038,789.95,P2P Transfer,Android,Patna,13,0,
TXN106827,2026-09-10 13:21:43,USER102180,USER101683,1188.28,Shopping,Android,Delhi,13,0,
TXN106828,2026-09-10 13:21:55,USER100546,USER100629,3568.12,Entertainment,Android,Bengaluru,13,0,
TXN106829,2026-09-10 13:22:34,USER101116,USER101504,1676.43,Grocery,Android,Jaipur,13,0,
TXN106830,2026-09-10 13:26:46,USER102283,MERCH201186,405.96,Grocery,Android,Delhi,13,0,
TXN106831,2026-09-10 13:26:54,USER100333,USER102097,49.59,Fuel,Android,Hyderabad,13,0,
TXN106832,2026-09-10 13:28:00,USER101475,USER100186,1002.13,Food & Dining,Android,Hyderabad,13,0,
TXN106833,2026-09-10 13:28:21,USER100877,USER100499,160.35,Fuel,Android,Bengaluru,13,0,
TXN106834,2026-09-10 13:28:25,USER102459,USER102123,289.39,Grocery,Android,Hyderabad,13,0,
TXN106835,2026-09-10 13:29:27,USER102406,USER102918,126.98,Fuel,Android,Chennai,13,0,
TXN106836,2026-09-10 13:30:29,USER101629,USER101092,134.39,Entertainment,Android,Jaipur,13,0,
TXN106837,2026-09-10 13:31:53,USER100107,USER100364,583.32,Travel,iOS,Kolkata,13,0,
TXN106838,2026-09-10 13:32:25,USER102518,MERCH201499,97.64,Travel,Android,Kolkata,13,0,
TXN106839,2026-09-10 13:35:28,USER101320,USER100532,429.87,Entertainment,Android,Hyderabad,13,0,
TXN106840,2026-09-10 13:35:40,USER100263,MERCH200186,170.81,Healthcare,Android,Mumbai,13,0,
TXN106841,2026-09-10 13:35:58,USER101478,MERCH200185,262.22,Utility Bills,Android,Jaipur,13,0,
TXN106842,2026-09-10 13:38:35,USER102978,USER102496,161.88,Grocery,Android,Chennai,13,0,
TXN106843,2026-09-10 13:40:35,USER102719,MERCH200414,637.62,Travel,Android,Mumbai,13,0,
TXN106844,2026-09-10 13:42:05,USER102011,USER102923,82.08,Food & Dining,Android,Jaipur,13,0,
TXN106845,2026-09-10 13:42:52,USER100776,MERCH201064,359.67,P2P Transfer,Android,Bengaluru,13,0,
TXN106846,2026-09-10 13:43:10,USER100928,USER101803,133.36,Shopping,iOS,Patna,13,0,
TXN106847,2026-09-10 13:44:14,USER100540,USER101288,419.54,Entertainment,Android,Kolkata,13,0,
TXN106848,2026-09-10 13:44:53,USER100962,USER101574,716.85,Mobile Recharge,Android,Mumbai,13,0,
TXN106849,2026-09-10 13:44:59,USER102521,USER102708,135.57,Grocery,iOS,Ahmedabad,13,0,
TXN106850,2026-09-10 13:45:13,USER102373,MERCH200218,58.48,Grocery,Android,Kolkata,13,0,
TXN106851,2026-09-10 13:46:11,USER100206,USER100799,1033.35,Fuel,Android,Mumbai,13,0,
TXN106852,2026-09-10 13:46:30,USER100383,MERCH201098,180.37,Mobile Recharge,Android,Delhi,13,0,
TXN106853,2026-09-10 13:46:59,USER101020,USER100598,930.87,Grocery,Android,Mumbai,13,0,
TXN106854,2026-09-10 13:47:10,USER101006,MERCH200699,137.91,Travel,Android,Mumbai,13,0,
TXN106855,2026-09-10 13:48:43,USER101682,USER100039,84.03,Travel,Android,Indore,13,0,
TXN106856,2026-09-10 13:48:52,USER102043,USER100597,274.47,P2P Transfer,Android,Pune,13,0,
TXN106857,2026-09-10 13:49:29,USER102409,USER102056,2800.98,Grocery,Android,Indore,13,0,
TXN106858,2026-09-10 13:50:04,USER100575,USER102259,155.17,P2P Transfer,Android,Pune,13,0,
TXN106859,2026-09-10 13:50:06,USER101112,MERCH200390,195.43,Mobile Recharge,Android,Jaipur,13,0,
TXN106860,2026-09-10 13:50:59,USER100432,MERCH200722,2424.5,P2P Transfer,Android,Mumbai,13,0,
TXN106861,2026-09-10 13:53:10,USER102053,USER101115,454.18,Mobile Recharge,Android,Mumbai,13,0,
TXN106862,2026-09-10 13:54:02,USER101307,USER102519,93.63,Travel,iOS,Patna,13,0,
TXN106863,2026-09-10 13:54:10,USER101727,MERCH200634,130.7,Food & Dining,iOS,Bengaluru,13,0,
TXN106864,2026-09-10 13:54:27,USER100796,MERCH200856,430.21,Travel,Android,Delhi,13,0,
TXN106865,2026-09-10 13:54:42,USER102441,MERCH200366,123.34,Food & Dining,Android,Chennai,13,0,
TXN106866,2026-09-10 13:54:46,USER101414,USER101112,612.18,Utility Bills,Android,Jaipur,13,0,
TXN106867,2026-09-10 13:58:07,USER100427,USER102350,703.34,Grocery,Android,Chennai,13,0,
TXN106868,2026-09-10 13:58:33,USER102335,USER102740,2601.27,Utility Bills,Android,Chennai,13,0,
TXN106869,2026-09-10 13:59:12,USER102403,MERCH200730,473.3,P2P Transfer,Android,Chennai,13,0,
TXN106870,2026-09-10 13:59:34,USER102259,USER100627,943.3,Travel,Android,Pune,13,0,
TXN106871,2026-09-10 14:00:19,USER101133,USER101097,295.1,Mobile Recharge,Android,Hyderabad,14,0,
TXN106872,2026-09-10 14:02:37,USER100202,USER102370,392.14,Entertainment,Android,Chennai,14,0,
TXN106873,2026-09-10 14:02:59,USER101845,USER101327,314.84,Grocery,Android,Indore,14,0,
TXN106874,2026-09-10 14:03:56,USER100323,USER101647,288.6,Utility Bills,Android,Lucknow,14,0,
TXN106875,2026-09-10 14:06:28,USER101094,USER101155,553.87,Shopping,Android,Bengaluru,14,0,
TXN106876,2026-09-10 14:06:45,USER100281,USER100210,1910.83,Food & Dining,Android,Bengaluru,14,0,
TXN106877,2026-09-10 14:06:56,USER102976,USER100981,1931.04,Utility Bills,Android,Jaipur,14,0,
TXN106878,2026-09-10 14:07:01,USER101552,USER102975,412.1,Fuel,Android,Lucknow,14,0,
TXN106879,2026-09-10 14:08:00,USER100805,MERCH200887,3237.8,P2P Transfer,Android,Kolkata,14,1,velocity_burst
TXN106880,2026-09-10 14:09:22,USER100780,USER101324,91.85,Healthcare,iOS,Bengaluru,14,0,
TXN106881,2026-09-10 14:09:34,USER100432,MERCH200515,542.21,Utility Bills,Android,Patna,14,0,
TXN106882,2026-09-10 14:09:54,USER101161,USER102602,441.64,Travel,Android,Jaipur,14,0,
TXN106883,2026-09-10 14:12:03,USER101788,MERCH200058,384.9,Entertainment,Android,Hyderabad,14,0,
TXN106884,2026-09-10 14:16:44,USER102405,USER101210,203.06,P2P Transfer,Android,Bengaluru,14,0,
TXN106885,2026-09-10 14:20:21,USER102491,USER101278,114.1,Shopping,iOS,Delhi,14,0,
TXN106886,2026-09-10 14:20:33,USER101083,USER102109,410.99,Utility Bills,Android,Chennai,14,0,
TXN106887,2026-09-10 14:21:02,USER102279,USER101967,481.16,Travel,Android,Bengaluru,14,0,
TXN106888,2026-09-10 14:21:41,USER101841,MERCH201407,140.92,Healthcare,Android,Chennai,14,0,
TXN106889,2026-09-10 14:21:48,USER100022,USER102764,1050.3,Food & Dining,iOS,Chennai,14,0,
TXN106890,2026-09-10 14:22:16,USER100898,MERCH200585,736.05,Entertainment,iOS,Pune,14,0,
TXN106891,2026-09-10 14:23:10,USER101460,MERCH201370,1237.02,Travel,Android,Patna,14,0,
TXN106892,2026-09-10 14:23:11,USER101118,USER100696,150.3,Grocery,Android,Chennai,14,0,
TXN106893,2026-09-10 14:23:39,USER102736,MERCH201026,1538.68,Shopping,Android,Hyderabad,14,0,
TXN106894,2026-09-10 14:23:53,USER101393,USER100435,700.27,P2P Transfer,iOS,Pune,14,0,
TXN106895,2026-09-10 14:26:01,USER101037,MERCH201469,2920.5,Utility Bills,Android,Chennai,14,0,
TXN106896,2026-09-10 14:26:53,USER101308,USER101243,70892.77,Travel,New Device,Hyderabad,14,1,new_device_high
TXN106897,2026-09-10 14:29:10,USER101186,USER102741,627.98,Healthcare,Android,Mumbai,14,0,
TXN106898,2026-09-10 14:29:47,USER100521,MERCH200630,432.54,Food & Dining,iOS,Mumbai,14,0,
TXN106899,2026-09-10 14:31:53,USER100751,USER100904,1010.56,Fuel,iOS,Mumbai,14,0,
TXN106900,2026-09-10 14:32:33,USER100124,MERCH200615,489.06,Food & Dining,Android,Mumbai,14,0,
TXN106901,2026-09-10 14:33:36,USER102377,USER101601,295.27,Healthcare,Android,Delhi,14,0,
TXN106902,2026-09-10 14:35:14,USER102190,MERCH201397,286.07,Mobile Recharge,Android,Bengaluru,14,0,
TXN106903,2026-09-10 14:36:21,USER100433,USER101650,104.43,Food & Dining,Android,Pune,14,0,
TXN106904,2026-09-10 14:36:41,USER101657,MERCH201308,125.67,Shopping,Android,Chennai,14,0,
TXN106905,2026-09-10 14:37:03,USER101350,USER100709,778.17,Entertainment,Android,Delhi,14,0,
TXN106906,2026-09-10 14:37:30,USER101975,USER102367,793.95,Grocery,Android,Pune,14,0,
TXN106907,2026-09-10 14:38:41,USER101853,USER101415,185.78,Mobile Recharge,Android,Bengaluru,14,0,
TXN106908,2026-09-10 14:39:27,USER100555,USER102468,649.7,Grocery,iOS,Bengaluru,14,0,
TXN106909,2026-09-10 14:40:38,USER100511,USER101434,99999.0,Healthcare,iOS,Hyderabad,14,1,round_number
TXN106910,2026-09-10 14:42:56,USER101251,MERCH200609,1511.9,Healthcare,Android,Mumbai,14,0,
TXN106911,2026-09-10 14:47:02,USER100612,USER100238,83.8,Shopping,Android,Mumbai,14,0,
TXN106912,2026-09-10 14:49:54,USER100723,MERCH200310,589.33,Food & Dining,Android,Delhi,14,0,
TXN106913,2026-09-10 14:50:56,USER102628,USER102360,327.6,Grocery,Android,Chennai,14,0,
TXN106914,2026-09-10 14:51:32,USER102156,MERCH201463,1782.05,Entertainment,iOS,Bengaluru,14,0,
TXN106915,2026-09-10 14:53:03,USER102912,MERCH200153,414.25,Utility Bills,Android,Chennai,14,0,
TXN106916,2026-09-10 14:53:19,USER101985,MERCH200469,74.05,Mobile Recharge,Android,Delhi,14,0,
TXN106917,2026-09-10 14:55:08,USER100635,MERCH200514,758.37,Shopping,Android,Delhi,14,0,
TXN106918,2026-09-10 14:59:20,USER100090,MERCH201131,310.33,Food & Dining,Android,Ahmedabad,14,0,
TXN106919,2026-09-10 15:01:36,USER102691,USER101093,151.69,Mobile Recharge,Android,Mumbai,15,0,
TXN106920,2026-09-10 15:07:27,USER101496,USER100207,696.04,Utility Bills,Android,Ahmedabad,15,0,
TXN106921,2026-09-10 15:08:25,USER102265,USER101185,565.92,P2P Transfer,Android,Jaipur,15,0,
TXN106922,2026-09-10 15:08:38,USER102916,USER102281,335.44,Healthcare,iOS,Patna,15,0,
TXN106923,2026-09-10 15:09:03,USER100784,USER101106,2092.85,Entertainment,iOS,Mumbai,15,0,
TXN106924,2026-09-10 15:09:15,USER101166,MERCH200239,918.89,Utility Bills,Android,Hyderabad,15,0,
TXN106925,2026-09-10 15:09:22,USER101507,MERCH200181,59.48,Mobile Recharge,iOS,Bengaluru,15,0,
TXN106926,2026-09-10 15:13:00,USER100229,MERCH200300,134.43,Travel,iOS,Delhi,15,0,
TXN106927,2026-09-10 15:13:52,USER100961,MERCH200377,140.46,Shopping,Android,Bengaluru,15,0,
TXN106928,2026-09-10 15:16:53,USER101909,USER102386,233.73,Fuel,Android,Bengaluru,15,0,
TXN106929,2026-09-10 15:17:28,USER102954,USER102495,251.0,Food & Dining,Android,Mumbai,15,0,
TXN106930,2026-09-10 15:19:38,USER101373,MERCH200357,1580.31,Utility Bills,Android,Chennai,15,0,
TXN106931,2026-09-10 15:21:07,USER100923,USER102942,267.41,Healthcare,Android,Pune,15,0,
TXN106932,2026-09-10 15:21:27,USER100066,USER102789,215.86,Fuel,Android,Mumbai,15,0,
TXN106933,2026-09-10 15:26:01,USER100312,USER102604,2302.93,Entertainment,Android,Chennai,15,0,
TXN106934,2026-09-10 15:26:12,USER102665,USER101430,76.44,Fuel,Android,Delhi,15,0,
TXN106935,2026-09-10 15:26:54,USER101163,USER100790,391.89,Travel,Android,Lucknow,15,0,
TXN106936,2026-09-10 15:30:34,USER100996,USER100000,261.48,Healthcare,Android,Bengaluru,15,0,
TXN106937,2026-09-10 15:31:19,USER101041,USER101756,289.81,Utility Bills,Android,Kolkata,15,0,
TXN106938,2026-09-10 15:31:20,USER101510,MERCH200075,248.9,Shopping,Android,Delhi,15,0,
TXN106939,2026-09-10 15:31:31,USER100358,USER102788,271.17,Travel,Android,Delhi,15,0,
TXN106940,2026-09-10 15:31:50,USER100439,MERCH201443,99.46,Healthcare,Android,Mumbai,15,0,
TXN106941,2026-09-10 15:34:16,USER101570,MERCH200573,364.52,Grocery,Android,Pune,15,0,
TXN106942,2026-09-10 15:35:00,USER102150,USER100130,937.84,Shopping,Android,Mumbai,15,0,
TXN106943,2026-09-10 15:40:04,USER101676,MERCH200031,137.3,Food & Dining,iOS,Ahmedabad,15,0,
TXN106944,2026-09-10 15:40:09,USER101610,USER102219,140.5,Entertainment,iOS,Mumbai,15,0,
TXN106945,2026-09-10 15:40:57,USER102365,USER100817,1094.21,Entertainment,Android,Delhi,15,0,
TXN106946,2026-09-10 15:41:10,USER100192,USER101023,128.72,P2P Transfer,Android,Patna,15,0,
TXN106947,2026-09-10 15:41:48,USER101532,USER100287,192.1,Mobile Recharge,Android,Hyderabad,15,0,
TXN106948,2026-09-10 15:45:34,USER101020,USER102711,343.7,Grocery,iOS,Ahmedabad,15,0,
TXN106949,2026-09-10 15:49:43,USER100928,USER100337,816.7,P2P Transfer,Android,Hyderabad,15,0,
TXN106950,2026-09-10 15:50:27,USER100044,MERCH201291,118.23,Mobile Recharge,Android,Kolkata,15,0,
TXN106951,2026-09-10 15:54:07,USER102534,USER102364,587.0,Travel,Android,Chennai,15,0,
TXN106952,2026-09-10 15:55:11,USER100511,USER101982,961.53,Food & Dining,Android,Pune,15,0,
TXN106953,2026-09-10 15:55:29,USER101922,MERCH200210,75.23,P2P Transfer,Android,Mumbai,15,0,
TXN106954,2026-09-10 15:55:48,USER100406,MERCH201490,2772.3,P2P Transfer,Android,Pune,15,0,
TXN106955,2026-09-10 15:58:36,USER102625,USER101882,58401.26,Food & Dining,New Device,Delhi,15,1,new_device_high
TXN106956,2026-09-10 15:59:14,USER102460,MERCH200751,154.29,Travel,Android,Jaipur,15,0,
TXN106957,2026-09-10 16:02:51,USER101541,MERCH200627,478.84,Travel,Android,Kolkata,16,0,
TXN106958,2026-09-10 16:03:21,USER100286,USER102594,232.23,Food & Dining,Android,Mumbai,16,0,
TXN106959,2026-09-10 16:04:38,USER101094,MERCH200416,125.03,Healthcare,Android,Ahmedabad,16,0,
TXN106960,2026-09-10 16:05:03,USER102636,USER100773,3576.15,Mobile Recharge,Android,Kolkata,16,0,
TXN106961,2026-09-10 16:06:28,USER102754,MERCH201370,1566.0,Fuel,iOS,Mumbai,16,0,
TXN106962,2026-09-10 16:06:54,USER101243,USER100860,80.25,Entertainment,Android,Mumbai,16,0,
TXN106963,2026-09-10 16:09:33,USER102744,USER100678,343.69,Utility Bills,Android,Ahmedabad,16,0,
TXN106964,2026-09-10 16:16:07,USER101993,MERCH200246,145.0,Entertainment,Android,Chennai,16,0,
TXN106965,2026-09-10 16:16:26,USER100780,USER101894,285.03,Food & Dining,Android,Jaipur,16,0,
TXN106966,2026-09-10 16:19:41,USER101012,MERCH200113,205.28,Shopping,Android,Delhi,16,0,
TXN106967,2026-09-10 16:22:12,USER100736,USER100095,948.55,Entertainment,Android,Mumbai,16,0,
TXN106968,2026-09-10 16:22:39,USER102024,USER102030,1178.35,Healthcare,Android,Mumbai,16,0,
TXN106969,2026-09-10 16:23:27,USER100179,USER101114,870.94,Mobile Recharge,Android,Delhi,16,0,
TXN106970,2026-09-10 16:27:21,USER102266,USER102609,1358.06,Mobile Recharge,iOS,Mumbai,16,0,
TXN106971,2026-09-10 16:27:29,USER100795,USER102768,77.63,Grocery,Android,Mumbai,16,0,
TXN106972,2026-09-10 16:30:41,USER102603,MERCH200813,483.96,Utility Bills,Android,Indore,16,0,
TXN106973,2026-09-10 16:30:46,USER101453,USER100232,165.36,Food & Dining,Android,Bengaluru,16,0,
TXN106974,2026-09-10 16:32:56,USER102211,MERCH201264,1375.93,Fuel,Android,Lucknow,16,0,
TXN106975,2026-09-10 16:36:52,USER102638,USER100428,141.21,Food & Dining,Android,Jaipur,16,0,
TXN106976,2026-09-10 16:37:16,USER100575,USER100362,285.64,Mobile Recharge,Android,Patna,16,0,
TXN106977,2026-09-10 16:37:56,USER102338,USER101979,312.33,Travel,Android,Indore,16,0,
TXN106978,2026-09-10 16:41:59,USER102109,USER100187,67.32,Travel,Android,Hyderabad,16,0,
TXN106979,2026-09-10 16:42:20,USER102660,USER102051,657.86,Entertainment,Android,Pune,16,0,
TXN106980,2026-09-10 16:43:39,USER101319,MERCH200880,318.25,P2P Transfer,Android,Mumbai,16,0,
TXN106981,2026-09-10 16:48:08,USER102757,USER100310,1467.63,Food & Dining,iOS,Mumbai,16,0,
TXN106982,2026-09-10 16:48:11,USER100683,MERCH200318,132.71,Utility Bills,Android,Delhi,16,0,
TXN106983,2026-09-10 16:49:43,USER100809,MERCH200282,113.13,P2P Transfer,iOS,Jaipur,16,0,
TXN106984,2026-09-10 16:49:56,USER102889,USER102668,50.48,Shopping,iOS,Mumbai,16,0,
TXN106985,2026-09-10 16:52:15,USER100125,MERCH200501,596.22,Mobile Recharge,Android,Bengaluru,16,0,
TXN106986,2026-09-10 16:52:43,USER101570,USER100060,93.97,Travel,Android,Bengaluru,16,0,
TXN106987,2026-09-10 16:52:52,USER101846,MERCH200370,287.31,Mobile Recharge,Android,Hyderabad,16,0,
TXN106988,2026-09-10 16:53:58,USER100993,MERCH201486,1162.51,Food & Dining,iOS,Kolkata,16,0,
TXN106989,2026-09-10 16:54:02,USER100303,USER102566,64.42,Travel,Android,Kolkata,16,0,
TXN106990,2026-09-10 16:56:29,USER101069,USER100912,125.95,P2P Transfer,Android,Hyderabad,16,0,
TXN106991,2026-09-10 16:57:09,USER102075,USER100320,591.2,Fuel,Android,Mumbai,16,0,
TXN106992,2026-09-10 16:58:03,USER100089,USER102348,1352.42,Travel,Android,Kolkata,16,0,
TXN106993,2026-09-10 17:00:00,USER101200,MERCH200036,187.51,Fuel,Android,Delhi,17,0,
TXN106994,2026-09-10 17:00:37,USER100078,USER100744,331.97,Travel,Android,Jaipur,17,0,
TXN106995,2026-09-10 17:01:02,USER101594,USER102957,1810.5,Mobile Recharge,Android,Bengaluru,17,0,
TXN106996,2026-09-10 17:01:49,USER102189,USER100921,44.29,P2P Transfer,iOS,Hyderabad,17,0,
TXN106997,2026-09-10 17:03:16,USER101431,USER100535,412.18,Fuel,Android,Pune,17,0,
TXN106998,2026-09-10 17:04:34,USER102680,USER102171,436.24,Grocery,Android,Chennai,17,0,
TXN106999,2026-09-10 17:06:30,USER102172,USER102098,430.94,Travel,Android,Kolkata,17,0,
TXN107000,2026-09-10 17:07:18,USER101429,USER101120,1537.44,Fuel,Android,Delhi,17,0,
TXN107001,2026-09-10 17:08:54,USER102443,USER100731,153.29,Food & Dining,Android,Ahmedabad,17,0,
TXN107002,2026-09-10 17:11:45,USER101901,MERCH200682,1184.15,Entertainment,Android,Indore,17,0,
TXN107003,2026-09-10 17:12:07,USER100169,USER102778,2592.6,Grocery,Android,Bengaluru,17,0,
TXN107004,2026-09-10 17:12:32,USER102018,USER102424,166.41,Grocery,Android,Hyderabad,17,0,
TXN107005,2026-09-10 17:16:41,USER102378,MERCH200293,663.82,Grocery,Android,Indore,17,0,
TXN107006,2026-09-10 17:18:27,USER100751,MERCH201195,260.8,P2P Transfer,Android,Pune,17,0,
TXN107007,2026-09-10 17:18:48,USER102368,USER102676,79.71,Mobile Recharge,iOS,Chennai,17,0,
TXN107008,2026-09-10 17:18:49,USER101842,USER101969,295.14,P2P Transfer,Android,Mumbai,17,0,
TXN107009,2026-09-10 17:19:52,USER100525,MERCH201319,1336.59,Utility Bills,Android,Mumbai,17,0,
TXN107010,2026-09-10 17:20:28,USER102300,USER100166,424.01,Mobile Recharge,Android,Patna,17,0,
TXN107011,2026-09-10 17:22:50,USER100682,USER100550,105.19,Healthcare,Android,Hyderabad,17,0,
TXN107012,2026-09-10 17:22:56,USER102763,USER100597,784.37,Shopping,Android,Delhi,17,0,
TXN107013,2026-09-10 17:23:20,USER100190,USER102011,97.59,Shopping,iOS,Bengaluru,17,0,
TXN107014,2026-09-10 17:24:22,USER102770,MERCH200525,853.78,Food & Dining,Android,Delhi,17,0,
TXN107015,2026-09-10 17:25:21,USER102773,MERCH200630,408.98,P2P Transfer,Android,Delhi,17,0,
TXN107016,2026-09-10 17:25:27,USER100837,USER102556,338.19,P2P Transfer,iOS,Bengaluru,17,0,
TXN107017,2026-09-10 17:26:57,USER102824,USER101212,108.13,Utility Bills,Android,Pune,17,0,
TXN107018,2026-09-10 17:28:00,USER102121,USER102151,795.63,Utility Bills,Android,Lucknow,17,0,
TXN107019,2026-09-10 17:28:49,USER102362,USER100386,61.27,Healthcare,Android,Chennai,17,0,
TXN107020,2026-09-10 17:30:08,USER102079,MERCH200455,139.48,Utility Bills,Android,Chennai,17,0,
TXN107021,2026-09-10 17:32:52,USER100959,USER100922,250.55,Utility Bills,iOS,Bengaluru,17,0,
TXN107022,2026-09-10 17:36:10,USER102057,USER101645,201.63,Entertainment,Android,Jaipur,17,0,
TXN107023,2026-09-10 17:38:08,USER102435,USER100397,151.74,Travel,Android,Patna,17,0,
TXN107024,2026-09-10 17:39:00,USER100046,USER101507,319.72,Grocery,iOS,Ahmedabad,17,0,
TXN107025,2026-09-10 17:45:16,USER100792,USER102980,147.02,Entertainment,Android,Chennai,17,0,
TXN107026,2026-09-10 17:45:40,USER102731,USER101755,124.35,P2P Transfer,Android,Chennai,17,0,
TXN107027,2026-09-10 17:46:31,USER100546,MERCH201329,192.01,Food & Dining,Android,Bengaluru,17,0,
TXN107028,2026-09-10 17:48:17,USER100576,MERCH200787,430.38,Healthcare,Android,Delhi,17,0,
TXN107029,2026-09-10 17:51:16,USER101941,USER100064,367.72,Fuel,Android,Mumbai,17,0,
TXN107030,2026-09-10 17:51:35,USER100895,MERCH200014,477.35,Utility Bills,Android,Mumbai,17,0,
TXN107031,2026-09-10 17:52:29,USER102060,USER102715,850.61,Mobile Recharge,iOS,Delhi,17,0,
TXN107032,2026-09-10 17:53:29,USER101348,MERCH200790,109.37,Food & Dining,Android,Pune,17,0,
TXN107033,2026-09-10 17:53:41,USER102981,USER100736,38.47,Mobile Recharge,Android,Kolkata,17,0,
TXN107034,2026-09-10 17:54:28,USER101481,MERCH200185,1795.69,Grocery,Android,Pune,17,0,
TXN107035,2026-09-10 17:56:44,USER102073,USER102565,1714.28,Travel,Android,Kolkata,17,0,
TXN107036,2026-09-10 17:56:58,USER102554,USER102497,923.29,Fuel,Android,Mumbai,17,0,
TXN107037,2026-09-10 17:57:05,USER102364,MERCH200635,3568.64,Grocery,Android,Hyderabad,17,0,
TXN107038,2026-09-10 17:59:28,USER100031,USER100110,322.45,Fuel,iOS,Mumbai,17,0,
TXN107039,2026-09-10 18:00:10,USER101099,MERCH201472,57.29,Mobile Recharge,Android,Bengaluru,18,0,
TXN107040,2026-09-10 18:00:18,USER100407,MERCH200423,230.49,Healthcare,iOS,Pune,18,0,
TXN107041,2026-09-10 18:02:14,USER101047,USER100422,1118.85,Fuel,Android,Jaipur,18,0,
TXN107042,2026-09-10 18:03:35,USER102526,MERCH201302,175.89,Shopping,Android,Hyderabad,18,0,
TXN107043,2026-09-10 18:03:54,USER100863,USER100626,1000.97,Healthcare,Android,Patna,18,0,
TXN107044,2026-09-10 18:06:01,USER100234,MERCH200054,201.7,Food & Dining,Android,Hyderabad,18,0,
TXN107045,2026-09-10 18:06:39,USER100270,USER100801,293.99,Food & Dining,Android,Hyderabad,18,0,
TXN107046,2026-09-10 18:06:41,USER102222,USER100758,180.73,Entertainment,iOS,Pune,18,0,
TXN107047,2026-09-10 18:06:57,USER100737,USER102496,235.2,Grocery,Android,Indore,18,0,
TXN107048,2026-09-10 18:11:43,USER100775,USER100826,1479.38,P2P Transfer,Android,Kolkata,18,0,
TXN107049,2026-09-10 18:12:27,USER102719,USER102786,444.93,P2P Transfer,Android,Ahmedabad,18,0,
TXN107050,2026-09-10 18:13:09,USER100667,USER100625,197.92,Food & Dining,Android,Jaipur,18,0,
TXN107051,2026-09-10 18:14:11,USER102238,MERCH200261,46.39,Grocery,Android,Indore,18,0,
TXN107052,2026-09-10 18:14:12,USER101414,MERCH200147,466.89,P2P Transfer,Android,Mumbai,18,0,
TXN107053,2026-09-10 18:15:43,USER101263,MERCH201235,1144.21,Food & Dining,Android,Delhi,18,0,
TXN107054,2026-09-10 18:15:54,USER101919,USER102351,39.38,Utility Bills,Android,Patna,18,0,
TXN107055,2026-09-10 18:16:16,USER102297,MERCH201335,320.07,Entertainment,iOS,Patna,18,0,
TXN107056,2026-09-10 18:17:44,USER100405,MERCH201339,337.3,P2P Transfer,Android,Bengaluru,18,0,
TXN107057,2026-09-10 18:20:34,USER101725,USER102536,764.76,P2P Transfer,Android,Patna,18,0,
TXN107058,2026-09-10 18:23:38,USER102083,USER100000,523.01,Mobile Recharge,Android,Pune,18,0,
TXN107059,2026-09-10 18:26:41,USER101027,USER100236,529.39,Utility Bills,iOS,Mumbai,18,0,
TXN107060,2026-09-10 18:27:10,USER101470,USER102272,324.44,Travel,iOS,Bengaluru,18,0,
TXN107061,2026-09-10 18:28:28,USER102249,USER100545,379.31,P2P Transfer,Android,Delhi,18,0,
TXN107062,2026-09-10 18:28:31,USER101232,USER102995,151.66,Mobile Recharge,Android,Delhi,18,0,
TXN107063,2026-09-10 18:30:53,USER102848,USER102075,400.41,P2P Transfer,iOS,Chennai,18,0,
TXN107064,2026-09-10 18:33:10,USER101804,USER101982,166.47,Mobile Recharge,Android,Delhi,18,0,
TXN107065,2026-09-10 18:34:09,USER101414,USER102285,212.34,Entertainment,iOS,Mumbai,18,0,
TXN107066,2026-09-10 18:34:56,USER102086,USER102769,306.55,Healthcare,Android,Chennai,18,0,
TXN107067,2026-09-10 18:36:30,USER100169,USER100915,96.13,P2P Transfer,iOS,Lucknow,18,0,
TXN107068,2026-09-10 18:36:59,USER100902,USER102164,367.3,Travel,Android,Pune,18,0,
TXN107069,2026-09-10 18:37:22,USER101823,MERCH201364,561.13,Grocery,Android,Indore,18,0,
TXN107070,2026-09-10 18:37:40,USER101799,MERCH201116,668.09,Mobile Recharge,Android,Pune,18,0,
TXN107071,2026-09-10 18:42:42,USER102968,USER100613,2786.78,Grocery,Android,Chennai,18,0,
TXN107072,2026-09-10 18:43:03,USER100911,USER100579,165.11,Utility Bills,Android,Chennai,18,0,
TXN107073,2026-09-10 18:46:51,USER100494,MERCH201232,188.31,Fuel,Android,Bengaluru,18,0,
TXN107074,2026-09-10 18:46:56,USER102808,MERCH201307,1829.98,Grocery,Android,Delhi,18,0,
TXN107075,2026-09-10 18:47:46,USER101111,MERCH200790,173.7,Travel,Android,Chennai,18,0,
TXN107076,2026-09-10 18:48:29,USER102202,USER100051,92.67,Shopping,Android,Kolkata,18,0,
TXN107077,2026-09-10 18:49:07,USER100388,USER102975,714.99,Travel,Android,Delhi,18,0,
TXN107078,2026-09-10 18:54:00,USER100098,USER101906,936.04,Entertainment,Android,Ahmedabad,18,0,
TXN107079,2026-09-10 18:55:13,USER102334,MERCH200087,3274.35,Healthcare,Android,Ahmedabad,18,0,
TXN107080,2026-09-10 18:55:52,USER101338,USER100544,132.99,Grocery,Android,Jaipur,18,0,
TXN107081,2026-09-10 18:57:03,USER100417,MERCH200660,1226.98,Travel,Android,Bengaluru,18,0,
TXN107082,2026-09-10 18:57:39,USER101702,MERCH200226,1505.03,Shopping,Android,Hyderabad,18,0,
TXN107083,2026-09-10 18:58:40,USER101037,USER102815,57.22,Healthcare,Android,Jaipur,18,0,
TXN107084,2026-09-10 18:59:29,USER100163,USER102764,585.61,Mobile Recharge,iOS,Mumbai,18,0,
TXN107085,2026-09-10 19:00:25,USER101204,USER100976,495.5,Healthcare,Android,Chennai,19,0,
TXN107086,2026-09-10 19:02:30,USER101749,USER102535,200.4,P2P Transfer,Android,Jaipur,19,0,
TXN107087,2026-09-10 19:03:22,USER101941,USER100045,453.94,Food & Dining,Android,Mumbai,19,0,
TXN107088,2026-09-10 19:06:40,USER100022,USER102295,403.54,Fuel,iOS,Ahmedabad,19,0,
TXN107089,2026-09-10 19:07:08,USER101765,USER101371,1107.17,P2P Transfer,iOS,Patna,19,0,
TXN107090,2026-09-10 19:07:30,USER101425,USER100742,388.68,Travel,Android,Patna,19,0,
TXN107091,2026-09-10 19:07:47,USER101688,USER102021,152.72,Food & Dining,Android,Mumbai,19,0,
TXN107092,2026-09-10 19:10:28,USER102807,MERCH201186,1035.84,Healthcare,Android,Delhi,19,0,
TXN107093,2026-09-10 19:11:26,USER101038,USER101626,1130.21,Fuel,Android,Kolkata,19,0,
TXN107094,2026-09-10 19:13:10,USER102721,MERCH201375,201.68,Mobile Recharge,Android,Mumbai,19,0,
TXN107095,2026-09-10 19:13:36,USER101147,USER102454,445.21,Grocery,Android,Hyderabad,19,0,
TXN107096,2026-09-10 19:14:56,USER102507,MERCH201085,3363.28,Entertainment,Android,Kolkata,19,0,
TXN107097,2026-09-10 19:15:00,USER100470,MERCH200234,255.66,Fuel,Android,Ahmedabad,19,0,
TXN107098,2026-09-10 19:16:10,USER101607,USER101850,300.71,Shopping,Android,Indore,19,0,
TXN107099,2026-09-10 19:16:21,USER102991,USER101133,553.99,Utility Bills,Android,Hyderabad,19,0,
TXN107100,2026-09-10 19:18:05,USER101280,USER100715,1081.2,Mobile Recharge,Android,Mumbai,19,0,
TXN107101,2026-09-10 19:18:05,USER102679,MERCH200324,1131.73,Grocery,Android,Jaipur,19,0,
TXN107102,2026-09-10 19:20:17,USER102595,USER101319,759.94,Utility Bills,Android,Kolkata,19,0,
TXN107103,2026-09-10 19:20:54,USER101685,USER101964,379.79,Healthcare,Android,Bengaluru,19,0,
TXN107104,2026-09-10 19:21:51,USER101209,USER101087,230.75,Entertainment,Android,Patna,19,0,
TXN107105,2026-09-10 19:22:13,USER100162,USER100172,115.81,Travel,Android,Mumbai,19,0,
TXN107106,2026-09-10 19:22:42,USER100303,USER101751,131.7,Grocery,Android,Patna,19,0,
TXN107107,2026-09-10 19:23:58,USER101744,USER102459,68.84,Mobile Recharge,iOS,Delhi,19,0,
TXN107108,2026-09-10 19:24:47,USER100001,MERCH200594,10000.0,Mobile Recharge,Android,Hyderabad,19,1,round_number
TXN107109,2026-09-10 19:26:21,USER101326,MERCH201445,143.49,Mobile Recharge,Android,Kolkata,19,0,
TXN107110,2026-09-10 19:29:10,USER102560,USER101774,219.1,Shopping,iOS,Kolkata,19,0,
TXN107111,2026-09-10 19:29:21,USER102186,MERCH200465,401.97,Shopping,Android,Patna,19,0,
TXN107112,2026-09-10 19:29:56,USER102034,MERCH201040,1208.05,Entertainment,Android,Mumbai,19,0,
TXN107113,2026-09-10 19:30:13,USER102358,USER100590,3714.99,Grocery,Android,Bengaluru,19,0,
TXN107114,2026-09-10 19:33:22,USER100989,MERCH200732,68.79,Utility Bills,Android,Kolkata,19,0,
TXN107115,2026-09-10 19:34:17,USER102445,MERCH200891,407.74,Entertainment,iOS,Indore,19,0,
TXN107116,2026-09-10 19:35:53,USER101388,MERCH200580,160.63,Utility Bills,Android,Mumbai,19,0,
TXN107117,2026-09-10 19:36:16,USER101042,USER102340,319.29,Utility Bills,iOS,Delhi,19,0,
TXN107118,2026-09-10 19:38:15,USER100882,USER100726,1283.76,Utility Bills,Android,Bengaluru,19,0,
TXN107119,2026-09-10 19:39:19,USER102810,USER101464,233.64,Healthcare,Android,Ahmedabad,19,0,
TXN107120,2026-09-10 19:39:36,USER100246,MERCH201102,88.25,Fuel,Android,Delhi,19,0,
TXN107121,2026-09-10 19:42:51,USER101169,USER101046,256.64,Healthcare,Android,Bengaluru,19,0,
TXN107122,2026-09-10 19:45:59,USER100983,USER101531,172.64,Healthcare,Android,Hyderabad,19,0,
TXN107123,2026-09-10 19:48:45,USER100059,MERCH201234,499.88,Fuel,Android,Indore,19,0,
TXN107124,2026-09-10 19:49:18,USER100144,MERCH200853,227.78,Fuel,Android,Bengaluru,19,0,
TXN107125,2026-09-10 19:50:28,USER102742,USER101641,104.68,Grocery,Android,Mumbai,19,0,
TXN107126,2026-09-10 19:51:08,USER102793,USER102756,88.27,Food & Dining,Android,Delhi,19,0,
TXN107127,2026-09-10 19:51:32,USER101784,USER101564,361.79,Entertainment,Android,Ahmedabad,19,0,
TXN107128,2026-09-10 19:54:46,USER101341,USER102022,67.83,Shopping,iOS,Ahmedabad,19,0,
TXN107129,2026-09-10 19:56:48,USER101072,USER102978,484.02,P2P Transfer,Android,Jaipur,19,0,
TXN107130,2026-09-10 19:57:22,USER102003,USER101966,427.21,Food & Dining,iOS,Pune,19,0,
TXN107131,2026-09-10 19:58:13,USER102173,USER100039,5305.81,Healthcare,Android,Ahmedabad,19,0,
TXN107132,2026-09-10 20:00:12,USER100777,USER101080,91.06,Grocery,Android,Kolkata,20,0,
TXN107133,2026-09-10 20:00:21,USER102220,MERCH200232,731.1,Mobile Recharge,Android,Bengaluru,20,0,
TXN107134,2026-09-10 20:01:09,USER101051,MERCH200784,44.37,P2P Transfer,Android,Delhi,20,0,
TXN107135,2026-09-10 20:01:43,USER101679,USER102819,490.39,Grocery,iOS,Patna,20,0,
TXN107136,2026-09-10 20:01:52,USER101776,USER102204,29.75,Healthcare,iOS,Chennai,20,0,
TXN107137,2026-09-10 20:02:29,USER102668,USER100408,302.28,Travel,Android,Kolkata,20,0,
TXN107138,2026-09-10 20:03:01,USER100219,USER101222,237.3,Travel,Android,Delhi,20,0,
TXN107139,2026-09-10 20:03:27,USER102660,MERCH200835,1296.05,Food & Dining,Android,Chennai,20,0,
TXN107140,2026-09-10 20:03:34,USER102247,USER101020,180.28,Shopping,Android,Ahmedabad,20,0,
TXN107141,2026-09-10 20:03:37,USER100581,USER102610,519.19,Utility Bills,iOS,Kolkata,20,0,
TXN107142,2026-09-10 20:04:30,USER100754,USER101227,223.85,Utility Bills,iOS,Hyderabad,20,0,
TXN107143,2026-09-10 20:04:36,USER100969,USER102271,539.13,Mobile Recharge,Android,Hyderabad,20,0,
TXN107144,2026-09-10 20:06:54,USER102565,MERCH201426,677.35,Mobile Recharge,Android,Kolkata,20,0,
TXN107145,2026-09-10 20:08:59,USER101068,USER101520,847.25,Utility Bills,iOS,Pune,20,0,
TXN107146,2026-09-10 20:10:39,USER100961,MERCH201152,148.1,Travel,iOS,Pune,20,0,
TXN107147,2026-09-10 20:12:02,USER102256,USER100113,497.96,Grocery,iOS,Kolkata,20,0,
TXN107148,2026-09-10 20:13:07,USER101148,USER100285,713.66,Travel,Android,Kolkata,20,0,
TXN107149,2026-09-10 20:13:45,USER102851,USER101253,265.63,P2P Transfer,Android,Delhi,20,0,
TXN107150,2026-09-10 20:16:05,USER100374,MERCH201296,601.55,Grocery,Android,Ahmedabad,20,0,
TXN107151,2026-09-10 20:19:30,USER100976,USER102367,317.45,Utility Bills,Android,Bengaluru,20,0,
TXN107152,2026-09-10 20:19:45,USER102221,USER100909,439.41,Mobile Recharge,Android,Kolkata,20,0,
TXN107153,2026-09-10 20:19:53,USER100311,USER102621,91.31,P2P Transfer,iOS,Delhi,20,0,
TXN107154,2026-09-10 20:22:57,USER102298,MERCH201222,460.16,Travel,Android,Bengaluru,20,0,
TXN107155,2026-09-10 20:23:08,USER102739,USER102323,1240.19,Fuel,iOS,Indore,20,0,
TXN107156,2026-09-10 20:23:25,USER100141,USER102106,1301.17,Entertainment,iOS,Bengaluru,20,0,
TXN107157,2026-09-10 20:24:10,USER100825,USER102905,9481.28,Shopping,Android,Delhi,20,0,
TXN107158,2026-09-10 20:24:24,USER100308,USER102080,71.57,Shopping,iOS,Pune,20,0,
TXN107159,2026-09-10 20:24:50,USER101379,USER100144,1218.76,P2P Transfer,Android,Lucknow,20,0,
TXN107160,2026-09-10 20:24:56,USER100123,MERCH200182,54.07,Fuel,Android,Delhi,20,0,
TXN107161,2026-09-10 20:26:59,USER102101,USER100718,2390.79,Shopping,Android,Mumbai,20,0,
TXN107162,2026-09-10 20:27:44,USER101046,MERCH200908,431.4,Shopping,iOS,Hyderabad,20,0,
TXN107163,2026-09-10 20:29:40,USER100928,MERCH200414,50000.0,Healthcare,Android,Mumbai,20,1,round_number
TXN107164,2026-09-10 20:34:24,USER101488,USER101976,878.66,Shopping,Android,Bengaluru,20,0,
TXN107165,2026-09-10 20:34:38,USER100747,USER100059,1865.16,Travel,Android,Jaipur,20,0,
TXN107166,2026-09-10 20:38:22,USER101262,USER100858,371.67,Mobile Recharge,Android,Mumbai,20,0,
TXN107167,2026-09-10 20:40:06,USER100061,USER100944,3680.39,Healthcare,iOS,Indore,20,0,
TXN107168,2026-09-10 20:40:48,USER100119,USER100098,2549.12,Healthcare,Android,Pune,20,0,
TXN107169,2026-09-10 20:41:53,USER100606,MERCH200048,1266.31,Fuel,Android,Mumbai,20,0,
TXN107170,2026-09-10 20:41:59,USER102670,MERCH201053,89.92,P2P Transfer,Android,Delhi,20,0,
TXN107171,2026-09-10 20:43:16,USER101359,MERCH200312,41.71,Entertainment,Android,Chennai,20,0,
TXN107172,2026-09-10 20:44:02,USER101451,USER101634,49.21,Shopping,iOS,Delhi,20,0,
TXN107173,2026-09-10 20:44:58,USER100458,MERCH200076,389.83,Fuel,Android,Kolkata,20,0,
TXN107174,2026-09-10 20:45:56,USER102299,MERCH200916,557.27,Utility Bills,iOS,Mumbai,20,0,
TXN107175,2026-09-10 20:48:29,USER100566,USER101407,2610.78,Healthcare,Android,Pune,20,0,
TXN107176,2026-09-10 20:48:58,USER100722,MERCH200472,90.12,Utility Bills,Android,Hyderabad,20,0,
TXN107177,2026-09-10 20:49:05,USER100768,USER100130,113.1,Utility Bills,Android,Delhi,20,0,
TXN107178,2026-09-10 20:50:06,USER102149,USER102007,210.6,Fuel,Android,Kolkata,20,0,
TXN107179,2026-09-10 20:50:59,USER100540,USER101672,212.57,Food & Dining,iOS,Chennai,20,0,
TXN107180,2026-09-10 20:52:37,USER100329,MERCH200074,821.64,Fuel,Android,Ahmedabad,20,0,
TXN107181,2026-09-10 20:56:11,USER101815,MERCH200286,229.78,Food & Dining,Android,Bengaluru,20,0,
TXN107182,2026-09-10 20:57:24,USER101625,USER100746,344.67,Grocery,Android,Ahmedabad,20,0,
TXN107183,2026-09-10 20:57:31,USER101774,USER102693,785.49,Mobile Recharge,Android,Hyderabad,20,0,
TXN107184,2026-09-10 20:59:36,USER102841,MERCH200960,432.71,Grocery,Android,Bengaluru,20,0,
TXN107185,2026-09-10 20:59:41,USER101170,USER100228,144.91,Fuel,iOS,Lucknow,20,0,
TXN107186,2026-09-10 21:05:56,USER100367,USER101595,2838.53,Utility Bills,Android,Hyderabad,21,0,
TXN107187,2026-09-10 21:07:50,USER102212,USER101761,114.35,Mobile Recharge,Android,Pune,21,0,
TXN107188,2026-09-10 21:12:41,USER101769,MERCH200004,646.11,Travel,Android,Delhi,21,0,
TXN107189,2026-09-10 21:16:00,USER100145,MERCH201170,77.04,Shopping,Android,Kolkata,21,0,
TXN107190,2026-09-10 21:27:29,USER101667,USER100786,513.99,Mobile Recharge,Android,Mumbai,21,0,
TXN107191,2026-09-10 21:28:07,USER102514,MERCH201332,153.28,Healthcare,iOS,Bengaluru,21,0,
TXN107192,2026-09-10 21:28:45,USER100286,USER102298,986.44,Travel,Android,Bengaluru,21,0,
TXN107193,2026-09-10 21:28:56,USER102811,MERCH201321,173.97,Grocery,Android,Bengaluru,21,0,
TXN107194,2026-09-10 21:30:28,USER102870,MERCH200703,117.61,Shopping,Android,Mumbai,21,0,
TXN107195,2026-09-10 21:30:40,USER100541,USER101909,562.34,Travel,Android,Mumbai,21,0,
TXN107196,2026-09-10 21:33:24,USER102636,USER102406,256.51,Fuel,iOS,Delhi,21,0,
TXN107197,2026-09-10 21:33:34,USER100149,USER100829,450.88,Healthcare,Android,Bengaluru,21,0,
TXN107198,2026-09-10 21:34:27,USER101046,USER100426,1112.31,Fuel,Android,Delhi,21,0,
TXN107199,2026-09-10 21:35:14,USER102616,USER100923,643.35,Mobile Recharge,Android,Bengaluru,21,0,
TXN107200,2026-09-10 21:36:07,USER101457,MERCH201160,259.68,Travel,iOS,Pune,21,0,
TXN107201,2026-09-10 21:37:32,USER102307,USER100185,403.25,Shopping,iOS,Mumbai,21,0,
TXN107202,2026-09-10 21:38:29,USER100909,MERCH200807,172.87,Food & Dining,iOS,Hyderabad,21,0,
TXN107203,2026-09-10 21:44:41,USER101143,USER100239,6023.0,Mobile Recharge,Android,Lucknow,21,0,
TXN107204,2026-09-10 21:47:08,USER101003,MERCH200919,427.42,Shopping,iOS,Kolkata,21,0,
TXN107205,2026-09-10 21:49:17,USER100115,MERCH200091,1534.88,Travel,Android,Delhi,21,0,
TXN107206,2026-09-10 21:52:56,USER100301,USER102279,348.84,Food & Dining,Android,Patna,21,0,
TXN107207,2026-09-10 21:53:42,USER100401,USER100759,692.5,Travel,Android,Delhi,21,0,
TXN107208,2026-09-10 21:54:53,USER100094,USER101396,167.01,Fuel,Android,Chennai,21,0,
TXN107209,2026-09-10 21:56:47,USER100743,USER100141,230.6,Entertainment,Android,Hyderabad,21,0,
TXN107210,2026-09-10 21:56:55,USER101229,USER101454,107.73,Shopping,Android,Chennai,21,0,
TXN107211,2026-09-10 22:02:17,USER101487,USER101873,1951.58,Travel,Android,Pune,22,0,
TXN107212,2026-09-10 22:03:34,USER102602,USER101682,382.88,Travel,Android,Hyderabad,22,0,
TXN107213,2026-09-10 22:03:55,USER101156,MERCH200824,672.97,Utility Bills,Android,Mumbai,22,0,
TXN107214,2026-09-10 22:04:53,USER101495,MERCH200291,343.54,Food & Dining,Android,Mumbai,22,0,
TXN107215,2026-09-10 22:07:02,USER101026,USER101287,385.46,Travel,Android,Bengaluru,22,0,
TXN107216,2026-09-10 22:07:11,USER102209,USER101726,200.29,Grocery,iOS,Bengaluru,22,0,
TXN107217,2026-09-10 22:10:20,USER101521,USER100361,423.7,Mobile Recharge,Android,Chennai,22,0,
TXN107218,2026-09-10 22:10:44,USER102235,MERCH201050,667.68,P2P Transfer,Android,Kolkata,22,0,
TXN107219,2026-09-10 22:12:30,USER100691,MERCH201249,999.66,Grocery,iOS,Mumbai,22,0,
TXN107220,2026-09-10 22:13:51,USER101292,MERCH201366,393.75,Travel,Android,Mumbai,22,0,
TXN107221,2026-09-10 22:14:43,USER101712,USER100029,57.38,P2P Transfer,Android,Delhi,22,0,
TXN107222,2026-09-10 22:15:18,USER100467,USER102424,194.37,P2P Transfer,Android,Ahmedabad,22,0,
TXN107223,2026-09-10 22:17:14,USER102852,MERCH200901,394.12,Fuel,Android,Bengaluru,22,0,
TXN107224,2026-09-10 22:23:24,USER100999,USER100922,216.96,Food & Dining,Android,Chennai,22,0,
TXN107225,2026-09-10 22:23:24,USER102783,USER102435,56.84,Entertainment,Android,Ahmedabad,22,0,
TXN107226,2026-09-10 22:27:17,USER102325,MERCH201476,64.57,P2P Transfer,Android,Chennai,22,0,
TXN107227,2026-09-10 22:28:27,USER102783,USER100816,48.2,P2P Transfer,Android,Chennai,22,0,
TXN107228,2026-09-10 22:33:10,USER102139,USER101941,879.17,Utility Bills,Android,Patna,22,0,
TXN107229,2026-09-10 22:33:31,USER100284,USER102042,270.8,Grocery,Android,Mumbai,22,0,
TXN107230,2026-09-10 22:36:07,USER102100,USER101058,677.14,Healthcare,iOS,Pune,22,0,
TXN107231,2026-09-10 22:42:55,USER101718,USER100299,237.49,P2P Transfer,Android,Pune,22,0,
TXN107232,2026-09-10 22:43:26,USER102047,MERCH200093,102.79,Fuel,Android,Bengaluru,22,0,
TXN107233,2026-09-10 22:47:42,USER100858,USER100268,464.52,P2P Transfer,Android,Ahmedabad,22,0,
TXN107234,2026-09-10 22:48:41,USER100700,USER100180,371.94,Travel,Android,Hyderabad,22,0,
TXN107235,2026-09-10 22:49:25,USER100790,USER100221,180.9,Healthcare,Android,Bengaluru,22,0,
TXN107236,2026-09-10 22:51:23,USER102726,MERCH200630,570.89,Shopping,Android,Delhi,22,0,
TXN107237,2026-09-10 22:54:24,USER101367,MERCH201234,392.48,Mobile Recharge,iOS,Bengaluru,22,0,
TXN107238,2026-09-10 22:55:25,USER102310,USER101152,310.66,P2P Transfer,Android,Bengaluru,22,0,
TXN107239,2026-09-10 23:09:18,USER100664,MERCH200746,239.64,Food & Dining,Android,Mumbai,23,0,
TXN107240,2026-09-10 23:38:40,USER102797,MERCH200122,594.6,Fuel,Android,Patna,23,0,
TXN107241,2026-09-10 23:56:02,USER100937,MERCH200002,183.17,P2P Transfer,Android,Mumbai,23,0,
TXN107242,2026-09-11 00:00:00,USER100627,MERCH200627,59762.94,Healthcare,Android,Delhi,0,1,odd_hour_high_amount
TXN107243,2026-09-11 00:13:00,USER102077,MERCH201182,1171.89,P2P Transfer,Android,Ahmedabad,0,1,velocity_burst
TXN107244,2026-09-11 00:20:23,USER101130,USER102834,1899.79,Entertainment,Android,Mumbai,0,0,
TXN107245,2026-09-11 00:44:23,USER102164,MERCH201441,354.69,Fuel,Android,Delhi,0,0,
TXN107246,2026-09-11 01:02:32,USER101598,MERCH200395,353.29,Shopping,Android,Mumbai,1,0,
TXN107247,2026-09-11 02:08:46,USER101085,USER102593,401.47,Travel,Android,Chennai,2,0,
TXN107248,2026-09-11 04:13:00,USER102317,MERCH201010,17900.51,Travel,Android,Mumbai,4,1,odd_hour_high_amount
TXN107249,2026-09-11 05:11:39,USER102190,MERCH200892,392.74,Mobile Recharge,Android,Mumbai,5,0,
TXN107250,2026-09-11 05:58:09,USER100022,MERCH200740,983.6,Grocery,Android,Hyderabad,5,0,
TXN107251,2026-09-11 06:07:26,USER100687,USER102751,396.69,Mobile Recharge,Android,Kolkata,6,0,
TXN107252,2026-09-11 06:51:15,USER101165,MERCH200944,696.08,Mobile Recharge,iOS,Pune,6,0,
TXN107253,2026-09-11 06:51:38,USER102417,USER100523,806.14,Fuel,Android,Patna,6,0,
TXN107254,2026-09-11 06:53:57,USER102605,MERCH201188,478.13,Travel,Android,Delhi,6,0,
TXN107255,2026-09-11 07:03:46,USER100698,USER102541,241.28,P2P Transfer,iOS,Chennai,7,0,
TXN107256,2026-09-11 07:03:58,USER102401,USER100706,117.73,Fuel,Android,Pune,7,0,
TXN107257,2026-09-11 07:04:57,USER102301,USER100456,52.75,P2P Transfer,iOS,Lucknow,7,0,
TXN107258,2026-09-11 07:07:28,USER102914,USER100528,100000.0,Healthcare,Android,Delhi,7,1,round_number
TXN107259,2026-09-11 07:11:39,USER102534,MERCH200492,161.38,Grocery,Android,Patna,7,0,
TXN107260,2026-09-11 07:11:42,USER102857,USER101051,461.29,Entertainment,Android,Ahmedabad,7,0,
TXN107261,2026-09-11 07:13:49,USER100791,MERCH200860,1689.28,Healthcare,Android,Mumbai,7,0,
TXN107262,2026-09-11 07:23:15,USER102192,USER101393,332.21,Utility Bills,Android,Pune,7,0,
TXN107263,2026-09-11 07:34:11,USER101017,USER100983,330.27,Mobile Recharge,Android,Hyderabad,7,0,
TXN107264,2026-09-11 07:41:41,USER100273,MERCH200921,323.49,Grocery,Android,Delhi,7,0,
TXN107265,2026-09-11 07:44:04,USER102089,USER102446,351.71,Utility Bills,Android,Kolkata,7,0,
TXN107266,2026-09-11 07:59:11,USER102711,USER100820,6408.52,Utility Bills,iOS,Hyderabad,7,0,
TXN107267,2026-09-11 08:00:10,USER102290,USER102514,531.09,Utility Bills,Android,Lucknow,8,0,
TXN107268,2026-09-11 08:03:08,USER101658,MERCH201355,164.43,Shopping,Android,Delhi,8,0,
TXN107269,2026-09-11 08:05:09,USER100120,MERCH200849,1274.23,P2P Transfer,iOS,Hyderabad,8,0,
TXN107270,2026-09-11 08:05:43,USER102187,USER102549,241.04,Mobile Recharge,Android,Mumbai,8,0,
TXN107271,2026-09-11 08:15:45,USER100417,MERCH200802,202.01,Grocery,Android,Mumbai,8,0,
TXN107272,2026-09-11 08:17:46,USER102214,USER101784,235.27,Fuel,iOS,Delhi,8,0,
TXN107273,2026-09-11 08:19:46,USER101910,USER102621,193.39,Fuel,Android,Pune,8,0,
TXN107274,2026-09-11 08:21:05,USER102828,MERCH200133,623.37,Utility Bills,Android,Bengaluru,8,0,
TXN107275,2026-09-11 08:21:06,USER101509,USER102083,341.49,Food & Dining,iOS,Kolkata,8,0,
TXN107276,2026-09-11 08:21:24,USER101658,MERCH200158,476.24,Mobile Recharge,Android,Ahmedabad,8,0,
TXN107277,2026-09-11 08:25:00,USER100794,USER100360,201.5,Travel,Android,Hyderabad,8,0,
TXN107278,2026-09-11 08:27:18,USER101001,USER100117,125.8,Entertainment,Android,Kolkata,8,0,
TXN107279,2026-09-11 08:31:03,USER102189,USER100738,132.29,Fuel,Android,Hyderabad,8,0,
TXN107280,2026-09-11 08:36:19,USER101758,MERCH201153,1465.63,Shopping,Android,Delhi,8,0,
TXN107281,2026-09-11 08:46:21,USER101370,MERCH200597,331.7,Travel,Android,Patna,8,0,
TXN107282,2026-09-11 08:48:13,USER101319,MERCH200013,333.23,Grocery,Android,Delhi,8,0,
TXN107283,2026-09-11 08:48:37,USER100695,MERCH200522,147.45,Grocery,Android,Mumbai,8,0,
TXN107284,2026-09-11 08:52:55,USER100756,USER101435,338.65,Utility Bills,Android,Bengaluru,8,0,
TXN107285,2026-09-11 08:54:21,USER100657,MERCH201454,41.86,Healthcare,iOS,Bengaluru,8,0,
TXN107286,2026-09-11 08:54:32,USER100439,MERCH201076,96.72,Travel,Android,Bengaluru,8,0,
TXN107287,2026-09-11 08:55:08,USER100883,USER100215,471.05,Fuel,iOS,Bengaluru,8,0,
TXN107288,2026-09-11 08:56:20,USER100741,USER101876,25000.0,Food & Dining,Android,Hyderabad,8,1,round_number
TXN107289,2026-09-11 08:58:32,USER101426,USER100650,138.85,P2P Transfer,Android,Pune,8,0,
TXN107290,2026-09-11 08:58:48,USER100103,USER100693,255.15,Utility Bills,Android,Patna,8,0,
TXN107291,2026-09-11 08:59:33,USER101287,MERCH201410,51.26,Entertainment,Android,Bengaluru,8,0,
TXN107292,2026-09-11 09:00:10,USER101118,USER102686,553.96,Food & Dining,iOS,Hyderabad,9,0,
TXN107293,2026-09-11 09:02:16,USER101468,USER102114,174.81,Utility Bills,Android,Bengaluru,9,0,
TXN107294,2026-09-11 09:03:02,USER102364,MERCH200262,304.34,Shopping,iOS,Ahmedabad,9,0,
TXN107295,2026-09-11 09:03:21,USER100616,MERCH201021,114.06,Utility Bills,Android,Pune,9,0,
TXN107296,2026-09-11 09:06:41,USER100401,USER102929,1248.46,Utility Bills,Android,Chennai,9,0,
TXN107297,2026-09-11 09:06:54,USER100389,USER102783,318.07,Shopping,iOS,Mumbai,9,0,
TXN107298,2026-09-11 09:07:08,USER100880,MERCH201115,618.5,Shopping,Android,Chennai,9,0,
TXN107299,2026-09-11 09:08:22,USER101608,USER100891,134.45,Shopping,Android,Mumbai,9,0,
TXN107300,2026-09-11 09:13:04,USER102540,USER102353,1313.9,Mobile Recharge,Android,Hyderabad,9,0,
TXN107301,2026-09-11 09:13:38,USER101974,USER100721,58.77,Healthcare,iOS,Hyderabad,9,0,
TXN107302,2026-09-11 09:14:08,USER100199,MERCH201029,3176.18,Food & Dining,iOS,Chennai,9,0,
TXN107303,2026-09-11 09:14:49,USER101771,MERCH201200,1032.85,Food & Dining,Android,Mumbai,9,0,
TXN107304,2026-09-11 09:15:26,USER101616,USER101678,1532.63,Utility Bills,Android,Bengaluru,9,0,
TXN107305,2026-09-11 09:15:37,USER101937,MERCH200474,283.39,Fuel,Android,Jaipur,9,0,
TXN107306,2026-09-11 09:16:47,USER102645,MERCH200145,191.47,Utility Bills,Android,Delhi,9,0,
TXN107307,2026-09-11 09:18:27,USER101652,USER101899,1097.65,Grocery,iOS,Kolkata,9,0,
TXN107308,2026-09-11 09:20:14,USER100312,MERCH201073,974.62,Mobile Recharge,Android,Bengaluru,9,0,
TXN107309,2026-09-11 09:20:51,USER101085,USER102028,167.36,Fuel,Android,Mumbai,9,0,
TXN107310,2026-09-11 09:21:37,USER101654,USER102425,1354.23,P2P Transfer,Android,Kolkata,9,0,
TXN107311,2026-09-11 09:21:40,USER100081,USER101932,3413.07,P2P Transfer,Android,Pune,9,0,
TXN107312,2026-09-11 09:24:28,USER100711,USER101489,324.55,Utility Bills,Android,Mumbai,9,0,
TXN107313,2026-09-11 09:26:22,USER101881,USER102886,1058.7,Mobile Recharge,Android,Lucknow,9,0,
TXN107314,2026-09-11 09:27:07,USER102682,USER101780,25000.0,Grocery,Android,Mumbai,9,1,round_number
TXN107315,2026-09-11 09:31:28,USER101168,USER100503,343.2,Mobile Recharge,iOS,Mumbai,9,0,
TXN107316,2026-09-11 09:33:05,USER100020,USER102867,649.72,Fuel,Android,Delhi,9,0,
TXN107317,2026-09-11 09:33:33,USER101526,USER100885,131.69,Utility Bills,Android,Delhi,9,0,
TXN107318,2026-09-11 09:36:08,USER100965,MERCH200821,327.41,Mobile Recharge,iOS,Kolkata,9,0,
TXN107319,2026-09-11 09:36:40,USER102295,USER102239,47.9,Grocery,Android,Bengaluru,9,0,
TXN107320,2026-09-11 09:39:12,USER100321,USER102027,499.47,Food & Dining,Android,Delhi,9,0,
TXN107321,2026-09-11 09:40:06,USER100912,USER101093,279.25,Grocery,iOS,Chennai,9,0,
TXN107322,2026-09-11 09:44:07,USER102029,USER102510,172.99,P2P Transfer,Android,Ahmedabad,9,0,
TXN107323,2026-09-11 09:45:46,USER102488,USER102290,234.26,Utility Bills,Android,Hyderabad,9,0,
TXN107324,2026-09-11 09:45:51,USER101199,USER101540,48.83,Healthcare,Android,Mumbai,9,0,
TXN107325,2026-09-11 09:50:08,USER102428,USER101921,3041.68,Food & Dining,Android,Delhi,9,0,
TXN107326,2026-09-11 09:50:34,USER100940,USER102494,1374.41,Healthcare,Android,Delhi,9,0,
TXN107327,2026-09-11 09:50:40,USER102136,MERCH201019,118.98,Utility Bills,Android,Pune,9,0,
TXN107328,2026-09-11 09:51:06,USER102989,USER101862,173.12,Grocery,Android,Ahmedabad,9,0,
TXN107329,2026-09-11 09:53:58,USER102032,USER101177,250.01,Mobile Recharge,Android,Pune,9,0,
TXN107330,2026-09-11 09:54:20,USER102848,MERCH200157,348.26,Grocery,Android,Ahmedabad,9,0,
TXN107331,2026-09-11 09:54:23,USER102911,MERCH201230,1065.76,Travel,iOS,Pune,9,0,
TXN107332,2026-09-11 09:55:19,USER102331,MERCH201159,605.26,Travel,iOS,Bengaluru,9,0,
TXN107333,2026-09-11 09:57:15,USER101102,MERCH201179,240.82,Entertainment,Android,Kolkata,9,0,
TXN107334,2026-09-11 10:00:26,USER101579,USER101048,359.37,Utility Bills,Android,Ahmedabad,10,0,
TXN107335,2026-09-11 10:04:41,USER101235,USER100033,173.7,Travel,Android,Delhi,10,0,
TXN107336,2026-09-11 10:05:21,USER102611,USER100691,631.77,Mobile Recharge,Android,Pune,10,0,
TXN107337,2026-09-11 10:10:17,USER102719,MERCH200834,428.82,Fuel,Android,Kolkata,10,0,
TXN107338,2026-09-11 10:11:17,USER100887,MERCH200964,225.46,Utility Bills,Android,Chennai,10,0,
TXN107339,2026-09-11 10:11:40,USER101281,USER100327,1525.26,Utility Bills,Android,Delhi,10,0,
TXN107340,2026-09-11 10:13:11,USER101756,USER101945,138.28,Grocery,Android,Delhi,10,0,
TXN107341,2026-09-11 10:15:04,USER101633,USER100453,219.12,Travel,iOS,Pune,10,0,
TXN107342,2026-09-11 10:17:18,USER102501,USER101657,335.66,Food & Dining,Android,Mumbai,10,0,
TXN107343,2026-09-11 10:17:31,USER100686,USER101815,446.71,Mobile Recharge,iOS,Delhi,10,0,
TXN107344,2026-09-11 10:19:25,USER102647,MERCH200747,451.62,P2P Transfer,Android,Kolkata,10,0,
TXN107345,2026-09-11 10:20:50,USER100009,USER100021,237.8,Grocery,Android,Delhi,10,0,
TXN107346,2026-09-11 10:21:40,USER101785,USER102071,606.28,Utility Bills,iOS,Delhi,10,0,
TXN107347,2026-09-11 10:23:31,USER101994,USER101962,150.56,Healthcare,iOS,Bengaluru,10,0,
TXN107348,2026-09-11 10:23:50,USER100748,USER101239,97.23,Grocery,Android,Patna,10,0,
TXN107349,2026-09-11 10:24:07,USER100985,MERCH200480,72.67,Utility Bills,Android,Kolkata,10,0,
TXN107350,2026-09-11 10:24:55,USER102079,USER100925,107.35,Fuel,Android,Mumbai,10,0,
TXN107351,2026-09-11 10:26:08,USER100393,USER102324,905.61,Grocery,Android,Mumbai,10,0,
TXN107352,2026-09-11 10:27:26,USER101836,USER100110,302.03,Fuel,Android,Bengaluru,10,0,
TXN107353,2026-09-11 10:27:35,USER102152,MERCH200079,106.91,Grocery,Android,Bengaluru,10,0,
TXN107354,2026-09-11 10:27:46,USER101999,MERCH200801,612.85,Grocery,Android,Bengaluru,10,0,
TXN107355,2026-09-11 10:30:13,USER101961,USER101655,330.07,Utility Bills,Android,Ahmedabad,10,0,
TXN107356,2026-09-11 10:30:13,USER102721,USER101512,140.06,P2P Transfer,Android,Jaipur,10,0,
TXN107357,2026-09-11 10:32:59,USER102683,USER100676,590.79,Entertainment,Android,Hyderabad,10,0,
TXN107358,2026-09-11 10:33:09,USER101158,MERCH200808,238.29,Grocery,Android,Chennai,10,0,
TXN107359,2026-09-11 10:33:22,USER100325,USER102201,229.71,Utility Bills,Android,Kolkata,10,0,
TXN107360,2026-09-11 10:33:50,USER102436,MERCH200968,147.39,Grocery,iOS,Hyderabad,10,0,
TXN107361,2026-09-11 10:34:36,USER100471,USER101093,41.58,Grocery,Android,Ahmedabad,10,0,
TXN107362,2026-09-11 10:34:53,USER100270,MERCH201451,175.61,Entertainment,Android,Mumbai,10,0,
TXN107363,2026-09-11 10:37:46,USER102522,USER100968,82.33,P2P Transfer,Android,Lucknow,10,0,
TXN107364,2026-09-11 10:37:53,USER102962,MERCH200888,801.3,Food & Dining,Android,Pune,10,0,
TXN107365,2026-09-11 10:38:41,USER101150,USER102693,139.71,Grocery,Android,Mumbai,10,0,
TXN107366,2026-09-11 10:39:22,USER100243,MERCH201252,133.11,P2P Transfer,Android,Pune,10,0,
TXN107367,2026-09-11 10:41:08,USER101618,USER100026,256.64,Grocery,iOS,Chennai,10,0,
TXN107368,2026-09-11 10:41:37,USER100790,USER100100,115.59,Healthcare,Android,Mumbai,10,0,
TXN107369,2026-09-11 10:41:42,USER102309,USER102490,549.0,Shopping,Android,Bengaluru,10,0,
TXN107370,2026-09-11 10:43:22,USER102117,MERCH200094,502.4,Fuel,Android,Bengaluru,10,0,
TXN107371,2026-09-11 10:43:35,USER100528,MERCH201203,46.19,Shopping,Android,Bengaluru,10,0,
TXN107372,2026-09-11 10:45:18,USER100837,USER100205,286.61,Mobile Recharge,Android,Pune,10,0,
TXN107373,2026-09-11 10:46:04,USER101977,MERCH200200,362.82,Shopping,Android,Lucknow,10,0,
TXN107374,2026-09-11 10:48:21,USER101793,USER100986,64.72,Utility Bills,Android,Ahmedabad,10,0,
TXN107375,2026-09-11 10:48:27,USER101644,USER100283,667.37,Entertainment,Android,Mumbai,10,0,
TXN107376,2026-09-11 10:48:42,USER100503,USER100079,678.44,Healthcare,Android,Lucknow,10,0,
TXN107377,2026-09-11 10:50:26,USER101019,MERCH200734,136.49,Mobile Recharge,Android,Mumbai,10,0,
TXN107378,2026-09-11 10:51:14,USER101102,USER100815,1598.91,Travel,iOS,Bengaluru,10,0,
TXN107379,2026-09-11 10:54:09,USER102605,USER100094,374.91,Entertainment,Android,Hyderabad,10,0,
TXN107380,2026-09-11 10:55:14,USER100066,USER100143,97.23,Food & Dining,Android,Jaipur,10,0,
TXN107381,2026-09-11 10:55:34,USER102117,USER100076,107.1,Food & Dining,Android,Kolkata,10,0,
TXN107382,2026-09-11 10:57:40,USER102143,MERCH201292,305.69,Utility Bills,Android,Pune,10,0,
TXN107383,2026-09-11 10:57:40,USER101221,MERCH201329,546.45,P2P Transfer,Android,Delhi,10,0,
TXN107384,2026-09-11 10:59:40,USER102375,MERCH200291,654.8,Travel,Android,Pune,10,0,
TXN107385,2026-09-11 11:00:47,USER101210,USER102508,2153.16,P2P Transfer,Android,Bengaluru,11,0,
TXN107386,2026-09-11 11:01:12,USER101234,USER100718,446.78,Mobile Recharge,Android,Mumbai,11,0,
TXN107387,2026-09-11 11:01:36,USER100264,MERCH200895,77.92,Travel,iOS,Delhi,11,0,
TXN107388,2026-09-11 11:02:33,USER102770,MERCH201066,1859.85,Mobile Recharge,Android,Jaipur,11,0,
TXN107389,2026-09-11 11:03:49,USER100451,USER100436,360.72,Shopping,Android,Patna,11,0,
TXN107390,2026-09-11 11:04:28,USER102514,MERCH200302,780.86,Mobile Recharge,Android,Pune,11,0,
TXN107391,2026-09-11 11:04:34,USER100673,MERCH200117,116.86,Mobile Recharge,Android,Hyderabad,11,0,
TXN107392,2026-09-11 11:04:44,USER100592,USER101372,331.24,P2P Transfer,Android,Pune,11,0,
TXN107393,2026-09-11 11:05:33,USER100173,MERCH200839,113.25,Grocery,Android,Bengaluru,11,0,
TXN107394,2026-09-11 11:06:36,USER101257,MERCH200145,564.68,P2P Transfer,Android,Hyderabad,11,0,
TXN107395,2026-09-11 11:10:00,USER102217,MERCH201311,1500.29,P2P Transfer,Android,Hyderabad,11,1,velocity_burst
TXN107396,2026-09-11 11:10:54,USER101168,USER102837,231.13,P2P Transfer,Android,Jaipur,11,0,
TXN107397,2026-09-11 11:11:24,USER100747,MERCH200140,339.85,Travel,iOS,Delhi,11,0,
TXN107398,2026-09-11 11:11:41,USER101602,MERCH200785,62.94,Healthcare,Android,Indore,11,0,
TXN107399,2026-09-11 11:14:37,USER101434,USER101790,1288.69,Utility Bills,iOS,Kolkata,11,0,
TXN107400,2026-09-11 11:15:57,USER100048,MERCH200272,570.63,Utility Bills,Android,Jaipur,11,0,
TXN107401,2026-09-11 11:16:13,USER102856,USER100201,549.24,Food & Dining,Android,Bengaluru,11,0,
TXN107402,2026-09-11 11:16:23,USER101929,USER102210,350.91,Entertainment,Android,Indore,11,0,
TXN107403,2026-09-11 11:19:11,USER100359,MERCH201165,292.5,Food & Dining,Android,Kolkata,11,0,
TXN107404,2026-09-11 11:22:28,USER102068,USER102398,688.58,Travel,Android,Bengaluru,11,0,
TXN107405,2026-09-11 11:22:34,USER102593,USER102093,239.49,Healthcare,Android,Delhi,11,0,
TXN107406,2026-09-11 11:22:49,USER102055,USER100387,354.99,P2P Transfer,iOS,Hyderabad,11,0,
TXN107407,2026-09-11 11:24:38,USER100187,USER102768,2045.01,Shopping,Android,Bengaluru,11,0,
TXN107408,2026-09-11 11:28:41,USER102567,MERCH200283,719.45,Fuel,Android,Bengaluru,11,0,
TXN107409,2026-09-11 11:29:59,USER101937,USER102961,637.03,Food & Dining,Android,Ahmedabad,11,0,
TXN107410,2026-09-11 11:30:09,USER101300,USER100608,362.49,Fuel,iOS,Hyderabad,11,0,
TXN107411,2026-09-11 11:30:18,USER100209,MERCH200787,224.99,Food & Dining,Android,Delhi,11,0,
TXN107412,2026-09-11 11:34:13,USER100087,MERCH201428,212.84,Entertainment,Android,Ahmedabad,11,0,
TXN107413,2026-09-11 11:35:50,USER101159,USER100000,186.65,Food & Dining,Android,Mumbai,11,0,
TXN107414,2026-09-11 11:38:13,USER100526,USER102051,955.79,Mobile Recharge,Android,Kolkata,11,0,
TXN107415,2026-09-11 11:38:41,USER102467,USER100819,50000.0,Food & Dining,Android,Chennai,11,1,round_number
TXN107416,2026-09-11 11:38:50,USER101315,USER102295,266.06,Entertainment,Android,Pune,11,0,
TXN107417,2026-09-11 11:43:16,USER102659,MERCH200589,748.88,Entertainment,Android,Kolkata,11,0,
TXN107418,2026-09-11 11:45:28,USER102617,USER101057,618.06,P2P Transfer,Android,Hyderabad,11,0,
TXN107419,2026-09-11 11:47:38,USER102620,MERCH200243,268.06,Healthcare,Android,Bengaluru,11,0,
TXN107420,2026-09-11 11:49:02,USER100993,USER100331,214.32,Shopping,Android,Mumbai,11,0,
TXN107421,2026-09-11 11:49:47,USER102567,USER100459,368.49,Shopping,Android,Chennai,11,0,
TXN107422,2026-09-11 11:49:55,USER101552,MERCH200844,40.02,Healthcare,Android,Hyderabad,11,0,
TXN107423,2026-09-11 11:50:20,USER100542,USER102349,402.84,Healthcare,iOS,Chennai,11,0,
TXN107424,2026-09-11 11:52:19,USER101621,MERCH201211,16845.52,Fuel,Android,Bengaluru,11,0,
TXN107425,2026-09-11 11:52:54,USER101541,USER102758,215.9,Travel,iOS,Kolkata,11,0,
TXN107426,2026-09-11 11:53:21,USER101318,MERCH200295,517.94,Fuel,Android,Hyderabad,11,0,
TXN107427,2026-09-11 11:53:33,USER102921,USER101170,228.69,Fuel,Android,Delhi,11,0,
TXN107428,2026-09-11 11:54:45,USER100542,MERCH200592,655.24,Grocery,Android,Delhi,11,0,
TXN107429,2026-09-11 11:54:57,USER100771,USER102789,227.74,Entertainment,Android,Bengaluru,11,0,
TXN107430,2026-09-11 11:56:57,USER100853,USER100484,887.24,Grocery,Android,Indore,11,0,
TXN107431,2026-09-11 11:57:24,USER101266,USER101535,58.76,Travel,Android,Bengaluru,11,0,
TXN107432,2026-09-11 11:58:02,USER101971,MERCH201490,1705.25,Healthcare,Android,Hyderabad,11,0,
TXN107433,2026-09-11 11:58:13,USER100077,USER102266,744.25,Entertainment,Android,Mumbai,11,0,
TXN107434,2026-09-11 11:59:02,USER101187,USER100199,460.49,Healthcare,Android,Pune,11,0,
TXN107435,2026-09-11 11:59:23,USER101421,USER100547,147.14,P2P Transfer,Android,Mumbai,11,0,
TXN107436,2026-09-11 11:59:28,USER100103,USER100691,752.78,Utility Bills,iOS,Delhi,11,0,
TXN107437,2026-09-11 11:59:56,USER102320,USER102223,409.5,Utility Bills,Android,Delhi,11,0,
TXN107438,2026-09-11 12:00:54,USER102792,USER102968,439.54,Grocery,iOS,Mumbai,12,0,
TXN107439,2026-09-11 12:01:03,USER100990,MERCH200370,137.37,Shopping,Android,Chennai,12,0,
TXN107440,2026-09-11 12:01:54,USER101270,USER101103,390.84,Mobile Recharge,Android,Delhi,12,0,
TXN107441,2026-09-11 12:02:47,USER101605,MERCH201138,88.34,Entertainment,Android,Delhi,12,0,
TXN107442,2026-09-11 12:02:54,USER101817,USER100278,24.25,Shopping,iOS,Chennai,12,0,
TXN107443,2026-09-11 12:05:17,USER102288,USER100649,292.78,Fuel,Android,Pune,12,0,
TXN107444,2026-09-11 12:07:47,USER101969,MERCH201350,251.71,Travel,Android,Bengaluru,12,0,
TXN107445,2026-09-11 12:08:22,USER102448,USER101918,259.46,Food & Dining,Android,Kolkata,12,0,
TXN107446,2026-09-11 12:08:25,USER100948,USER101350,301.37,Healthcare,Android,Hyderabad,12,0,
TXN107447,2026-09-11 12:09:13,USER100084,USER100901,1177.08,Grocery,Android,Delhi,12,0,
TXN107448,2026-09-11 12:09:13,USER100410,MERCH200305,220.2,Travel,Android,Bengaluru,12,0,
TXN107449,2026-09-11 12:10:02,USER100405,USER100939,5867.11,Travel,Android,Ahmedabad,12,0,
TXN107450,2026-09-11 12:13:59,USER102988,MERCH200664,220.43,Mobile Recharge,Android,Bengaluru,12,0,
TXN107451,2026-09-11 12:16:40,USER100721,MERCH201067,302.45,Fuel,Android,Hyderabad,12,0,
TXN107452,2026-09-11 12:18:47,USER102214,USER100038,296.67,Food & Dining,Android,Ahmedabad,12,0,
TXN107453,2026-09-11 12:20:00,USER100936,USER101863,3137.58,P2P Transfer,Android,Lucknow,12,1,velocity_burst
TXN107454,2026-09-11 12:20:01,USER101371,MERCH201020,256.82,Fuel,Android,Pune,12,0,
TXN107455,2026-09-11 12:22:01,USER102060,USER101145,552.07,Fuel,iOS,Ahmedabad,12,0,
TXN107456,2026-09-11 12:23:36,USER100487,MERCH200432,92.75,Travel,Android,Delhi,12,0,
TXN107457,2026-09-11 12:23:46,USER100771,USER100722,532.98,Fuel,Android,Pune,12,0,
TXN107458,2026-09-11 12:24:05,USER101330,USER102191,985.84,Entertainment,Android,Jaipur,12,0,
TXN107459,2026-09-11 12:25:02,USER101385,USER102061,100000.0,Food & Dining,Android,Ahmedabad,12,1,round_number
TXN107460,2026-09-11 12:25:16,USER102737,USER102475,93.07,Utility Bills,Android,Chennai,12,0,
TXN107461,2026-09-11 12:27:10,USER102396,USER102287,132.57,Utility Bills,Android,Mumbai,12,0,
TXN107462,2026-09-11 12:27:12,USER101687,USER100259,74.71,Entertainment,Android,Delhi,12,0,
TXN107463,2026-09-11 12:27:22,USER101525,MERCH200707,211.43,Travel,Android,Pune,12,0,
TXN107464,2026-09-11 12:28:21,USER100404,MERCH200800,244.21,Mobile Recharge,Android,Delhi,12,0,
TXN107465,2026-09-11 12:28:27,USER101947,MERCH200029,2943.23,Fuel,Android,Hyderabad,12,0,
TXN107466,2026-09-11 12:28:59,USER101724,USER102246,44.79,Food & Dining,Android,Hyderabad,12,0,
TXN107467,2026-09-11 12:29:24,USER102978,USER102730,163.13,P2P Transfer,Android,Bengaluru,12,0,
TXN107468,2026-09-11 12:32:19,USER100226,USER100756,87.64,Travel,Android,Hyderabad,12,0,
TXN107469,2026-09-11 12:33:16,USER101177,USER100967,100.95,Fuel,Android,Bengaluru,12,0,
TXN107470,2026-09-11 12:33:41,USER101775,MERCH200108,976.92,Fuel,Android,Lucknow,12,0,
TXN107471,2026-09-11 12:33:51,USER100052,USER102657,1001.27,Healthcare,Android,Bengaluru,12,0,
TXN107472,2026-09-11 12:35:02,USER101036,USER102363,84.54,P2P Transfer,Android,Delhi,12,0,
TXN107473,2026-09-11 12:35:07,USER101793,USER100004,204.0,Food & Dining,Android,Mumbai,12,0,
TXN107474,2026-09-11 12:35:24,USER101238,USER102615,632.17,Food & Dining,Android,Jaipur,12,0,
TXN107475,2026-09-11 12:35:38,USER100476,USER101637,45.93,P2P Transfer,Android,Hyderabad,12,0,
TXN107476,2026-09-11 12:39:19,USER102122,MERCH201075,76.92,Travel,Android,Chennai,12,0,
TXN107477,2026-09-11 12:39:58,USER101381,USER101202,58.73,P2P Transfer,Android,Delhi,12,0,
TXN107478,2026-09-11 12:40:51,USER102634,MERCH200622,225.51,Healthcare,Android,Indore,12,0,
TXN107479,2026-09-11 12:41:10,USER100795,USER101696,309.26,P2P Transfer,Android,Delhi,12,0,
TXN107480,2026-09-11 12:44:07,USER102877,USER100358,67.09,Shopping,Android,Mumbai,12,0,
TXN107481,2026-09-11 12:44:11,USER100818,USER101103,295.43,Fuel,iOS,Indore,12,0,
TXN107482,2026-09-11 12:44:21,USER102373,USER100477,61.0,Mobile Recharge,Android,Hyderabad,12,0,
TXN107483,2026-09-11 12:45:57,USER101469,USER100107,496.55,Shopping,Android,Hyderabad,12,0,
TXN107484,2026-09-11 12:49:47,USER102631,USER102885,192.7,Travel,Android,Bengaluru,12,0,
TXN107485,2026-09-11 12:50:04,USER102663,USER102443,871.23,Grocery,iOS,Delhi,12,0,
TXN107486,2026-09-11 12:50:13,USER101695,USER102520,166.19,Grocery,Android,Delhi,12,0,
TXN107487,2026-09-11 12:52:09,USER100064,USER100103,145.1,Shopping,Android,Delhi,12,0,
TXN107488,2026-09-11 12:52:34,USER102226,USER102130,1612.06,Mobile Recharge,iOS,Kolkata,12,0,
TXN107489,2026-09-11 12:54:12,USER100775,USER101342,311.51,Healthcare,Android,Hyderabad,12,0,
TXN107490,2026-09-11 12:55:18,USER101557,USER101496,354.36,Utility Bills,Android,Bengaluru,12,0,
TXN107491,2026-09-11 12:56:30,USER100942,MERCH201101,62.91,Mobile Recharge,Android,Jaipur,12,0,
TXN107492,2026-09-11 12:56:55,USER100102,MERCH200475,560.51,Mobile Recharge,Android,Chennai,12,0,
TXN107493,2026-09-11 12:58:29,USER102740,MERCH200352,1071.8,Utility Bills,Android,Mumbai,12,0,
TXN107494,2026-09-11 13:00:36,USER100565,MERCH200783,723.03,Healthcare,Android,Ahmedabad,13,0,
TXN107495,2026-09-11 13:02:38,USER102711,USER101441,1445.42,Travel,Android,Chennai,13,0,
TXN107496,2026-09-11 13:06:08,USER102233,MERCH200655,7861.58,Healthcare,Android,Delhi,13,0,
TXN107497,2026-09-11 13:06:52,USER101516,MERCH201444,279.52,Food & Dining,Android,Indore,13,0,
TXN107498,2026-09-11 13:08:20,USER100396,USER101026,233.01,Entertainment,Android,Mumbai,13,0,
TXN107499,2026-09-11 13:08:33,USER101659,USER100465,150.59,Mobile Recharge,Android,Delhi,13,0,
TXN107500,2026-09-11 13:09:04,USER101218,USER102983,347.1,Entertainment,Android,Mumbai,13,0,
TXN107501,2026-09-11 13:10:02,USER100399,USER101966,192.96,Food & Dining,Android,Indore,13,0,
TXN107502,2026-09-11 13:10:59,USER101040,MERCH200401,57.12,Grocery,Android,Mumbai,13,0,
TXN107503,2026-09-11 13:11:02,USER101165,USER101518,154.04,Shopping,Android,Jaipur,13,0,
TXN107504,2026-09-11 13:11:03,USER101455,USER102004,478.78,Entertainment,Android,Pune,13,0,
TXN107505,2026-09-11 13:15:41,USER100726,USER100444,93.58,Grocery,Android,Hyderabad,13,0,
TXN107506,2026-09-11 13:18:39,USER102211,USER101235,158.03,Entertainment,Android,Bengaluru,13,0,
TXN107507,2026-09-11 13:18:59,USER100191,USER102938,625.88,P2P Transfer,Android,Hyderabad,13,0,
TXN107508,2026-09-11 13:19:17,USER101790,USER102949,833.16,Utility Bills,Android,Bengaluru,13,0,
TXN107509,2026-09-11 13:19:57,USER100773,USER102193,493.75,Grocery,iOS,Chennai,13,0,
TXN107510,2026-09-11 13:20:42,USER102257,USER102807,318.42,Fuel,iOS,Ahmedabad,13,0,
TXN107511,2026-09-11 13:24:31,USER100339,USER101359,205.24,Shopping,Android,Mumbai,13,0,
TXN107512,2026-09-11 13:26:11,USER100549,MERCH201255,122.2,Fuel,Android,Delhi,13,0,
TXN107513,2026-09-11 13:27:23,USER102660,USER100440,10000.0,Shopping,iOS,Chennai,13,1,round_number
TXN107514,2026-09-11 13:28:33,USER100798,USER102105,126.82,Healthcare,iOS,Hyderabad,13,0,
TXN107515,2026-09-11 13:29:55,USER102902,USER101961,618.71,P2P Transfer,Android,Chennai,13,0,
TXN107516,2026-09-11 13:29:59,USER101943,MERCH201077,756.7,Food & Dining,Android,Delhi,13,0,
TXN107517,2026-09-11 13:32:39,USER101544,USER101253,11.38,Utility Bills,iOS,Bengaluru,13,0,
TXN107518,2026-09-11 13:36:00,USER101143,USER101967,621.11,Food & Dining,Android,Mumbai,13,0,
TXN107519,2026-09-11 13:36:23,USER100811,USER100513,705.33,Grocery,Android,Indore,13,0,
TXN107520,2026-09-11 13:36:48,USER102020,MERCH200150,460.94,Shopping,Android,Lucknow,13,0,
TXN107521,2026-09-11 13:38:30,USER101394,USER101302,149.74,Travel,Android,Delhi,13,0,
TXN107522,2026-09-11 13:38:48,USER100386,MERCH200285,222.21,Food & Dining,Android,Delhi,13,0,
TXN107523,2026-09-11 13:38:50,USER102220,MERCH201239,682.19,Fuel,iOS,Mumbai,13,0,
TXN107524,2026-09-11 13:40:43,USER101194,MERCH201021,418.07,Mobile Recharge,Android,Patna,13,0,
TXN107525,2026-09-11 13:41:38,USER102721,USER102956,206.93,Shopping,Android,Lucknow,13,0,
TXN107526,2026-09-11 13:45:43,USER101855,MERCH201261,107.13,Shopping,Android,Ahmedabad,13,0,
TXN107527,2026-09-11 13:45:56,USER100300,USER102249,987.89,Healthcare,Android,Ahmedabad,13,0,
TXN107528,2026-09-11 13:45:57,USER100413,USER100756,106.9,Entertainment,Android,Hyderabad,13,0,
TXN107529,2026-09-11 13:46:14,USER100118,MERCH201223,1308.94,Utility Bills,iOS,Pune,13,0,
TXN107530,2026-09-11 13:48:45,USER101577,USER100831,162.07,Fuel,Android,Mumbai,13,0,
TXN107531,2026-09-11 13:48:47,USER100948,MERCH200589,3859.9,Mobile Recharge,Android,Pune,13,0,
TXN107532,2026-09-11 13:49:23,USER100593,USER102955,94.26,Entertainment,Android,Ahmedabad,13,0,
TXN107533,2026-09-11 13:56:08,USER102156,MERCH200871,235.71,Food & Dining,Android,Pune,13,0,
TXN107534,2026-09-11 13:56:25,USER102198,MERCH201163,192.52,Utility Bills,Android,Delhi,13,0,
TXN107535,2026-09-11 13:56:37,USER102370,USER101203,77.15,Fuel,Android,Chennai,13,0,
TXN107536,2026-09-11 13:57:14,USER100985,USER102647,1813.85,Travel,Android,Hyderabad,13,0,
TXN107537,2026-09-11 13:59:51,USER101040,USER102960,1192.43,Mobile Recharge,Android,Patna,13,0,
TXN107538,2026-09-11 14:00:43,USER100475,USER101308,383.67,Utility Bills,Android,Jaipur,14,0,
TXN107539,2026-09-11 14:03:35,USER101179,USER102978,799.84,Utility Bills,Android,Pune,14,0,
TXN107540,2026-09-11 14:05:30,USER102834,USER100898,186.94,Fuel,Android,Delhi,14,0,
TXN107541,2026-09-11 14:05:39,USER100785,MERCH200239,969.76,Utility Bills,Android,Delhi,14,0,
TXN107542,2026-09-11 14:05:47,USER100080,MERCH200753,1046.22,Entertainment,iOS,Jaipur,14,0,
TXN107543,2026-09-11 14:06:22,USER101400,MERCH201475,1265.95,Travel,Android,Kolkata,14,0,
TXN107544,2026-09-11 14:08:50,USER102118,MERCH200957,103.66,Food & Dining,iOS,Lucknow,14,0,
TXN107545,2026-09-11 14:10:20,USER101903,MERCH201266,565.17,Travel,Android,Bengaluru,14,0,
TXN107546,2026-09-11 14:11:23,USER100087,USER102083,875.31,Mobile Recharge,Android,Ahmedabad,14,0,
TXN107547,2026-09-11 14:11:24,USER100909,MERCH200268,640.06,Entertainment,Android,Delhi,14,0,
TXN107548,2026-09-11 14:12:38,USER102742,MERCH200353,1042.51,Mobile Recharge,Android,Pune,14,0,
TXN107549,2026-09-11 14:12:54,USER101062,USER100006,557.45,P2P Transfer,Android,Delhi,14,0,
TXN107550,2026-09-11 14:13:53,USER102669,USER102950,1075.15,Entertainment,Android,Mumbai,14,0,
TXN107551,2026-09-11 14:15:21,USER102791,USER101324,338.88,Food & Dining,Android,Delhi,14,0,
TXN107552,2026-09-11 14:15:59,USER101218,MERCH200150,458.46,Grocery,Android,Kolkata,14,0,
TXN107553,2026-09-11 14:18:23,USER100766,MERCH200264,68.42,Grocery,Android,Bengaluru,14,0,
TXN107554,2026-09-11 14:19:14,USER101360,USER100807,108.26,Food & Dining,Android,Delhi,14,0,
TXN107555,2026-09-11 14:22:23,USER100595,USER100304,57.88,Entertainment,Android,Mumbai,14,0,
TXN107556,2026-09-11 14:26:02,USER100707,USER102429,178.33,Mobile Recharge,Android,Kolkata,14,0,
TXN107557,2026-09-11 14:33:09,USER101257,USER102140,986.68,Shopping,iOS,Mumbai,14,0,
TXN107558,2026-09-11 14:33:18,USER100262,USER101087,249.72,Healthcare,iOS,Pune,14,0,
TXN107559,2026-09-11 14:38:01,USER100713,MERCH200289,86.02,Mobile Recharge,Android,Hyderabad,14,0,
TXN107560,2026-09-11 14:38:10,USER102912,USER100425,288.86,Healthcare,Android,Delhi,14,0,
TXN107561,2026-09-11 14:40:22,USER100773,USER100211,253.63,Utility Bills,Android,Ahmedabad,14,0,
TXN107562,2026-09-11 14:44:11,USER101888,USER102485,261.82,Grocery,Android,Ahmedabad,14,0,
TXN107563,2026-09-11 14:45:38,USER100879,USER100941,318.13,P2P Transfer,iOS,Chennai,14,0,
TXN107564,2026-09-11 14:45:44,USER102361,MERCH201187,142.35,Shopping,iOS,Delhi,14,0,
TXN107565,2026-09-11 14:46:04,USER101836,USER102195,371.91,Shopping,Android,Delhi,14,0,
TXN107566,2026-09-11 14:47:01,USER101247,USER100110,138.4,Mobile Recharge,Android,Hyderabad,14,0,
TXN107567,2026-09-11 14:55:12,USER100235,USER101900,520.97,Food & Dining,Android,Ahmedabad,14,0,
TXN107568,2026-09-11 14:55:14,USER101058,USER101869,590.53,Shopping,Android,Kolkata,14,0,
TXN107569,2026-09-11 14:56:27,USER101203,USER102495,396.69,Entertainment,Android,Hyderabad,14,0,
TXN107570,2026-09-11 14:57:38,USER102145,USER100089,96.6,Travel,Android,Mumbai,14,0,
TXN107571,2026-09-11 14:58:33,USER101841,USER101604,210.5,Travel,Android,Mumbai,14,0,
TXN107572,2026-09-11 15:00:14,USER102631,MERCH201206,550.51,Fuel,Android,Kolkata,15,0,
TXN107573,2026-09-11 15:02:56,USER101573,MERCH200685,379.37,Grocery,Android,Patna,15,0,
TXN107574,2026-09-11 15:03:17,USER101510,MERCH200933,330.63,Healthcare,Android,Delhi,15,0,
TXN107575,2026-09-11 15:06:16,USER100638,USER101827,773.74,Entertainment,Android,Kolkata,15,0,
TXN107576,2026-09-11 15:07:10,USER101632,MERCH200133,45.27,P2P Transfer,iOS,Kolkata,15,0,
TXN107577,2026-09-11 15:07:20,USER102853,USER100760,524.19,Shopping,Android,Delhi,15,0,
TXN107578,2026-09-11 15:07:57,USER102649,USER101498,655.65,Shopping,Android,Delhi,15,0,
TXN107579,2026-09-11 15:10:26,USER101265,MERCH201321,290.2,Entertainment,Android,Kolkata,15,0,
TXN107580,2026-09-11 15:12:37,USER101777,USER101169,512.78,Travel,Android,Bengaluru,15,0,
TXN107581,2026-09-11 15:13:52,USER100014,USER102732,341.24,P2P Transfer,iOS,Mumbai,15,0,
TXN107582,2026-09-11 15:15:29,USER100824,USER102590,175.49,Travel,Android,Chennai,15,0,
TXN107583,2026-09-11 15:15:57,USER102325,USER101619,88.31,Utility Bills,Android,Bengaluru,15,0,
TXN107584,2026-09-11 15:16:02,USER102183,USER101171,467.67,Travel,Android,Bengaluru,15,0,
TXN107585,2026-09-11 15:16:05,USER100105,USER102743,1691.54,Utility Bills,Android,Kolkata,15,0,
TXN107586,2026-09-11 15:16:32,USER100609,USER100082,104.97,Travel,Android,Mumbai,15,0,
TXN107587,2026-09-11 15:17:04,USER100454,USER102560,153.99,Mobile Recharge,Android,Kolkata,15,0,
TXN107588,2026-09-11 15:17:09,USER102911,USER102681,362.32,Utility Bills,Android,Jaipur,15,0,
TXN107589,2026-09-11 15:17:12,USER100598,USER100695,701.07,Entertainment,Android,Kolkata,15,0,
TXN107590,2026-09-11 15:20:32,USER101669,USER102279,371.2,Healthcare,iOS,Pune,15,0,
TXN107591,2026-09-11 15:20:42,USER100496,MERCH200017,280.89,Healthcare,Android,Bengaluru,15,0,
TXN107592,2026-09-11 15:22:02,USER101640,USER100577,66.82,Food & Dining,Android,Chennai,15,0,
TXN107593,2026-09-11 15:24:45,USER101288,MERCH200386,176.54,P2P Transfer,Android,Delhi,15,0,
TXN107594,2026-09-11 15:26:31,USER102555,USER100864,13.88,Grocery,Android,Bengaluru,15,0,
TXN107595,2026-09-11 15:28:12,USER101886,USER102466,196.02,Mobile Recharge,Android,Kolkata,15,0,
TXN107596,2026-09-11 15:28:32,USER101692,USER102048,274.97,Travel,iOS,Delhi,15,0,
TXN107597,2026-09-11 15:30:51,USER100679,MERCH201083,259.05,Healthcare,Android,Ahmedabad,15,0,
TXN107598,2026-09-11 15:34:46,USER101190,USER101082,804.44,Food & Dining,Android,Delhi,15,0,
TXN107599,2026-09-11 15:35:29,USER100783,MERCH201282,327.62,P2P Transfer,Android,Chennai,15,0,
TXN107600,2026-09-11 15:35:37,USER101490,USER100675,145.5,Mobile Recharge,Android,Pune,15,0,
TXN107601,2026-09-11 15:36:47,USER100563,MERCH200996,103.61,P2P Transfer,Android,Bengaluru,15,0,
TXN107602,2026-09-11 15:40:18,USER101404,USER101959,348.46,Fuel,Android,Jaipur,15,0,
TXN107603,2026-09-11 15:40:18,USER101675,USER101653,631.45,Entertainment,Android,Jaipur,15,0,
TXN107604,2026-09-11 15:50:52,USER100022,USER101653,1144.8,Mobile Recharge,Android,Indore,15,0,
TXN107605,2026-09-11 15:52:04,USER101665,USER100303,2520.85,Mobile Recharge,iOS,Mumbai,15,0,
TXN107606,2026-09-11 15:53:23,USER101652,USER101302,433.22,Grocery,Android,Patna,15,0,
TXN107607,2026-09-11 15:54:10,USER100082,MERCH201461,359.06,Travel,Android,Hyderabad,15,0,
TXN107608,2026-09-11 15:55:55,USER100666,USER100562,158.52,Food & Dining,Android,Pune,15,0,
TXN107609,2026-09-11 15:56:29,USER102040,USER102997,126.42,P2P Transfer,Android,Mumbai,15,0,
TXN107610,2026-09-11 15:57:42,USER101422,MERCH201336,269.52,Healthcare,Android,Mumbai,15,0,
TXN107611,2026-09-11 15:57:53,USER100719,USER100389,41.59,Grocery,Android,Ahmedabad,15,0,
TXN107612,2026-09-11 15:58:09,USER101517,USER100280,404.7,Grocery,Android,Mumbai,15,0,
TXN107613,2026-09-11 15:58:14,USER101131,MERCH201113,118.68,Grocery,Android,Jaipur,15,0,
TXN107614,2026-09-11 15:58:29,USER101538,USER100802,155.18,Shopping,Android,Delhi,15,0,
TXN107615,2026-09-11 16:02:40,USER102468,MERCH201002,109.38,Utility Bills,Android,Delhi,16,0,
TXN107616,2026-09-11 16:04:19,USER102013,USER100835,873.38,P2P Transfer,Android,Chennai,16,0,
TXN107617,2026-09-11 16:04:33,USER102827,MERCH200215,264.42,Grocery,Android,Bengaluru,16,0,
TXN107618,2026-09-11 16:05:14,USER101425,USER101842,382.79,Mobile Recharge,Android,Hyderabad,16,0,
TXN107619,2026-09-11 16:06:00,USER100209,MERCH201155,151.42,Mobile Recharge,Android,Pune,16,0,
TXN107620,2026-09-11 16:07:01,USER102316,USER100673,1544.66,Shopping,iOS,Indore,16,0,
TXN107621,2026-09-11 16:09:02,USER100347,USER101580,430.69,Utility Bills,iOS,Kolkata,16,0,
TXN107622,2026-09-11 16:09:06,USER100474,USER102343,344.11,Food & Dining,Android,Hyderabad,16,0,
TXN107623,2026-09-11 16:10:00,USER102959,USER101395,436.54,P2P Transfer,iOS,Bengaluru,16,0,
TXN107624,2026-09-11 16:11:56,USER102671,USER102717,333.67,Shopping,Android,Ahmedabad,16,0,
TXN107625,2026-09-11 16:12:12,USER102049,MERCH200493,818.55,P2P Transfer,Android,Bengaluru,16,0,
TXN107626,2026-09-11 16:16:12,USER101922,USER102953,1411.42,Utility Bills,Android,Bengaluru,16,0,
TXN107627,2026-09-11 16:17:23,USER100337,USER100284,631.96,Healthcare,iOS,Pune,16,0,
TXN107628,2026-09-11 16:18:30,USER102991,USER102420,1342.55,Entertainment,Android,Bengaluru,16,0,
TXN107629,2026-09-11 16:19:13,USER100559,USER101290,183.56,Grocery,Android,Ahmedabad,16,0,
TXN107630,2026-09-11 16:19:30,USER102369,MERCH200358,356.52,Entertainment,iOS,Chennai,16,0,
TXN107631,2026-09-11 16:20:00,USER102682,MERCH200754,1599.56,P2P Transfer,Android,Ahmedabad,16,1,velocity_burst
TXN107632,2026-09-11 16:21:38,USER100826,USER100214,279.13,Utility Bills,Android,Ahmedabad,16,0,
TXN107633,2026-09-11 16:22:16,USER102175,MERCH200324,994.75,Travel,iOS,Ahmedabad,16,0,
TXN107634,2026-09-11 16:25:27,USER100752,MERCH200696,151.18,Utility Bills,Android,Bengaluru,16,0,
TXN107635,2026-09-11 16:26:28,USER102210,MERCH200412,419.17,Travel,Android,Chennai,16,0,
TXN107636,2026-09-11 16:27:52,USER100586,MERCH200757,681.13,Travel,iOS,Bengaluru,16,0,
TXN107637,2026-09-11 16:29:18,USER101282,USER100241,83.06,Fuel,Android,Chennai,16,0,
TXN107638,2026-09-11 16:29:21,USER100261,USER100210,433.36,Healthcare,Android,Hyderabad,16,0,
TXN107639,2026-09-11 16:31:02,USER101361,MERCH200459,491.61,Food & Dining,Android,Kolkata,16,0,
TXN107640,2026-09-11 16:31:54,USER102386,MERCH200289,211.63,Fuel,iOS,Kolkata,16,0,
TXN107641,2026-09-11 16:32:21,USER100957,MERCH200823,233.11,Shopping,Android,Patna,16,0,
TXN107642,2026-09-11 16:32:58,USER102411,USER101605,386.04,Food & Dining,Android,Hyderabad,16,0,
TXN107643,2026-09-11 16:34:34,USER100200,USER100462,500.94,Travel,Android,Jaipur,16,0,
TXN107644,2026-09-11 16:35:53,USER102772,USER102898,156.6,Mobile Recharge,Android,Mumbai,16,0,
TXN107645,2026-09-11 16:36:36,USER101885,USER101083,526.46,Utility Bills,Android,Mumbai,16,0,
TXN107646,2026-09-11 16:42:09,USER100323,USER100623,209.23,Mobile Recharge,Android,Delhi,16,0,
TXN107647,2026-09-11 16:43:55,USER100964,USER102466,190.0,Grocery,iOS,Chennai,16,0,
TXN107648,2026-09-11 16:44:23,USER102069,MERCH201094,73.02,Healthcare,Android,Delhi,16,0,
TXN107649,2026-09-11 16:48:40,USER100573,USER100722,1359.09,Utility Bills,iOS,Mumbai,16,0,
TXN107650,2026-09-11 16:51:13,USER101088,USER100753,255.99,Utility Bills,Android,Delhi,16,0,
TXN107651,2026-09-11 16:51:49,USER102515,USER101682,657.29,Travel,Android,Mumbai,16,0,
TXN107652,2026-09-11 16:53:58,USER101360,USER100554,482.02,Grocery,Android,Pune,16,0,
TXN107653,2026-09-11 16:54:14,USER101681,USER101600,449.54,Fuel,Android,Patna,16,0,
TXN107654,2026-09-11 16:55:18,USER100159,USER101446,125.38,Shopping,Android,Mumbai,16,0,
TXN107655,2026-09-11 16:58:16,USER100287,USER102047,334.36,Grocery,Android,Lucknow,16,0,
TXN107656,2026-09-11 17:00:17,USER101748,USER100431,830.3,Utility Bills,Android,Chennai,17,0,
TXN107657,2026-09-11 17:01:03,USER100745,USER102234,4073.66,Grocery,Android,Hyderabad,17,0,
TXN107658,2026-09-11 17:01:11,USER101235,MERCH200313,233.84,Fuel,Android,Pune,17,0,
TXN107659,2026-09-11 17:02:10,USER101355,USER102369,632.81,Grocery,Android,Delhi,17,0,
TXN107660,2026-09-11 17:02:50,USER101856,MERCH201340,710.81,Healthcare,Android,Delhi,17,0,
TXN107661,2026-09-11 17:06:19,USER100585,USER102314,1384.65,Utility Bills,Android,Delhi,17,0,
TXN107662,2026-09-11 17:10:25,USER101397,MERCH200780,192.1,Entertainment,Android,Mumbai,17,0,
TXN107663,2026-09-11 17:11:10,USER100292,USER100663,207.73,Fuel,Android,Mumbai,17,0,
TXN107664,2026-09-11 17:14:15,USER101551,MERCH200084,1994.79,Mobile Recharge,Android,Patna,17,0,
TXN107665,2026-09-11 17:14:49,USER100691,USER100019,502.3,Grocery,Android,Patna,17,0,
TXN107666,2026-09-11 17:14:52,USER100301,MERCH200177,262.01,Shopping,Android,Hyderabad,17,0,
TXN107667,2026-09-11 17:16:12,USER100721,MERCH200745,176.92,Healthcare,Android,Kolkata,17,0,
TXN107668,2026-09-11 17:16:56,USER102884,USER101444,269.98,P2P Transfer,iOS,Kolkata,17,0,
TXN107669,2026-09-11 17:17:35,USER101881,MERCH200697,108.31,Shopping,Android,Delhi,17,0,
TXN107670,2026-09-11 17:24:36,USER102215,USER102934,1445.33,Food & Dining,Android,Pune,17,0,
TXN107671,2026-09-11 17:28:29,USER102032,MERCH200480,903.47,Fuel,Android,Indore,17,0,
TXN107672,2026-09-11 17:29:32,USER102087,USER102114,990.89,P2P Transfer,Android,Delhi,17,0,
TXN107673,2026-09-11 17:31:26,USER102838,MERCH201041,254.5,Entertainment,Android,Pune,17,0,
TXN107674,2026-09-11 17:32:56,USER101495,USER102906,253.95,Food & Dining,Android,Mumbai,17,0,
TXN107675,2026-09-11 17:33:04,USER100067,MERCH200496,118.96,P2P Transfer,Android,Pune,17,0,
TXN107676,2026-09-11 17:33:15,USER100114,MERCH201349,2296.43,Entertainment,Android,Mumbai,17,0,
TXN107677,2026-09-11 17:33:39,USER100260,MERCH201107,879.08,Food & Dining,Android,Ahmedabad,17,0,
TXN107678,2026-09-11 17:35:06,USER102044,USER102433,700.49,Mobile Recharge,Android,Mumbai,17,0,
TXN107679,2026-09-11 17:36:05,USER101802,MERCH200801,202.75,Mobile Recharge,iOS,Hyderabad,17,0,
TXN107680,2026-09-11 17:36:21,USER100601,MERCH200297,158.8,Healthcare,iOS,Mumbai,17,0,
TXN107681,2026-09-11 17:36:59,USER100881,USER101209,132.88,Entertainment,Android,Ahmedabad,17,0,
TXN107682,2026-09-11 17:39:26,USER100194,MERCH200062,135.35,P2P Transfer,iOS,Bengaluru,17,0,
TXN107683,2026-09-11 17:41:41,USER102270,USER101266,80.43,Fuel,iOS,Delhi,17,0,
TXN107684,2026-09-11 17:43:55,USER102701,USER102351,474.96,Mobile Recharge,iOS,Jaipur,17,0,
TXN107685,2026-09-11 17:44:11,USER102793,MERCH201273,1787.35,Food & Dining,Android,Delhi,17,0,
TXN107686,2026-09-11 17:44:24,USER100070,MERCH200132,2639.81,Food & Dining,Android,Mumbai,17,0,
TXN107687,2026-09-11 17:44:48,USER101627,USER100397,299.26,Utility Bills,Android,Delhi,17,0,
TXN107688,2026-09-11 17:45:30,USER101834,USER101203,102.41,Shopping,Android,Chennai,17,0,
TXN107689,2026-09-11 17:45:36,USER102552,MERCH200182,77.11,Food & Dining,Android,Hyderabad,17,0,
TXN107690,2026-09-11 17:47:00,USER101377,USER100935,519.13,Travel,Android,Mumbai,17,0,
TXN107691,2026-09-11 17:48:34,USER102860,MERCH201233,792.73,Travel,Android,Bengaluru,17,0,
TXN107692,2026-09-11 17:50:27,USER102300,USER102620,50.01,P2P Transfer,Android,Delhi,17,0,
TXN107693,2026-09-11 17:50:37,USER100277,MERCH201436,88.65,Food & Dining,Android,Pune,17,0,
TXN107694,2026-09-11 17:50:59,USER101523,USER100654,351.95,Travel,Android,Pune,17,0,
TXN107695,2026-09-11 17:51:01,USER101629,USER102669,2548.39,Grocery,Android,Bengaluru,17,0,
TXN107696,2026-09-11 17:51:31,USER102079,USER102301,231.8,Healthcare,Android,Lucknow,17,0,
TXN107697,2026-09-11 17:52:00,USER102737,USER102454,197.37,Food & Dining,Android,Indore,17,0,
TXN107698,2026-09-11 17:53:53,USER101872,USER102798,739.37,Fuel,Android,Chennai,17,0,
TXN107699,2026-09-11 17:55:20,USER100255,USER102738,460.92,Shopping,iOS,Hyderabad,17,0,
TXN107700,2026-09-11 17:58:57,USER101577,MERCH201067,274.6,Utility Bills,Android,Chennai,17,0,
TXN107701,2026-09-11 17:59:50,USER100282,MERCH201224,392.12,Grocery,iOS,Hyderabad,17,0,
TXN107702,2026-09-11 18:04:21,USER101347,USER102527,220.81,Food & Dining,Android,Mumbai,18,0,
TXN107703,2026-09-11 18:05:10,USER100188,USER100383,611.09,Entertainment,Android,Hyderabad,18,0,
TXN107704,2026-09-11 18:06:09,USER102705,USER100095,154.23,Mobile Recharge,Android,Hyderabad,18,0,
TXN107705,2026-09-11 18:06:53,USER102220,USER100804,50000.0,Fuel,Android,Mumbai,18,1,round_number
TXN107706,2026-09-11 18:08:12,USER102081,USER101507,3014.16,Utility Bills,Android,Delhi,18,0,
TXN107707,2026-09-11 18:09:03,USER100713,MERCH201326,286.2,Travel,iOS,Kolkata,18,0,
TXN107708,2026-09-11 18:10:48,USER100035,MERCH201256,562.25,Travel,Android,Delhi,18,0,
TXN107709,2026-09-11 18:11:13,USER101593,USER100297,249.75,Fuel,iOS,Hyderabad,18,0,
TXN107710,2026-09-11 18:12:14,USER102713,MERCH200553,418.02,Fuel,iOS,Jaipur,18,0,
TXN107711,2026-09-11 18:13:23,USER101250,USER100301,38.25,Food & Dining,Android,Indore,18,0,
TXN107712,2026-09-11 18:13:35,USER102410,USER100292,216.36,Shopping,Android,Bengaluru,18,0,
TXN107713,2026-09-11 18:13:46,USER102888,USER102137,434.21,Travel,Android,Patna,18,0,
TXN107714,2026-09-11 18:17:57,USER102078,MERCH200243,654.53,Entertainment,iOS,Kolkata,18,0,
TXN107715,2026-09-11 18:21:22,USER101505,USER102500,759.12,Entertainment,Android,Ahmedabad,18,0,
TXN107716,2026-09-11 18:24:08,USER102479,USER100047,71.55,Shopping,iOS,Bengaluru,18,0,
TXN107717,2026-09-11 18:28:08,USER102255,USER101377,192.75,Utility Bills,Android,Chennai,18,0,
TXN107718,2026-09-11 18:29:00,USER100329,MERCH200093,39.6,Utility Bills,Android,Kolkata,18,0,
TXN107719,2026-09-11 18:31:10,USER100265,USER101938,395.28,Healthcare,Android,Kolkata,18,0,
TXN107720,2026-09-11 18:31:16,USER100177,MERCH201219,65.17,Entertainment,Android,Patna,18,0,
TXN107721,2026-09-11 18:31:30,USER102300,USER101960,19.16,Shopping,iOS,Bengaluru,18,0,
TXN107722,2026-09-11 18:35:16,USER101126,MERCH201461,74.45,Grocery,Android,Kolkata,18,0,
TXN107723,2026-09-11 18:35:51,USER102322,MERCH200403,1644.45,Food & Dining,Android,Delhi,18,0,
TXN107724,2026-09-11 18:36:27,USER101324,USER102354,439.44,Travel,Android,Hyderabad,18,0,
TXN107725,2026-09-11 18:36:51,USER101335,USER102035,64.98,P2P Transfer,Android,Mumbai,18,0,
TXN107726,2026-09-11 18:37:25,USER102200,MERCH200288,748.76,Healthcare,Android,Delhi,18,0,
TXN107727,2026-09-11 18:37:47,USER102458,USER101032,316.22,Mobile Recharge,iOS,Kolkata,18,0,
TXN107728,2026-09-11 18:37:49,USER100566,USER102143,203.21,Shopping,iOS,Delhi,18,0,
TXN107729,2026-09-11 18:39:59,USER102391,USER102457,162.53,Grocery,Android,Mumbai,18,0,
TXN107730,2026-09-11 18:46:42,USER100040,MERCH200765,355.36,Shopping,Android,Delhi,18,0,
TXN107731,2026-09-11 18:48:58,USER100824,USER102698,202.73,Healthcare,Android,Jaipur,18,0,
TXN107732,2026-09-11 18:49:30,USER100632,USER100954,132.28,Grocery,Android,Mumbai,18,0,
TXN107733,2026-09-11 18:50:21,USER100867,MERCH200785,490.03,Healthcare,Android,Ahmedabad,18,0,
TXN107734,2026-09-11 18:51:36,USER100957,USER100144,1191.69,Food & Dining,Android,Kolkata,18,0,
TXN107735,2026-09-11 18:52:05,USER101702,USER101197,2504.73,Fuel,Android,Bengaluru,18,0,
TXN107736,2026-09-11 18:52:28,USER100570,USER100848,501.48,Fuel,Android,Lucknow,18,0,
TXN107737,2026-09-11 18:53:51,USER100321,MERCH200497,296.83,Mobile Recharge,iOS,Bengaluru,18,0,
TXN107738,2026-09-11 18:55:36,USER102516,USER100573,2209.24,Fuel,iOS,Pune,18,0,
TXN107739,2026-09-11 18:56:45,USER101799,USER101762,48774.75,Entertainment,New Device,Jaipur,18,1,new_device_high
TXN107740,2026-09-11 18:56:46,USER100127,USER102439,223.13,Entertainment,Android,Mumbai,18,0,
TXN107741,2026-09-11 18:57:40,USER100700,USER101621,237.32,Fuel,Android,Chennai,18,0,
TXN107742,2026-09-11 18:59:27,USER101521,USER101684,495.53,Mobile Recharge,iOS,Delhi,18,0,
TXN107743,2026-09-11 19:00:32,USER101357,USER101277,1313.37,Grocery,Android,Delhi,19,0,
TXN107744,2026-09-11 19:01:43,USER101479,USER101614,1061.38,Fuel,Android,Chennai,19,0,
TXN107745,2026-09-11 19:02:14,USER102869,MERCH201090,1604.9,Utility Bills,iOS,Delhi,19,0,
TXN107746,2026-09-11 19:03:20,USER101474,MERCH200891,122.9,Grocery,Android,Ahmedabad,19,0,
TXN107747,2026-09-11 19:03:36,USER100574,USER100708,3075.16,Utility Bills,Android,Jaipur,19,0,
TXN107748,2026-09-11 19:03:49,USER101915,USER100336,448.33,Travel,Android,Delhi,19,0,
TXN107749,2026-09-11 19:05:18,USER102991,MERCH200722,365.69,Food & Dining,Android,Delhi,19,0,
TXN107750,2026-09-11 19:06:00,USER100539,USER101546,408.67,P2P Transfer,Android,Mumbai,19,0,
TXN107751,2026-09-11 19:06:12,USER102218,MERCH201090,511.77,Grocery,Android,Ahmedabad,19,0,
TXN107752,2026-09-11 19:09:10,USER102956,MERCH200030,195.92,Food & Dining,Android,Mumbai,19,0,
TXN107753,2026-09-11 19:11:23,USER101328,USER101817,551.81,Fuel,Android,Pune,19,0,
TXN107754,2026-09-11 19:20:57,USER101558,MERCH200673,622.26,Travel,iOS,Kolkata,19,0,
TXN107755,2026-09-11 19:23:08,USER102425,USER102087,561.24,P2P Transfer,iOS,Patna,19,0,
TXN107756,2026-09-11 19:23:19,USER100800,USER101338,473.61,P2P Transfer,Android,Mumbai,19,0,
TXN107757,2026-09-11 19:23:51,USER102561,USER100437,745.12,Travel,Android,Mumbai,19,0,
TXN107758,2026-09-11 19:24:04,USER102388,USER101418,1175.21,Shopping,Android,Lucknow,19,0,
TXN107759,2026-09-11 19:25:08,USER102667,USER101313,230.7,Mobile Recharge,Android,Kolkata,19,0,
TXN107760,2026-09-11 19:25:40,USER101072,USER102090,1269.38,Food & Dining,iOS,Pune,19,0,
TXN107761,2026-09-11 19:26:46,USER100196,USER101117,510.05,Entertainment,iOS,Mumbai,19,0,
TXN107762,2026-09-11 19:27:34,USER100391,MERCH200975,54.38,Utility Bills,Android,Patna,19,0,
TXN107763,2026-09-11 19:27:36,USER100390,USER101733,500.71,Mobile Recharge,Android,Pune,19,0,
TXN107764,2026-09-11 19:28:03,USER100713,USER100088,298.9,Shopping,Android,Bengaluru,19,0,
TXN107765,2026-09-11 19:34:27,USER101581,MERCH201367,119.59,Entertainment,iOS,Ahmedabad,19,0,
TXN107766,2026-09-11 19:35:06,USER102858,USER101220,278.65,Grocery,Android,Chennai,19,0,
TXN107767,2026-09-11 19:37:18,USER102787,USER100014,238.32,Shopping,Android,Delhi,19,0,
TXN107768,2026-09-11 19:37:56,USER102470,MERCH200127,306.75,Travel,Android,Patna,19,0,
TXN107769,2026-09-11 19:38:22,USER101880,USER100217,312.4,Travel,iOS,Mumbai,19,0,
TXN107770,2026-09-11 19:41:32,USER102944,USER100017,1097.16,Travel,Android,Kolkata,19,0,
TXN107771,2026-09-11 19:42:36,USER101421,USER102328,244.11,Mobile Recharge,iOS,Mumbai,19,0,
TXN107772,2026-09-11 19:42:46,USER102647,MERCH200580,38.39,Shopping,Android,Patna,19,0,
TXN107773,2026-09-11 19:42:57,USER101161,USER100259,79.1,Grocery,Android,Bengaluru,19,0,
TXN107774,2026-09-11 19:44:05,USER102155,USER100634,402.51,Utility Bills,Android,Mumbai,19,0,
TXN107775,2026-09-11 19:44:47,USER102629,USER102399,266.83,Travel,iOS,Hyderabad,19,0,
TXN107776,2026-09-11 19:49:23,USER101774,USER100274,1107.29,Utility Bills,Android,Hyderabad,19,0,
TXN107777,2026-09-11 19:49:37,USER102223,MERCH200255,256.31,Utility Bills,Android,Delhi,19,0,
TXN107778,2026-09-11 19:49:51,USER101924,USER102458,295.43,Grocery,Android,Delhi,19,0,
TXN107779,2026-09-11 19:50:58,USER102292,MERCH200473,66.45,Entertainment,Android,Mumbai,19,0,
TXN107780,2026-09-11 19:57:37,USER101676,USER101340,1448.06,Healthcare,Android,Chennai,19,0,
TXN107781,2026-09-11 19:59:56,USER100533,USER102876,304.6,Fuel,Android,Delhi,19,0,
TXN107782,2026-09-11 20:00:19,USER100723,USER102793,172.97,Healthcare,Android,Mumbai,20,0,
TXN107783,2026-09-11 20:03:50,USER100721,MERCH201335,106.92,Shopping,Android,Hyderabad,20,0,
TXN107784,2026-09-11 20:05:12,USER102398,USER102419,142.74,Shopping,iOS,Indore,20,0,
TXN107785,2026-09-11 20:05:21,USER100466,USER101418,424.9,Grocery,Android,Chennai,20,0,
TXN107786,2026-09-11 20:06:40,USER102093,USER101659,898.28,Entertainment,iOS,Ahmedabad,20,0,
TXN107787,2026-09-11 20:06:56,USER100791,USER102629,201.72,Mobile Recharge,Android,Pune,20,0,
TXN107788,2026-09-11 20:07:09,USER101619,USER100804,814.13,P2P Transfer,Android,Chennai,20,0,
TXN107789,2026-09-11 20:07:28,USER100170,MERCH201174,374.16,Shopping,Android,Jaipur,20,0,
TXN107790,2026-09-11 20:08:22,USER101077,USER101294,206.06,P2P Transfer,Android,Kolkata,20,0,
TXN107791,2026-09-11 20:09:42,USER101309,MERCH200083,1630.98,Fuel,Android,Mumbai,20,0,
TXN107792,2026-09-11 20:10:05,USER102931,USER100031,717.83,Shopping,Android,Kolkata,20,0,
TXN107793,2026-09-11 20:11:20,USER102666,MERCH200155,956.75,Mobile Recharge,iOS,Mumbai,20,0,
TXN107794,2026-09-11 20:12:53,USER102726,USER102132,142.15,Shopping,iOS,Jaipur,20,0,
TXN107795,2026-09-11 20:14:48,USER100329,USER102154,90.73,Entertainment,Android,Patna,20,0,
TXN107796,2026-09-11 20:15:15,USER101534,USER102486,106.04,P2P Transfer,iOS,Mumbai,20,0,
TXN107797,2026-09-11 20:16:36,USER101607,MERCH200635,385.9,Shopping,Android,Lucknow,20,0,
TXN107798,2026-09-11 20:17:46,USER100549,USER101102,694.63,Travel,Android,Mumbai,20,0,
TXN107799,2026-09-11 20:18:42,USER101539,USER102217,960.95,Grocery,Android,Mumbai,20,0,
TXN107800,2026-09-11 20:22:20,USER102746,USER101854,107.88,Food & Dining,Android,Bengaluru,20,0,
TXN107801,2026-09-11 20:25:28,USER102405,MERCH201187,1129.9,Food & Dining,Android,Indore,20,0,
TXN107802,2026-09-11 20:26:17,USER102758,USER100716,441.47,Food & Dining,Android,Mumbai,20,0,
TXN107803,2026-09-11 20:26:41,USER102999,USER101352,162.28,Mobile Recharge,Android,Mumbai,20,0,
TXN107804,2026-09-11 20:26:41,USER102737,MERCH201429,413.37,Grocery,Android,Patna,20,0,
TXN107805,2026-09-11 20:30:09,USER101906,MERCH200735,1389.06,Travel,Android,Kolkata,20,0,
TXN107806,2026-09-11 20:31:15,USER102122,MERCH201354,48.6,Travel,Android,Hyderabad,20,0,
TXN107807,2026-09-11 20:31:48,USER100603,MERCH201058,2073.51,P2P Transfer,Android,Delhi,20,0,
TXN107808,2026-09-11 20:35:22,USER102098,USER101564,104.22,Grocery,Android,Mumbai,20,0,
TXN107809,2026-09-11 20:36:30,USER101124,USER101318,510.96,Entertainment,Android,Pune,20,0,
TXN107810,2026-09-11 20:37:48,USER102497,MERCH200373,131.21,Mobile Recharge,Android,Lucknow,20,0,
TXN107811,2026-09-11 20:38:11,USER101323,USER101879,592.94,Food & Dining,Android,Pune,20,0,
TXN107812,2026-09-11 20:40:12,USER100278,USER102993,162.45,Grocery,Android,Jaipur,20,0,
TXN107813,2026-09-11 20:42:01,USER102722,USER101651,4443.54,Shopping,Android,Bengaluru,20,0,
TXN107814,2026-09-11 20:42:10,USER102344,USER101018,147.71,Food & Dining,Android,Mumbai,20,0,
TXN107815,2026-09-11 20:43:07,USER100923,USER102008,707.44,Healthcare,Android,Kolkata,20,0,
TXN107816,2026-09-11 20:43:42,USER100529,MERCH201237,908.95,Mobile Recharge,Android,Chennai,20,0,
TXN107817,2026-09-11 20:45:32,USER102227,USER102703,1636.94,Utility Bills,Android,Mumbai,20,0,
TXN107818,2026-09-11 20:45:41,USER100978,MERCH201304,306.77,Food & Dining,Android,Ahmedabad,20,0,
TXN107819,2026-09-11 20:46:57,USER101474,USER101244,676.46,Fuel,Android,Delhi,20,0,
TXN107820,2026-09-11 20:47:00,USER100924,USER102974,269.34,Utility Bills,Android,Pune,20,0,
TXN107821,2026-09-11 20:47:56,USER102158,MERCH200999,138.14,Food & Dining,iOS,Mumbai,20,0,
TXN107822,2026-09-11 20:48:47,USER100058,USER100909,378.6,Healthcare,iOS,Ahmedabad,20,0,
TXN107823,2026-09-11 20:53:56,USER102213,USER102682,259.8,Healthcare,iOS,Chennai,20,0,
TXN107824,2026-09-11 20:54:53,USER102870,USER100339,302.44,Food & Dining,iOS,Delhi,20,0,
TXN107825,2026-09-11 20:55:21,USER101934,USER100284,256.22,Utility Bills,Android,Hyderabad,20,0,
TXN107826,2026-09-11 20:55:58,USER101766,USER102665,1084.86,P2P Transfer,Android,Chennai,20,0,
TXN107827,2026-09-11 20:56:16,USER100127,USER102067,290.53,Entertainment,iOS,Pune,20,0,
TXN107828,2026-09-11 20:57:47,USER101002,MERCH201152,119.41,Fuel,Android,Delhi,20,0,
TXN107829,2026-09-11 20:57:55,USER100729,USER101414,334.82,Utility Bills,Android,Patna,20,0,
TXN107830,2026-09-11 20:59:40,USER101159,MERCH201044,499.4,Entertainment,Android,Hyderabad,20,0,
TXN107831,2026-09-11 21:00:21,USER101828,USER100031,125.03,Travel,Android,Kolkata,21,0,
TXN107832,2026-09-11 21:05:30,USER101588,MERCH200056,1052.3,Utility Bills,Android,Pune,21,0,
TXN107833,2026-09-11 21:06:22,USER100946,USER102413,221.34,Food & Dining,Android,Chennai,21,0,
TXN107834,2026-09-11 21:06:37,USER101935,USER100591,177.15,Grocery,Android,Patna,21,0,
TXN107835,2026-09-11 21:07:01,USER100361,MERCH201130,657.83,Healthcare,Android,Jaipur,21,0,
TXN107836,2026-09-11 21:10:09,USER100799,USER101143,260.59,Fuel,Android,Delhi,21,0,
TXN107837,2026-09-11 21:11:20,USER101341,USER102570,109.89,Fuel,Android,Pune,21,0,
TXN107838,2026-09-11 21:13:14,USER101069,USER101582,1533.1,Mobile Recharge,iOS,Chennai,21,0,
TXN107839,2026-09-11 21:17:17,USER100671,USER101928,1277.86,Food & Dining,Android,Jaipur,21,0,
TXN107840,2026-09-11 21:17:48,USER100950,USER102221,701.73,Utility Bills,Android,Kolkata,21,0,
TXN107841,2026-09-11 21:26:21,USER102367,USER100664,1209.62,Shopping,iOS,Pune,21,0,
TXN107842,2026-09-11 21:26:59,USER102184,USER100001,1302.33,Entertainment,Android,Delhi,21,0,
TXN107843,2026-09-11 21:27:07,USER102477,USER100006,110.48,Mobile Recharge,iOS,Chennai,21,0,
TXN107844,2026-09-11 21:30:23,USER102854,USER100178,2103.31,Fuel,Android,Mumbai,21,0,
TXN107845,2026-09-11 21:33:44,USER100818,USER102270,1047.71,Fuel,Android,Pune,21,0,
TXN107846,2026-09-11 21:35:10,USER102407,USER102825,693.73,Healthcare,Android,Kolkata,21,0,
TXN107847,2026-09-11 21:41:36,USER102273,USER100475,349.96,Healthcare,Android,Chennai,21,0,
TXN107848,2026-09-11 21:42:22,USER100172,MERCH200630,127.27,Healthcare,Android,Ahmedabad,21,0,
TXN107849,2026-09-11 21:44:14,USER100527,USER102766,352.45,Travel,iOS,Pune,21,0,
TXN107850,2026-09-11 21:46:26,USER101061,MERCH200191,853.46,Mobile Recharge,Android,Hyderabad,21,0,
TXN107851,2026-09-11 21:49:17,USER102345,MERCH201382,1048.83,Grocery,Android,Pune,21,0,
TXN107852,2026-09-11 21:50:15,USER102890,USER102947,737.54,Food & Dining,Android,Pune,21,0,
TXN107853,2026-09-11 21:50:54,USER100816,USER100645,481.76,Travel,Android,Chennai,21,0,
TXN107854,2026-09-11 21:53:09,USER101057,USER101247,3747.53,Mobile Recharge,iOS,Mumbai,21,0,
TXN107855,2026-09-11 21:53:15,USER101517,USER102928,727.88,P2P Transfer,Android,Mumbai,21,0,
TXN107856,2026-09-11 21:53:42,USER101419,MERCH200493,640.64,Grocery,Android,Ahmedabad,21,0,
TXN107857,2026-09-11 21:57:09,USER101794,USER102642,37.45,Food & Dining,Android,Kolkata,21,0,
TXN107858,2026-09-11 21:57:12,USER101963,USER102324,143.46,Travel,Android,Ahmedabad,21,0,
TXN107859,2026-09-11 21:58:08,USER101800,MERCH200157,176.81,Travel,Android,Ahmedabad,21,0,
TXN107860,2026-09-11 22:09:49,USER100196,USER100000,328.28,P2P Transfer,Android,Bengaluru,22,0,
TXN107861,2026-09-11 22:10:24,USER100725,USER101973,364.74,Mobile Recharge,Android,Delhi,22,0,
TXN107862,2026-09-11 22:10:32,USER102362,USER100577,219.54,Grocery,Android,Chennai,22,0,
TXN107863,2026-09-11 22:13:32,USER100202,MERCH200544,512.67,Grocery,iOS,Delhi,22,0,
TXN107864,2026-09-11 22:16:10,USER101205,MERCH200437,49.81,Grocery,Android,Ahmedabad,22,0,
TXN107865,2026-09-11 22:28:31,USER100242,MERCH200160,3783.5,Grocery,iOS,Lucknow,22,0,
TXN107866,2026-09-11 22:30:29,USER102028,MERCH200787,627.67,Entertainment,Android,Ahmedabad,22,0,
TXN107867,2026-09-11 22:32:49,USER102333,MERCH200718,4120.67,Travel,iOS,Pune,22,0,
TXN107868,2026-09-11 22:38:46,USER102241,MERCH200117,1496.55,P2P Transfer,Android,Delhi,22,0,
TXN107869,2026-09-11 22:41:34,USER101799,MERCH200253,391.01,Grocery,iOS,Bengaluru,22,0,
TXN107870,2026-09-11 22:42:48,USER102666,MERCH200575,610.94,Food & Dining,Android,Delhi,22,0,
TXN107871,2026-09-11 22:43:57,USER101030,USER100544,510.13,Travel,Android,Mumbai,22,0,
TXN107872,2026-09-11 22:49:48,USER100918,USER101124,1242.27,Utility Bills,Android,Hyderabad,22,0,
TXN107873,2026-09-11 22:54:58,USER102020,MERCH200081,658.8,Utility Bills,iOS,Bengaluru,22,0,
TXN107874,2026-09-11 22:56:36,USER101654,USER102978,227.18,Utility Bills,iOS,Patna,22,0,
TXN107875,2026-09-11 22:59:32,USER102110,USER100976,1129.13,P2P Transfer,Android,Hyderabad,22,0,
TXN107876,2026-09-11 23:02:38,USER102620,USER101116,134.84,Food & Dining,Android,Jaipur,23,0,
TXN107877,2026-09-11 23:04:03,USER102577,USER102120,63.58,Shopping,Android,Ahmedabad,23,0,
TXN107878,2026-09-11 23:07:54,USER100020,MERCH200942,1133.49,Shopping,Android,Mumbai,23,0,
TXN107879,2026-09-11 23:24:00,USER102630,USER101299,7960.17,P2P Transfer,iOS,Pune,23,1,velocity_burst
TXN107880,2026-09-11 23:26:08,USER101196,MERCH200866,200.26,Mobile Recharge,Android,Bengaluru,23,0,
TXN107881,2026-09-11 23:34:00,USER101611,MERCH200532,546.43,Shopping,Android,Lucknow,23,0,
TXN107882,2026-09-11 23:48:17,USER101280,USER100383,1217.53,Entertainment,Android,Bengaluru,23,0,
TXN107883,2026-09-12 00:08:00,USER102951,USER102751,13735.96,Travel,Android,Patna,0,1,odd_hour_high_amount
TXN107884,2026-09-12 00:09:03,USER101970,USER102164,58.13,Mobile Recharge,Android,Mumbai,0,0,
TXN107885,2026-09-12 00:16:00,USER100238,USER101648,22705.98,Travel,Android,Delhi,0,1,odd_hour_high_amount
TXN107886,2026-09-12 00:28:00,USER102682,USER101818,8761.0,P2P Transfer,iOS,Bengaluru,0,1,velocity_burst
TXN107887,2026-09-12 00:35:00,USER100483,USER100794,31299.43,Travel,Android,Chennai,0,1,odd_hour_high_amount
TXN107888,2026-09-12 01:04:00,USER102108,USER101128,42109.2,Healthcare,Android,Jaipur,1,1,odd_hour_high_amount
TXN107889,2026-09-12 01:12:00,USER100841,USER102797,41874.49,Healthcare,iOS,Pune,1,1,odd_hour_high_amount
TXN107890,2026-09-12 01:46:00,USER101311,MERCH200076,48922.96,Shopping,Android,Mumbai,1,1,odd_hour_high_amount
TXN107891,2026-09-12 02:08:00,USER101480,MERCH200548,11863.34,Food & Dining,Android,Mumbai,2,1,odd_hour_high_amount
TXN107892,2026-09-12 02:31:16,USER100764,USER102933,353.32,Shopping,iOS,Bengaluru,2,0,
TXN107893,2026-09-12 02:49:00,USER101735,MERCH200683,12882.83,Travel,Android,Chennai,2,1,odd_hour_high_amount
TXN107894,2026-09-12 03:14:31,USER102012,MERCH200393,1288.48,Mobile Recharge,Android,Bengaluru,3,0,
TXN107895,2026-09-12 04:06:00,USER101874,MERCH200104,35629.99,Healthcare,Android,Lucknow,4,1,odd_hour_high_amount
TXN107896,2026-09-12 04:45:00,USER102272,MERCH200346,23293.84,P2P Transfer,Android,Delhi,4,1,odd_hour_high_amount
TXN107897,2026-09-12 05:16:09,USER101346,USER102991,155.42,Entertainment,Android,Pune,5,0,
TXN107898,2026-09-12 05:26:00,USER100253,MERCH201472,4101.66,P2P Transfer,Android,Patna,5,1,velocity_burst
TXN107899,2026-09-12 05:41:40,USER101513,MERCH200551,86.86,Travel,Android,Hyderabad,5,0,
TXN107900,2026-09-12 06:01:01,USER100750,MERCH201068,452.07,Shopping,Android,Delhi,6,0,
TXN107901,2026-09-12 06:11:10,USER101297,USER100339,1315.12,Food & Dining,Android,Jaipur,6,0,
TXN107902,2026-09-12 06:19:53,USER102460,MERCH200959,319.19,Healthcare,iOS,Delhi,6,0,
TXN107903,2026-09-12 06:26:40,USER100544,USER102615,54.52,Travel,iOS,Bengaluru,6,0,
TXN107904,2026-09-12 06:29:00,USER102630,USER102035,7933.33,P2P Transfer,Android,Lucknow,6,1,velocity_burst
TXN107905,2026-09-12 06:54:35,USER102379,USER100472,702.6,Healthcare,Android,Lucknow,6,0,
TXN107906,2026-09-12 07:06:08,USER100375,USER100935,1886.63,Travel,Android,Indore,7,0,
TXN107907,2026-09-12 07:13:21,USER102863,USER101539,346.43,Entertainment,iOS,Delhi,7,0,
TXN107908,2026-09-12 07:20:29,USER100714,USER100740,307.48,Food & Dining,Android,Kolkata,7,0,
TXN107909,2026-09-12 07:22:24,USER100905,MERCH200175,93.45,Entertainment,Android,Ahmedabad,7,0,
TXN107910,2026-09-12 07:25:02,USER100990,MERCH200293,195.63,P2P Transfer,Android,Delhi,7,0,
TXN107911,2026-09-12 07:27:05,USER100479,USER101982,286.25,Food & Dining,Android,Mumbai,7,0,
TXN107912,2026-09-12 07:27:28,USER102336,USER102515,31.0,Grocery,iOS,Delhi,7,0,
TXN107913,2026-09-12 07:35:45,USER102882,MERCH200629,1221.85,Shopping,Android,Bengaluru,7,0,
TXN107914,2026-09-12 07:38:40,USER102011,USER100488,263.85,Entertainment,Android,Bengaluru,7,0,
TXN107915,2026-09-12 07:39:11,USER102760,USER101642,231.58,P2P Transfer,iOS,Pune,7,0,
TXN107916,2026-09-12 07:41:20,USER100407,USER102802,100.64,Food & Dining,Android,Pune,7,0,
TXN107917,2026-09-12 07:44:02,USER101580,MERCH200543,32.09,Travel,Android,Chennai,7,0,
TXN107918,2026-09-12 07:45:13,USER100711,MERCH200643,1277.39,Travel,Android,Bengaluru,7,0,
TXN107919,2026-09-12 07:45:25,USER101722,MERCH200352,97.82,Shopping,Android,Mumbai,7,0,
TXN107920,2026-09-12 07:45:51,USER100762,USER100203,2967.54,Travel,Android,Pune,7,0,
TXN107921,2026-09-12 07:47:12,USER102549,USER101228,595.4,Utility Bills,Android,Hyderabad,7,0,
TXN107922,2026-09-12 07:48:37,USER102922,MERCH201124,1904.16,Mobile Recharge,Android,Chennai,7,0,
TXN107923,2026-09-12 07:52:08,USER102611,USER102273,82.24,Utility Bills,Android,Pune,7,0,
TXN107924,2026-09-12 07:58:01,USER102789,USER101294,106.22,Shopping,Android,Chennai,7,0,
TXN107925,2026-09-12 07:59:20,USER101309,USER101278,130.07,Healthcare,Android,Delhi,7,0,
TXN107926,2026-09-12 08:04:18,USER101101,USER101991,494.72,Travel,Android,Chennai,8,0,
TXN107927,2026-09-12 08:04:44,USER101138,MERCH200410,1040.93,Mobile Recharge,Android,Lucknow,8,0,
TXN107928,2026-09-12 08:04:58,USER102779,USER101941,650.2,Fuel,Android,Delhi,8,0,
TXN107929,2026-09-12 08:06:42,USER102530,USER102145,790.88,Grocery,Android,Chennai,8,0,
TXN107930,2026-09-12 08:07:17,USER100031,MERCH200487,368.86,Utility Bills,Android,Hyderabad,8,0,
TXN107931,2026-09-12 08:07:42,USER100699,USER102779,812.72,Healthcare,Android,Bengaluru,8,0,
TXN107932,2026-09-12 08:07:46,USER101232,USER102497,147.39,Travel,Android,Mumbai,8,0,
TXN107933,2026-09-12 08:08:23,USER102630,MERCH200865,145.0,Healthcare,Android,Delhi,8,0,
TXN107934,2026-09-12 08:08:29,USER102622,MERCH200526,382.77,Mobile Recharge,Android,Hyderabad,8,0,
TXN107935,2026-09-12 08:09:06,USER101352,MERCH201226,31.64,Food & Dining,Android,Jaipur,8,0,
TXN107936,2026-09-12 08:11:27,USER100791,USER101432,303.3,Healthcare,Android,Chennai,8,0,
TXN107937,2026-09-12 08:14:24,USER101082,USER100323,52.94,Fuel,Android,Delhi,8,0,
TXN107938,2026-09-12 08:15:41,USER101789,MERCH200744,576.61,Entertainment,Android,Ahmedabad,8,0,
TXN107939,2026-09-12 08:19:07,USER101908,USER101005,1549.61,Grocery,Android,Chennai,8,0,
TXN107940,2026-09-12 08:20:23,USER102606,USER102015,1010.05,Fuel,Android,Mumbai,8,0,
TXN107941,2026-09-12 08:28:48,USER102617,MERCH201044,96.98,Grocery,Android,Mumbai,8,0,
TXN107942,2026-09-12 08:31:08,USER101862,USER102114,899.6,Food & Dining,iOS,Bengaluru,8,0,
TXN107943,2026-09-12 08:34:43,USER102992,USER102763,4081.76,Mobile Recharge,Android,Jaipur,8,0,
TXN107944,2026-09-12 08:36:18,USER100657,USER102227,610.83,Travel,Android,Kolkata,8,0,
TXN107945,2026-09-12 08:36:43,USER101507,MERCH201442,107.25,Mobile Recharge,iOS,Patna,8,0,
TXN107946,2026-09-12 08:39:20,USER100889,MERCH201231,2207.71,Entertainment,Android,Mumbai,8,0,
TXN107947,2026-09-12 08:39:24,USER100579,USER101147,270.59,Fuel,Android,Hyderabad,8,0,
TXN107948,2026-09-12 08:40:05,USER101238,MERCH200250,225.4,Fuel,iOS,Mumbai,8,0,
TXN107949,2026-09-12 08:43:04,USER101881,USER101755,409.84,Grocery,iOS,Bengaluru,8,0,
TXN107950,2026-09-12 08:44:25,USER101079,MERCH200732,400.64,Fuel,iOS,Mumbai,8,0,
TXN107951,2026-09-12 08:47:04,USER100864,USER101294,355.87,P2P Transfer,Android,Hyderabad,8,0,
TXN107952,2026-09-12 08:47:58,USER101777,USER102736,1921.24,P2P Transfer,Android,Lucknow,8,0,
TXN107953,2026-09-12 08:53:43,USER102351,MERCH200563,275.76,P2P Transfer,iOS,Kolkata,8,0,
TXN107954,2026-09-12 08:59:14,USER100456,USER101430,28.81,P2P Transfer,Android,Mumbai,8,0,
TXN107955,2026-09-12 08:59:16,USER100383,USER100200,266.55,P2P Transfer,Android,Hyderabad,8,0,
TXN107956,2026-09-12 09:07:25,USER102790,MERCH201180,189.71,Mobile Recharge,iOS,Mumbai,9,0,
TXN107957,2026-09-12 09:07:32,USER101125,USER102067,1016.8,Shopping,Android,Bengaluru,9,0,
TXN107958,2026-09-12 09:08:26,USER100630,USER101149,1114.34,Fuel,Android,Chennai,9,0,
TXN107959,2026-09-12 09:09:23,USER102701,USER100832,447.71,Mobile Recharge,Android,Ahmedabad,9,0,
TXN107960,2026-09-12 09:10:33,USER101433,USER101870,175.49,P2P Transfer,iOS,Mumbai,9,0,
TXN107961,2026-09-12 09:13:39,USER101295,USER101235,853.56,Food & Dining,Android,Chennai,9,0,
TXN107962,2026-09-12 09:14:11,USER100912,USER101507,238.39,Entertainment,Android,Kolkata,9,0,
TXN107963,2026-09-12 09:16:00,USER100076,MERCH200641,2916.14,P2P Transfer,Android,Jaipur,9,1,velocity_burst
TXN107964,2026-09-12 09:16:26,USER102649,USER102616,78.18,Entertainment,Android,Delhi,9,0,
TXN107965,2026-09-12 09:17:26,USER102331,USER100669,107.11,Fuel,iOS,Delhi,9,0,
TXN107966,2026-09-12 09:17:57,USER102765,MERCH200649,1132.34,Grocery,Android,Mumbai,9,0,
TXN107967,2026-09-12 09:18:00,USER100286,USER100285,41.29,Utility Bills,Android,Delhi,9,0,
TXN107968,2026-09-12 09:18:03,USER101345,MERCH201170,241.59,P2P Transfer,iOS,Bengaluru,9,0,
TXN107969,2026-09-12 09:18:11,USER100843,MERCH200171,430.8,Fuel,iOS,Mumbai,9,0,
TXN107970,2026-09-12 09:19:17,USER101341,USER102019,393.66,P2P Transfer,iOS,Hyderabad,9,0,
TXN107971,2026-09-12 09:20:26,USER102660,USER101123,100000.0,Fuel,Android,Bengaluru,9,1,round_number
TXN107972,2026-09-12 09:21:50,USER101915,MERCH200546,518.73,Shopping,Android,Patna,9,0,
TXN107973,2026-09-12 09:26:33,USER102361,USER100091,1225.79,Travel,Android,Chennai,9,0,
TXN107974,2026-09-12 09:26:53,USER101669,MERCH200907,594.01,Food & Dining,Android,Jaipur,9,0,
TXN107975,2026-09-12 09:27:30,USER102140,USER100878,1034.24,Grocery,Android,Bengaluru,9,0,
TXN107976,2026-09-12 09:28:03,USER100670,USER102545,675.07,Travel,Android,Ahmedabad,9,0,
TXN107977,2026-09-12 09:30:53,USER102177,MERCH201020,237.67,Entertainment,Android,Pune,9,0,
TXN107978,2026-09-12 09:32:22,USER102315,USER101019,206.06,P2P Transfer,iOS,Kolkata,9,0,
TXN107979,2026-09-12 09:32:36,USER101886,USER100654,126.14,Healthcare,Android,Jaipur,9,0,
TXN107980,2026-09-12 09:33:09,USER102554,USER100516,105.34,Entertainment,Android,Hyderabad,9,0,
TXN107981,2026-09-12 09:33:15,USER101866,MERCH200763,287.7,Food & Dining,Android,Bengaluru,9,0,
TXN107982,2026-09-12 09:33:52,USER101647,MERCH200205,1518.07,Healthcare,iOS,Bengaluru,9,0,
TXN107983,2026-09-12 09:38:56,USER102904,USER101152,1478.88,Entertainment,Android,Mumbai,9,0,
TXN107984,2026-09-12 09:39:11,USER100715,MERCH200942,90.28,Fuel,Android,Bengaluru,9,0,
TXN107985,2026-09-12 09:40:09,USER101281,MERCH201311,507.76,P2P Transfer,Android,Mumbai,9,0,
TXN107986,2026-09-12 09:41:20,USER101257,MERCH200452,46.65,Fuel,Android,Mumbai,9,0,
TXN107987,2026-09-12 09:41:58,USER101336,USER100531,607.12,Travel,Android,Delhi,9,0,
TXN107988,2026-09-12 09:42:23,USER102018,MERCH200524,114.96,Grocery,Android,Bengaluru,9,0,
TXN107989,2026-09-12 09:44:30,USER100997,MERCH201143,118.33,Food & Dining,iOS,Kolkata,9,0,
TXN107990,2026-09-12 09:45:58,USER101141,USER100716,707.73,Travel,Android,Delhi,9,0,
TXN107991,2026-09-12 09:50:55,USER101348,USER100565,403.6,Fuel,Android,Indore,9,0,
TXN107992,2026-09-12 09:52:09,USER102744,MERCH200284,541.16,Mobile Recharge,iOS,Delhi,9,0,
TXN107993,2026-09-12 09:52:44,USER102290,MERCH200387,218.53,Healthcare,Android,Bengaluru,9,0,
TXN107994,2026-09-12 09:52:49,USER102058,USER101179,525.03,Grocery,Android,Chennai,9,0,
TXN107995,2026-09-12 09:54:52,USER102746,MERCH201281,151.64,Healthcare,iOS,Kolkata,9,0,
TXN107996,2026-09-12 09:54:58,USER101871,MERCH201110,459.39,Food & Dining,Android,Bengaluru,9,0,
TXN107997,2026-09-12 09:58:52,USER102714,MERCH200535,3632.82,Fuel,Android,Kolkata,9,0,
TXN107998,2026-09-12 10:05:30,USER101464,USER100633,911.2,Entertainment,Android,Kolkata,10,0,
TXN107999,2026-09-12 10:06:01,USER100498,USER101451,781.33,Grocery,Android,Ahmedabad,10,0,
TXN108000,2026-09-12 10:07:21,USER102289,USER102534,396.53,Fuel,Android,Bengaluru,10,0,
TXN108001,2026-09-12 10:08:47,USER102370,USER101869,1178.59,P2P Transfer,Android,Lucknow,10,0,
TXN108002,2026-09-12 10:10:36,USER100149,USER102743,112.28,Utility Bills,Android,Bengaluru,10,0,
TXN108003,2026-09-12 10:10:47,USER102947,MERCH200450,234.39,Shopping,Android,Hyderabad,10,0,
TXN108004,2026-09-12 10:11:36,USER101843,MERCH201125,109.9,Utility Bills,Android,Hyderabad,10,0,
TXN108005,2026-09-12 10:12:19,USER100089,USER100246,458.66,Food & Dining,Android,Hyderabad,10,0,
TXN108006,2026-09-12 10:14:04,USER100672,USER101650,700.99,Food & Dining,Android,Mumbai,10,0,
TXN108007,2026-09-12 10:15:36,USER102928,MERCH200712,108.61,P2P Transfer,iOS,Mumbai,10,0,
TXN108008,2026-09-12 10:16:25,USER100206,USER102435,469.57,Shopping,iOS,Delhi,10,0,
TXN108009,2026-09-12 10:17:32,USER100077,MERCH200552,1082.63,Mobile Recharge,Android,Bengaluru,10,0,
TXN108010,2026-09-12 10:18:09,USER100531,USER101306,137.0,Mobile Recharge,Android,Kolkata,10,0,
TXN108011,2026-09-12 10:19:48,USER102134,USER102783,254.96,Utility Bills,Android,Mumbai,10,0,
TXN108012,2026-09-12 10:20:54,USER101987,USER100375,143.05,Travel,Android,Mumbai,10,0,
TXN108013,2026-09-12 10:23:05,USER101056,USER100663,368.97,Grocery,iOS,Kolkata,10,0,
TXN108014,2026-09-12 10:24:02,USER101367,MERCH200527,145.15,Grocery,Android,Bengaluru,10,0,
TXN108015,2026-09-12 10:24:42,USER101551,USER100466,855.6,P2P Transfer,Android,Jaipur,10,0,
TXN108016,2026-09-12 10:25:36,USER101418,MERCH201364,109.72,P2P Transfer,Android,Chennai,10,0,
TXN108017,2026-09-12 10:25:41,USER102834,MERCH200871,32.8,Grocery,Android,Lucknow,10,0,
TXN108018,2026-09-12 10:25:43,USER102228,USER100135,877.61,Food & Dining,Android,Mumbai,10,0,
TXN108019,2026-09-12 10:26:26,USER101886,USER102590,274.6,Food & Dining,Android,Chennai,10,0,
TXN108020,2026-09-12 10:26:50,USER100020,MERCH200890,124.82,Shopping,Android,Hyderabad,10,0,
TXN108021,2026-09-12 10:26:53,USER101645,MERCH201111,511.66,Healthcare,Android,Kolkata,10,0,
TXN108022,2026-09-12 10:27:47,USER100308,USER101739,156.01,Travel,Android,Indore,10,0,
TXN108023,2026-09-12 10:27:57,USER100628,USER102834,334.15,P2P Transfer,Android,Bengaluru,10,0,
TXN108024,2026-09-12 10:29:44,USER102408,USER102389,87.99,Utility Bills,Android,Ahmedabad,10,0,
TXN108025,2026-09-12 10:32:19,USER102691,USER100395,1620.48,Fuel,Android,Delhi,10,0,
TXN108026,2026-09-12 10:36:23,USER102873,USER100178,319.61,Shopping,iOS,Ahmedabad,10,0,
TXN108027,2026-09-12 10:36:39,USER102133,MERCH201373,1123.42,Food & Dining,Android,Chennai,10,0,
TXN108028,2026-09-12 10:36:59,USER101671,MERCH200634,160.19,Food & Dining,Android,Pune,10,0,
TXN108029,2026-09-12 10:37:57,USER101141,USER101370,32.31,Food & Dining,Android,Bengaluru,10,0,
TXN108030,2026-09-12 10:38:13,USER102417,USER100576,1314.96,Mobile Recharge,Android,Delhi,10,0,
TXN108031,2026-09-12 10:38:29,USER102305,USER102813,232.85,Food & Dining,Android,Ahmedabad,10,0,
TXN108032,2026-09-12 10:40:52,USER100631,MERCH200761,312.22,Utility Bills,Android,Mumbai,10,0,
TXN108033,2026-09-12 10:42:34,USER102920,USER102266,1097.15,Food & Dining,Android,Pune,10,0,
TXN108034,2026-09-12 10:43:03,USER100467,USER100483,2897.92,Mobile Recharge,Android,Mumbai,10,0,
TXN108035,2026-09-12 10:45:16,USER102551,MERCH201336,240.51,Travel,Android,Hyderabad,10,0,
TXN108036,2026-09-12 10:45:36,USER102248,MERCH200410,302.35,Entertainment,Android,Mumbai,10,0,
TXN108037,2026-09-12 10:45:41,USER102660,MERCH201140,68458.52,Utility Bills,New Device,Mumbai,10,1,new_device_high
TXN108038,2026-09-12 10:46:56,USER101079,USER102225,890.39,Grocery,iOS,Bengaluru,10,0,
TXN108039,2026-09-12 10:49:14,USER102178,USER100467,1205.45,Grocery,Android,Hyderabad,10,0,
TXN108040,2026-09-12 10:49:47,USER100639,USER100704,158.61,Fuel,Android,Pune,10,0,
TXN108041,2026-09-12 10:50:00,USER100694,USER102882,2262.47,Healthcare,Android,Hyderabad,10,0,
TXN108042,2026-09-12 10:50:02,USER102066,MERCH201420,74.62,Entertainment,Android,Mumbai,10,0,
TXN108043,2026-09-12 10:52:05,USER100213,MERCH201352,125.22,P2P Transfer,Android,Mumbai,10,0,
TXN108044,2026-09-12 10:59:43,USER101174,MERCH200024,41.66,Grocery,Android,Kolkata,10,0,
TXN108045,2026-09-12 11:02:21,USER100122,USER100218,2083.59,Grocery,iOS,Indore,11,0,
TXN108046,2026-09-12 11:04:04,USER101637,USER101649,24.84,Entertainment,Android,Delhi,11,0,
TXN108047,2026-09-12 11:04:17,USER100409,USER102844,517.94,Healthcare,Android,Patna,11,0,
TXN108048,2026-09-12 11:04:21,USER101917,USER100990,105.13,Mobile Recharge,iOS,Bengaluru,11,0,
TXN108049,2026-09-12 11:05:51,USER101717,MERCH200236,157.53,Utility Bills,Android,Hyderabad,11,0,
TXN108050,2026-09-12 11:06:40,USER102004,USER100070,134.55,Fuel,Android,Pune,11,0,
TXN108051,2026-09-12 11:07:37,USER101188,USER101060,1185.53,Fuel,Android,Bengaluru,11,0,
TXN108052,2026-09-12 11:07:38,USER102254,USER100074,255.78,Fuel,Android,Mumbai,11,0,
TXN108053,2026-09-12 11:09:01,USER100503,MERCH200014,157.57,Grocery,iOS,Hyderabad,11,0,
TXN108054,2026-09-12 11:09:32,USER102178,USER102945,310.31,Travel,Android,Indore,11,0,
TXN108055,2026-09-12 11:11:52,USER100057,USER102488,204.19,Travel,Android,Patna,11,0,
TXN108056,2026-09-12 11:12:04,USER101450,MERCH201052,1072.52,Utility Bills,Android,Kolkata,11,0,
TXN108057,2026-09-12 11:12:06,USER100628,MERCH200950,115.4,Entertainment,Android,Mumbai,11,0,
TXN108058,2026-09-12 11:13:13,USER101763,USER102784,1482.13,Food & Dining,Android,Mumbai,11,0,
TXN108059,2026-09-12 11:14:48,USER100804,USER100782,328.97,Entertainment,Android,Mumbai,11,0,
TXN108060,2026-09-12 11:16:23,USER102527,USER101908,624.04,Utility Bills,Android,Jaipur,11,0,
TXN108061,2026-09-12 11:16:54,USER102528,USER101438,764.52,Grocery,Android,Delhi,11,0,
TXN108062,2026-09-12 11:17:38,USER100366,MERCH200860,453.91,Fuel,iOS,Mumbai,11,0,
TXN108063,2026-09-12 11:19:56,USER102431,USER102408,295.49,Fuel,Android,Mumbai,11,0,
TXN108064,2026-09-12 11:19:57,USER101765,USER102763,598.92,P2P Transfer,Android,Delhi,11,0,
TXN108065,2026-09-12 11:20:15,USER100062,USER102197,242.07,Shopping,Android,Chennai,11,0,
TXN108066,2026-09-12 11:20:36,USER102512,USER102375,7385.54,Food & Dining,iOS,Pune,11,0,
TXN108067,2026-09-12 11:21:27,USER102927,USER101601,84.76,Shopping,Android,Mumbai,11,0,
TXN108068,2026-09-12 11:22:39,USER100756,USER101580,1044.07,P2P Transfer,iOS,Mumbai,11,0,
TXN108069,2026-09-12 11:23:32,USER100464,USER100424,105.06,Grocery,Android,Hyderabad,11,0,
TXN108070,2026-09-12 11:24:59,USER100575,MERCH201160,165.71,Food & Dining,Android,Chennai,11,0,
TXN108071,2026-09-12 11:26:46,USER102131,MERCH201477,2272.4,Fuel,Android,Bengaluru,11,0,
TXN108072,2026-09-12 11:26:57,USER100447,USER100339,64.27,Healthcare,Android,Chennai,11,0,
TXN108073,2026-09-12 11:28:33,USER101711,MERCH200720,653.75,Shopping,iOS,Bengaluru,11,0,
TXN108074,2026-09-12 11:29:14,USER101730,MERCH200209,209.62,Shopping,Android,Kolkata,11,0,
TXN108075,2026-09-12 11:29:41,USER101336,MERCH200632,468.46,Mobile Recharge,iOS,Delhi,11,0,
TXN108076,2026-09-12 11:33:35,USER101421,USER101357,999.37,Healthcare,Android,Mumbai,11,0,
TXN108077,2026-09-12 11:34:32,USER102153,USER101090,230.79,Food & Dining,iOS,Pune,11,0,
TXN108078,2026-09-12 11:34:46,USER102438,USER101051,212.9,Entertainment,Android,Mumbai,11,0,
TXN108079,2026-09-12 11:35:40,USER102409,MERCH201450,240.33,Food & Dining,Android,Bengaluru,11,0,
TXN108080,2026-09-12 11:37:25,USER101913,MERCH201477,314.68,Fuel,Android,Pune,11,0,
TXN108081,2026-09-12 11:39:04,USER102121,MERCH200615,335.48,Grocery,Android,Chennai,11,0,
TXN108082,2026-09-12 11:39:26,USER101082,USER100389,223.11,Food & Dining,Android,Jaipur,11,0,
TXN108083,2026-09-12 11:40:25,USER102973,MERCH201447,711.32,Entertainment,iOS,Kolkata,11,0,
TXN108084,2026-09-12 11:40:50,USER102678,USER102053,1863.14,Healthcare,Android,Delhi,11,0,
TXN108085,2026-09-12 11:42:45,USER100703,USER100852,362.94,Fuel,Android,Bengaluru,11,0,
TXN108086,2026-09-12 11:44:14,USER100110,USER101138,76.57,Grocery,Android,Bengaluru,11,0,
TXN108087,2026-09-12 11:46:29,USER100410,USER102126,105.76,Grocery,Android,Mumbai,11,0,
TXN108088,2026-09-12 11:46:37,USER101398,MERCH200595,1184.47,Grocery,iOS,Pune,11,0,
TXN108089,2026-09-12 11:47:26,USER102219,MERCH200552,1217.76,Mobile Recharge,Android,Delhi,11,0,
TXN108090,2026-09-12 11:48:55,USER100474,USER101812,171.62,P2P Transfer,Android,Hyderabad,11,0,
TXN108091,2026-09-12 11:49:27,USER102746,USER100339,126.05,Mobile Recharge,iOS,Delhi,11,0,
TXN108092,2026-09-12 11:49:56,USER102914,USER100846,165.42,Mobile Recharge,Android,Mumbai,11,0,
TXN108093,2026-09-12 11:50:09,USER102546,USER102544,564.22,Mobile Recharge,Android,Ahmedabad,11,0,
TXN108094,2026-09-12 11:50:15,USER100278,USER101343,680.97,Grocery,Android,Jaipur,11,0,
TXN108095,2026-09-12 11:51:10,USER100713,USER100653,642.59,Mobile Recharge,Android,Bengaluru,11,0,
TXN108096,2026-09-12 11:51:30,USER102693,MERCH201013,532.44,Food & Dining,Android,Hyderabad,11,0,
TXN108097,2026-09-12 11:51:41,USER101421,MERCH200040,394.63,Shopping,Android,Mumbai,11,0,
TXN108098,2026-09-12 11:53:11,USER102487,USER102284,109.74,Healthcare,Android,Mumbai,11,0,
TXN108099,2026-09-12 11:54:26,USER101405,USER101312,610.67,Grocery,Android,Delhi,11,0,
TXN108100,2026-09-12 11:56:04,USER101558,USER102369,1120.4,Travel,Android,Pune,11,0,
TXN108101,2026-09-12 11:56:36,USER100509,USER102822,109.46,Food & Dining,Android,Chennai,11,0,
TXN108102,2026-09-12 11:56:59,USER100715,MERCH200766,39.33,P2P Transfer,iOS,Chennai,11,0,
TXN108103,2026-09-12 11:57:42,USER102610,USER102890,402.57,Grocery,Android,Delhi,11,0,
TXN108104,2026-09-12 12:01:14,USER101999,USER101063,359.89,Mobile Recharge,Android,Chennai,12,0,
TXN108105,2026-09-12 12:01:52,USER100091,USER102350,65.18,Fuel,Android,Chennai,12,0,
TXN108106,2026-09-12 12:01:52,USER100620,USER102502,346.88,Shopping,Android,Lucknow,12,0,
TXN108107,2026-09-12 12:02:08,USER101419,USER101615,145.91,P2P Transfer,iOS,Indore,12,0,
TXN108108,2026-09-12 12:02:09,USER102696,USER101037,181.19,Travel,Android,Jaipur,12,0,
TXN108109,2026-09-12 12:02:31,USER100752,USER100141,1645.14,Travel,Android,Mumbai,12,0,
TXN108110,2026-09-12 12:02:46,USER102039,USER101717,1276.36,Shopping,Android,Mumbai,12,0,
TXN108111,2026-09-12 12:04:09,USER102675,USER100202,282.71,Fuel,Android,Pune,12,0,
TXN108112,2026-09-12 12:04:50,USER100069,USER102793,249.04,Healthcare,Android,Patna,12,0,
TXN108113,2026-09-12 12:04:58,USER102377,MERCH201401,719.6,Entertainment,Android,Delhi,12,0,
TXN108114,2026-09-12 12:06:54,USER101789,USER101151,549.46,Travel,Android,Mumbai,12,0,
TXN108115,2026-09-12 12:07:00,USER101845,USER102723,121.64,Utility Bills,Android,Mumbai,12,0,
TXN108116,2026-09-12 12:07:18,USER102392,USER102933,827.15,Mobile Recharge,Android,Mumbai,12,0,
TXN108117,2026-09-12 12:10:11,USER100195,MERCH201145,258.04,Entertainment,Android,Mumbai,12,0,
TXN108118,2026-09-12 12:11:08,USER101128,USER102685,328.74,Fuel,iOS,Pune,12,0,
TXN108119,2026-09-12 12:12:09,USER102533,USER102606,171.45,Healthcare,iOS,Hyderabad,12,0,
TXN108120,2026-09-12 12:13:00,USER101438,MERCH201205,362.65,Fuel,Android,Ahmedabad,12,0,
TXN108121,2026-09-12 12:14:47,USER102005,MERCH201446,99.14,Mobile Recharge,Android,Mumbai,12,0,
TXN108122,2026-09-12 12:14:53,USER100599,USER100086,768.14,Healthcare,Android,Hyderabad,12,0,
TXN108123,2026-09-12 12:15:00,USER101193,MERCH200162,837.38,Fuel,Android,Ahmedabad,12,0,
TXN108124,2026-09-12 12:16:03,USER101485,USER102345,556.66,Healthcare,Android,Hyderabad,12,0,
TXN108125,2026-09-12 12:16:27,USER101119,USER101293,166.8,Food & Dining,Android,Mumbai,12,0,
TXN108126,2026-09-12 12:20:08,USER100395,USER101779,160.89,Mobile Recharge,Android,Delhi,12,0,
TXN108127,2026-09-12 12:20:19,USER101772,USER100958,592.33,Utility Bills,Android,Delhi,12,0,
TXN108128,2026-09-12 12:20:39,USER100057,USER102992,2669.95,Healthcare,iOS,Ahmedabad,12,0,
TXN108129,2026-09-12 12:21:56,USER100993,MERCH201469,123.27,Shopping,Android,Bengaluru,12,0,
TXN108130,2026-09-12 12:22:21,USER102341,USER102835,608.55,Healthcare,Android,Delhi,12,0,
TXN108131,2026-09-12 12:26:17,USER100777,USER102372,146.3,Grocery,Android,Ahmedabad,12,0,
TXN108132,2026-09-12 12:26:37,USER101424,USER101693,384.08,Entertainment,Android,Bengaluru,12,0,
TXN108133,2026-09-12 12:29:10,USER100524,MERCH200108,162.6,Utility Bills,Android,Pune,12,0,
TXN108134,2026-09-12 12:29:39,USER100901,MERCH200129,218.2,Healthcare,iOS,Hyderabad,12,0,
TXN108135,2026-09-12 12:30:30,USER100518,USER102704,489.67,Shopping,Android,Mumbai,12,0,
TXN108136,2026-09-12 12:31:15,USER100746,USER101374,194.23,Healthcare,Android,Bengaluru,12,0,
TXN108137,2026-09-12 12:33:29,USER100219,MERCH201400,75.73,Food & Dining,Android,Mumbai,12,0,
TXN108138,2026-09-12 12:33:30,USER100331,USER101980,864.88,Travel,Android,Patna,12,0,
TXN108139,2026-09-12 12:34:06,USER100099,MERCH200217,919.5,Entertainment,iOS,Chennai,12,0,
TXN108140,2026-09-12 12:34:18,USER102727,USER102377,80.39,Shopping,Android,Hyderabad,12,0,
TXN108141,2026-09-12 12:35:32,USER100430,USER101101,783.98,Fuel,Android,Mumbai,12,0,
TXN108142,2026-09-12 12:36:21,USER100222,USER100163,517.95,Entertainment,iOS,Mumbai,12,0,
TXN108143,2026-09-12 12:37:19,USER102488,MERCH200874,266.51,Fuel,Android,Mumbai,12,0,
TXN108144,2026-09-12 12:37:40,USER102621,USER102551,646.57,Travel,Android,Pune,12,0,
TXN108145,2026-09-12 12:39:15,USER100238,MERCH200121,170.25,Healthcare,Android,Delhi,12,0,
TXN108146,2026-09-12 12:40:06,USER102720,USER102083,460.9,Food & Dining,Android,Mumbai,12,0,
TXN108147,2026-09-12 12:40:56,USER101870,MERCH200062,118.89,Shopping,Android,Delhi,12,0,
TXN108148,2026-09-12 12:43:28,USER101956,USER100922,178.72,Fuel,Android,Jaipur,12,0,
TXN108149,2026-09-12 12:44:24,USER100604,MERCH200947,131.47,Grocery,Android,Mumbai,12,0,
TXN108150,2026-09-12 12:44:49,USER100120,USER100409,515.59,P2P Transfer,Android,Jaipur,12,0,
TXN108151,2026-09-12 12:49:06,USER101042,MERCH201202,32.37,Utility Bills,Android,Ahmedabad,12,0,
TXN108152,2026-09-12 12:50:12,USER101997,USER102504,708.82,Travel,iOS,Bengaluru,12,0,
TXN108153,2026-09-12 12:50:44,USER101142,USER100326,165.08,Shopping,Android,Delhi,12,0,
TXN108154,2026-09-12 12:51:12,USER102162,USER102250,124.87,Utility Bills,Android,Chennai,12,0,
TXN108155,2026-09-12 12:52:04,USER102914,MERCH200619,5525.62,Mobile Recharge,Android,Chennai,12,0,
TXN108156,2026-09-12 12:57:14,USER101926,USER102388,389.11,Entertainment,Android,Hyderabad,12,0,
TXN108157,2026-09-12 12:58:17,USER102067,USER100020,925.55,Entertainment,Android,Bengaluru,12,0,
TXN108158,2026-09-12 12:59:58,USER101860,MERCH201358,106.65,Shopping,Android,Hyderabad,12,0,
TXN108159,2026-09-12 13:01:10,USER101340,MERCH200416,1039.44,Food & Dining,Android,Mumbai,13,0,
TXN108160,2026-09-12 13:08:31,USER102144,USER100316,5997.33,Grocery,Android,Pune,13,0,
TXN108161,2026-09-12 13:08:59,USER101625,USER102906,494.35,Utility Bills,Android,Mumbai,13,0,
TXN108162,2026-09-12 13:09:00,USER102810,USER100611,1621.53,P2P Transfer,Android,Mumbai,13,1,velocity_burst
TXN108163,2026-09-12 13:14:45,USER102605,USER101566,831.35,Travel,iOS,Chennai,13,0,
TXN108164,2026-09-12 13:15:40,USER100352,USER100891,305.1,Utility Bills,Android,Ahmedabad,13,0,
TXN108165,2026-09-12 13:16:41,USER102166,USER102896,368.41,Entertainment,Android,Delhi,13,0,
TXN108166,2026-09-12 13:16:55,USER102687,MERCH200660,305.89,Shopping,iOS,Delhi,13,0,
TXN108167,2026-09-12 13:21:06,USER101252,USER101654,84.44,Travel,Android,Delhi,13,0,
TXN108168,2026-09-12 13:21:20,USER102408,USER101867,423.66,Shopping,Android,Chennai,13,0,
TXN108169,2026-09-12 13:21:23,USER100028,MERCH200220,723.02,Entertainment,Android,Indore,13,0,
TXN108170,2026-09-12 13:22:05,USER102996,USER102298,463.2,Fuel,Android,Delhi,13,0,
TXN108171,2026-09-12 13:22:59,USER101336,USER101628,1180.06,P2P Transfer,Android,Bengaluru,13,0,
TXN108172,2026-09-12 13:23:02,USER102822,MERCH200769,332.67,Shopping,iOS,Hyderabad,13,0,
TXN108173,2026-09-12 13:23:25,USER102943,USER101521,699.91,Utility Bills,Android,Mumbai,13,0,
TXN108174,2026-09-12 13:24:01,USER102303,USER101100,556.88,Travel,iOS,Pune,13,0,
TXN108175,2026-09-12 13:25:17,USER102257,USER100402,447.95,Mobile Recharge,Android,Mumbai,13,0,
TXN108176,2026-09-12 13:26:17,USER100022,USER102717,8132.31,Food & Dining,Android,Chennai,13,0,
TXN108177,2026-09-12 13:30:03,USER101360,MERCH201149,232.32,Utility Bills,Android,Chennai,13,0,
TXN108178,2026-09-12 13:30:32,USER102149,USER102563,52.83,Travel,Android,Hyderabad,13,0,
TXN108179,2026-09-12 13:30:50,USER102997,USER102092,269.55,Shopping,Android,Bengaluru,13,0,
TXN108180,2026-09-12 13:31:38,USER102546,USER102773,114.68,Grocery,Android,Delhi,13,0,
TXN108181,2026-09-12 13:32:52,USER101293,MERCH200362,112.0,P2P Transfer,iOS,Ahmedabad,13,0,
TXN108182,2026-09-12 13:35:37,USER100167,MERCH201333,190.98,Mobile Recharge,Android,Delhi,13,0,
TXN108183,2026-09-12 13:35:59,USER102604,USER102034,192.39,Shopping,Android,Mumbai,13,0,
TXN108184,2026-09-12 13:36:16,USER102340,USER102021,404.5,Mobile Recharge,Android,Mumbai,13,0,
TXN108185,2026-09-12 13:38:13,USER102022,USER102072,50000.0,Travel,Android,Pune,13,1,round_number
TXN108186,2026-09-12 13:42:00,USER100941,MERCH201056,424.65,Food & Dining,Android,Jaipur,13,0,
TXN108187,2026-09-12 13:42:04,USER102222,MERCH200723,48.2,Mobile Recharge,Android,Jaipur,13,0,
TXN108188,2026-09-12 13:45:13,USER100093,USER100352,2703.85,Shopping,Android,Jaipur,13,0,
TXN108189,2026-09-12 13:45:18,USER102724,MERCH200704,463.21,Mobile Recharge,Android,Indore,13,0,
TXN108190,2026-09-12 13:48:27,USER102758,MERCH200779,1469.32,Grocery,Android,Delhi,13,0,
TXN108191,2026-09-12 13:48:35,USER100916,USER102345,2544.38,Grocery,Android,Hyderabad,13,0,
TXN108192,2026-09-12 13:49:40,USER100655,USER102196,112.19,Travel,iOS,Bengaluru,13,0,
TXN108193,2026-09-12 13:49:41,USER100769,USER100804,529.83,Entertainment,Android,Ahmedabad,13,0,
TXN108194,2026-09-12 13:49:43,USER101970,USER102447,696.89,Mobile Recharge,Android,Hyderabad,13,0,
TXN108195,2026-09-12 13:50:01,USER102869,USER101769,634.28,Healthcare,Android,Delhi,13,0,
TXN108196,2026-09-12 13:50:04,USER100404,USER102584,113.66,Travel,iOS,Mumbai,13,0,
TXN108197,2026-09-12 13:50:51,USER102289,USER101397,71.45,Food & Dining,Android,Bengaluru,13,0,
TXN108198,2026-09-12 13:52:02,USER101124,USER102359,85.34,Utility Bills,Android,Pune,13,0,
TXN108199,2026-09-12 13:52:13,USER101563,USER100839,39.67,Food & Dining,Android,Delhi,13,0,
TXN108200,2026-09-12 13:53:22,USER101768,USER100055,84.54,P2P Transfer,iOS,Patna,13,0,
TXN108201,2026-09-12 13:53:43,USER101110,MERCH201228,231.13,Grocery,Android,Jaipur,13,0,
TXN108202,2026-09-12 13:55:13,USER101984,MERCH201155,404.69,Fuel,Android,Mumbai,13,0,
TXN108203,2026-09-12 13:55:29,USER101514,USER102056,416.56,Grocery,Android,Delhi,13,0,
TXN108204,2026-09-12 13:55:43,USER102324,USER102701,888.71,Travel,Android,Hyderabad,13,0,
TXN108205,2026-09-12 13:56:12,USER102249,USER100159,2242.53,Utility Bills,Android,Pune,13,0,
TXN108206,2026-09-12 13:56:19,USER102344,USER100686,258.82,Travel,Android,Chennai,13,0,
TXN108207,2026-09-12 13:57:45,USER100752,MERCH200590,175.5,P2P Transfer,Android,Mumbai,13,0,
TXN108208,2026-09-12 13:58:03,USER102335,USER102724,4612.81,Healthcare,iOS,Kolkata,13,0,
TXN108209,2026-09-12 13:58:25,USER102830,USER101913,890.23,Utility Bills,Android,Kolkata,13,0,
TXN108210,2026-09-12 13:59:51,USER101806,USER102811,738.86,Entertainment,Android,Delhi,13,0,
TXN108211,2026-09-12 14:00:40,USER102655,USER100402,137.24,P2P Transfer,Android,Pune,14,0,
TXN108212,2026-09-12 14:01:48,USER100297,USER101383,116.11,Travel,Android,Hyderabad,14,0,
TXN108213,2026-09-12 14:02:40,USER101710,MERCH200096,2060.94,Grocery,Android,Chennai,14,0,
TXN108214,2026-09-12 14:02:44,USER102143,MERCH200702,142.03,Fuel,Android,Chennai,14,0,
TXN108215,2026-09-12 14:06:58,USER102840,USER100139,133.21,Entertainment,Android,Mumbai,14,0,
TXN108216,2026-09-12 14:07:01,USER101187,USER100078,532.42,P2P Transfer,Android,Mumbai,14,0,
TXN108217,2026-09-12 14:07:08,USER102285,MERCH201424,570.52,Grocery,iOS,Chennai,14,0,
TXN108218,2026-09-12 14:08:17,USER101443,USER101633,780.46,Grocery,Android,Lucknow,14,0,
TXN108219,2026-09-12 14:11:37,USER101266,MERCH200646,269.99,P2P Transfer,iOS,Ahmedabad,14,0,
TXN108220,2026-09-12 14:12:23,USER101597,USER102519,39.45,Grocery,Android,Bengaluru,14,0,
TXN108221,2026-09-12 14:12:44,USER102691,MERCH200112,228.02,Shopping,Android,Mumbai,14,0,
TXN108222,2026-09-12 14:13:01,USER102777,USER101394,236.63,P2P Transfer,Android,Pune,14,0,
TXN108223,2026-09-12 14:13:20,USER102966,USER101577,176.81,Food & Dining,Android,Mumbai,14,0,
TXN108224,2026-09-12 14:14:12,USER100656,MERCH200378,451.58,Food & Dining,iOS,Hyderabad,14,0,
TXN108225,2026-09-12 14:16:51,USER102877,MERCH201306,138.72,P2P Transfer,Android,Jaipur,14,0,
TXN108226,2026-09-12 14:17:01,USER100419,USER102400,572.74,Healthcare,Android,Hyderabad,14,0,
TXN108227,2026-09-12 14:17:47,USER102335,MERCH200531,207.61,Entertainment,Android,Pune,14,0,
TXN108228,2026-09-12 14:18:18,USER102929,MERCH200765,289.0,Mobile Recharge,Android,Mumbai,14,0,
TXN108229,2026-09-12 14:19:53,USER101089,USER100793,185.52,Grocery,Android,Mumbai,14,0,
TXN108230,2026-09-12 14:20:01,USER100128,USER101367,1897.58,Food & Dining,Android,Pune,14,0,
TXN108231,2026-09-12 14:20:32,USER102862,USER100400,175.25,Entertainment,Android,Ahmedabad,14,0,
TXN108232,2026-09-12 14:22:51,USER101584,USER102808,228.11,Shopping,Android,Chennai,14,0,
TXN108233,2026-09-12 14:25:17,USER102333,USER100959,410.0,Entertainment,iOS,Ahmedabad,14,0,
TXN108234,2026-09-12 14:26:17,USER100552,USER101287,101.27,Fuel,Android,Jaipur,14,0,
TXN108235,2026-09-12 14:27:23,USER100985,USER100883,928.59,Entertainment,iOS,Jaipur,14,0,
TXN108236,2026-09-12 14:30:58,USER100838,USER101603,1065.5,Food & Dining,iOS,Kolkata,14,0,
TXN108237,2026-09-12 14:33:00,USER101825,USER100882,219.79,P2P Transfer,Android,Bengaluru,14,0,
TXN108238,2026-09-12 14:34:16,USER101106,MERCH200861,192.32,Mobile Recharge,Android,Delhi,14,0,
TXN108239,2026-09-12 14:34:24,USER100095,MERCH200036,39260.25,P2P Transfer,New Device,Kolkata,14,1,new_device_high
TXN108240,2026-09-12 14:35:30,USER101915,MERCH200415,217.83,Mobile Recharge,Android,Delhi,14,0,
TXN108241,2026-09-12 14:39:38,USER102109,USER100219,544.55,Food & Dining,Android,Kolkata,14,0,
TXN108242,2026-09-12 14:40:22,USER101117,USER102709,301.85,Grocery,Android,Indore,14,0,
TXN108243,2026-09-12 14:40:45,USER100465,USER102038,611.66,Entertainment,Android,Ahmedabad,14,0,
TXN108244,2026-09-12 14:43:06,USER100703,MERCH200113,765.65,Utility Bills,Android,Chennai,14,0,
TXN108245,2026-09-12 14:46:53,USER100919,MERCH200811,334.62,Mobile Recharge,Android,Mumbai,14,0,
TXN108246,2026-09-12 14:47:16,USER100879,MERCH201258,110.2,Travel,Android,Delhi,14,0,
TXN108247,2026-09-12 14:49:12,USER102758,USER102517,495.85,Utility Bills,iOS,Bengaluru,14,0,
TXN108248,2026-09-12 14:49:56,USER101776,MERCH201387,38953.53,Food & Dining,New Device,Jaipur,14,1,new_device_high
TXN108249,2026-09-12 14:51:21,USER100238,MERCH200522,265.91,Healthcare,Android,Bengaluru,14,0,
TXN108250,2026-09-12 14:51:23,USER102496,MERCH200366,553.43,Grocery,Android,Delhi,14,0,
TXN108251,2026-09-12 14:51:43,USER101667,MERCH200346,375.13,Food & Dining,Android,Ahmedabad,14,0,
TXN108252,2026-09-12 14:52:37,USER100263,MERCH200412,151.1,Grocery,Android,Mumbai,14,0,
TXN108253,2026-09-12 14:53:51,USER102981,USER101232,581.28,Healthcare,Android,Bengaluru,14,0,
TXN108254,2026-09-12 14:53:54,USER101619,USER100486,1466.61,Food & Dining,Android,Bengaluru,14,0,
TXN108255,2026-09-12 14:55:06,USER102563,MERCH200141,39.64,Entertainment,Android,Hyderabad,14,0,
TXN108256,2026-09-12 14:55:10,USER101014,USER100103,44.48,Travel,Android,Bengaluru,14,0,
TXN108257,2026-09-12 14:55:57,USER102925,MERCH200756,413.2,Shopping,Android,Mumbai,14,0,
TXN108258,2026-09-12 14:57:16,USER102608,MERCH200593,466.09,Food & Dining,iOS,Kolkata,14,0,
TXN108259,2026-09-12 15:04:12,USER101121,MERCH200822,249.92,P2P Transfer,Android,Indore,15,0,
TXN108260,2026-09-12 15:05:27,USER102476,USER100950,173.17,Grocery,Android,Patna,15,0,
TXN108261,2026-09-12 15:06:51,USER101811,USER102499,517.71,Healthcare,Android,Delhi,15,0,
TXN108262,2026-09-12 15:09:45,USER101097,USER101201,2587.58,Utility Bills,iOS,Delhi,15,0,
TXN108263,2026-09-12 15:13:33,USER101138,USER101356,405.42,Entertainment,Android,Pune,15,0,
TXN108264,2026-09-12 15:16:23,USER100830,MERCH200995,141.03,Shopping,iOS,Mumbai,15,0,
TXN108265,2026-09-12 15:19:00,USER102217,MERCH200642,6356.11,P2P Transfer,Android,Bengaluru,15,1,velocity_burst
TXN108266,2026-09-12 15:22:50,USER100626,MERCH200867,220.03,Fuel,Android,Jaipur,15,0,
TXN108267,2026-09-12 15:25:37,USER100756,MERCH200599,384.93,Food & Dining,Android,Mumbai,15,0,
TXN108268,2026-09-12 15:26:17,USER100606,MERCH201035,194.42,Travel,Android,Delhi,15,0,
TXN108269,2026-09-12 15:26:24,USER101708,MERCH200192,725.68,Shopping,Android,Bengaluru,15,0,
TXN108270,2026-09-12 15:27:10,USER102803,MERCH200958,73.0,Utility Bills,Android,Delhi,15,0,
TXN108271,2026-09-12 15:28:30,USER100623,MERCH200456,65.98,Travel,Android,Mumbai,15,0,
TXN108272,2026-09-12 15:28:47,USER100068,USER102542,2067.17,Healthcare,iOS,Patna,15,0,
TXN108273,2026-09-12 15:29:15,USER102591,USER101290,163.06,Fuel,Android,Hyderabad,15,0,
TXN108274,2026-09-12 15:29:27,USER100970,MERCH200993,566.56,Entertainment,Android,Kolkata,15,0,
TXN108275,2026-09-12 15:31:09,USER100289,USER101699,195.08,Food & Dining,Android,Chennai,15,0,
TXN108276,2026-09-12 15:32:11,USER101896,USER102694,94.71,P2P Transfer,Android,Mumbai,15,0,
TXN108277,2026-09-12 15:35:20,USER102618,USER102543,610.75,Entertainment,Android,Mumbai,15,0,
TXN108278,2026-09-12 15:35:57,USER101074,MERCH200796,213.74,Food & Dining,Android,Indore,15,0,
TXN108279,2026-09-12 15:37:13,USER100731,USER100588,494.89,Mobile Recharge,Android,Jaipur,15,0,
TXN108280,2026-09-12 15:37:54,USER101409,USER101511,1524.54,Healthcare,Android,Mumbai,15,0,
TXN108281,2026-09-12 15:38:26,USER100000,USER102957,1042.53,Grocery,iOS,Chennai,15,0,
TXN108282,2026-09-12 15:39:44,USER100110,MERCH200189,476.74,Mobile Recharge,Android,Kolkata,15,0,
TXN108283,2026-09-12 15:40:36,USER102161,USER100705,113.36,Grocery,Android,Pune,15,0,
TXN108284,2026-09-12 15:40:39,USER101187,USER100041,170.92,Travel,Android,Mumbai,15,0,
TXN108285,2026-09-12 15:40:50,USER101000,MERCH200545,206.03,Entertainment,Android,Kolkata,15,0,
TXN108286,2026-09-12 15:41:01,USER101186,USER100394,210.03,Utility Bills,Android,Lucknow,15,0,
TXN108287,2026-09-12 15:42:07,USER100218,MERCH200798,482.9,Entertainment,Android,Bengaluru,15,0,
TXN108288,2026-09-12 15:43:18,USER100950,USER101729,1311.26,Entertainment,Android,Pune,15,0,
TXN108289,2026-09-12 15:44:16,USER101885,USER102882,1492.73,Utility Bills,Android,Pune,15,0,
TXN108290,2026-09-12 15:44:35,USER100635,USER102766,1439.62,Travel,Android,Lucknow,15,0,
TXN108291,2026-09-12 15:44:48,USER101138,MERCH200757,231.82,Travel,iOS,Bengaluru,15,0,
TXN108292,2026-09-12 15:46:51,USER101442,USER100935,181.26,Shopping,Android,Mumbai,15,0,
TXN108293,2026-09-12 15:52:17,USER100500,USER101502,3437.87,Utility Bills,Android,Ahmedabad,15,0,
TXN108294,2026-09-12 15:53:21,USER101726,USER100072,341.69,Travel,Android,Hyderabad,15,0,
TXN108295,2026-09-12 15:54:00,USER102393,USER101359,1194.37,Food & Dining,Android,Hyderabad,15,0,
TXN108296,2026-09-12 15:56:06,USER102342,USER100798,536.78,Food & Dining,Android,Patna,15,0,
TXN108297,2026-09-12 15:59:08,USER100072,MERCH200773,2526.24,Food & Dining,iOS,Mumbai,15,0,
TXN108298,2026-09-12 15:59:52,USER100000,MERCH201172,505.58,Entertainment,Android,Mumbai,15,0,
TXN108299,2026-09-12 16:00:09,USER101928,USER101048,443.21,Fuel,Android,Delhi,16,0,
TXN108300,2026-09-12 16:01:41,USER100088,USER102138,2292.19,P2P Transfer,Android,Mumbai,16,0,
TXN108301,2026-09-12 16:03:47,USER101780,MERCH200996,913.93,Mobile Recharge,Android,Indore,16,0,
TXN108302,2026-09-12 16:03:57,USER102044,MERCH200525,457.05,Utility Bills,Android,Bengaluru,16,0,
TXN108303,2026-09-12 16:06:15,USER100166,USER101667,190.9,P2P Transfer,Android,Chennai,16,0,
TXN108304,2026-09-12 16:07:55,USER100221,USER100931,41.45,Healthcare,Android,Chennai,16,0,
TXN108305,2026-09-12 16:11:07,USER101676,MERCH200082,308.25,Food & Dining,iOS,Chennai,16,0,
TXN108306,2026-09-12 16:11:11,USER100315,MERCH200165,136.8,Healthcare,Android,Delhi,16,0,
TXN108307,2026-09-12 16:12:12,USER101278,MERCH200328,408.28,Fuel,iOS,Jaipur,16,0,
TXN108308,2026-09-12 16:14:48,USER100460,MERCH200828,68.81,Healthcare,Android,Bengaluru,16,0,
TXN108309,2026-09-12 16:14:48,USER100567,USER102332,383.64,Food & Dining,Android,Jaipur,16,0,
TXN108310,2026-09-12 16:15:26,USER101032,USER101027,881.94,Utility Bills,Android,Hyderabad,16,0,
TXN108311,2026-09-12 16:15:35,USER102064,USER100523,1530.78,Entertainment,Android,Chennai,16,0,
TXN108312,2026-09-12 16:19:29,USER102134,USER101294,625.49,Healthcare,Android,Kolkata,16,0,
TXN108313,2026-09-12 16:20:00,USER102214,USER100803,898.5,P2P Transfer,Android,Mumbai,16,1,velocity_burst
TXN108314,2026-09-12 16:20:18,USER102084,USER100230,761.27,Travel,Android,Delhi,16,0,
TXN108315,2026-09-12 16:22:13,USER100287,USER100852,197.37,Shopping,Android,Jaipur,16,0,
TXN108316,2026-09-12 16:23:27,USER100039,USER102982,61.82,Entertainment,Android,Chennai,16,0,
TXN108317,2026-09-12 16:24:16,USER101822,MERCH201412,2841.59,Utility Bills,Android,Hyderabad,16,0,
TXN108318,2026-09-12 16:24:37,USER100760,MERCH200467,428.12,P2P Transfer,Android,Kolkata,16,0,
TXN108319,2026-09-12 16:25:30,USER102828,USER101857,443.95,Entertainment,Android,Hyderabad,16,0,
TXN108320,2026-09-12 16:26:24,USER100548,USER101920,622.99,Mobile Recharge,Android,Delhi,16,0,
TXN108321,2026-09-12 16:26:25,USER101663,MERCH200716,122.77,Mobile Recharge,iOS,Bengaluru,16,0,
TXN108322,2026-09-12 16:26:57,USER100168,USER100994,1079.82,Mobile Recharge,iOS,Chennai,16,0,
TXN108323,2026-09-12 16:27:52,USER102880,USER102920,462.36,Healthcare,Android,Hyderabad,16,0,
TXN108324,2026-09-12 16:27:54,USER100636,MERCH200279,68.89,Grocery,Android,Pune,16,0,
TXN108325,2026-09-12 16:29:17,USER102776,USER101007,163.54,Mobile Recharge,Android,Chennai,16,0,
TXN108326,2026-09-12 16:30:48,USER102921,MERCH200408,267.66,Grocery,Android,Jaipur,16,0,
TXN108327,2026-09-12 16:34:21,USER101737,USER101356,783.09,Mobile Recharge,Android,Ahmedabad,16,0,
TXN108328,2026-09-12 16:35:30,USER100973,USER101945,45.39,P2P Transfer,iOS,Indore,16,0,
TXN108329,2026-09-12 16:38:14,USER100082,USER101295,76.89,Food & Dining,Android,Ahmedabad,16,0,
TXN108330,2026-09-12 16:40:20,USER100371,USER102966,439.62,Entertainment,Android,Delhi,16,0,
TXN108331,2026-09-12 16:40:44,USER101098,USER101076,1049.79,Entertainment,Android,Bengaluru,16,0,
TXN108332,2026-09-12 16:41:37,USER101452,USER101826,96.1,Food & Dining,Android,Mumbai,16,0,
TXN108333,2026-09-12 16:45:09,USER101719,MERCH201221,1370.12,Grocery,Android,Delhi,16,0,
TXN108334,2026-09-12 16:45:28,USER101022,USER100937,858.26,Grocery,Android,Hyderabad,16,0,
TXN108335,2026-09-12 16:45:34,USER102955,USER100427,570.48,Food & Dining,Android,Chennai,16,0,
TXN108336,2026-09-12 16:45:52,USER101810,USER100865,71.79,Entertainment,Android,Chennai,16,0,
TXN108337,2026-09-12 16:46:28,USER102277,USER102969,618.41,Food & Dining,Android,Bengaluru,16,0,
TXN108338,2026-09-12 16:47:26,USER101843,USER101498,306.85,Travel,iOS,Pune,16,0,
TXN108339,2026-09-12 16:47:50,USER101246,USER102939,492.7,Travel,Android,Delhi,16,0,
TXN108340,2026-09-12 16:51:42,USER102123,USER100007,1473.46,Fuel,Android,Jaipur,16,0,
TXN108341,2026-09-12 16:53:23,USER101094,USER102475,243.28,Fuel,Android,Pune,16,0,
TXN108342,2026-09-12 16:54:32,USER100947,MERCH200013,111.16,Entertainment,iOS,Jaipur,16,0,
TXN108343,2026-09-12 16:54:34,USER100791,USER101615,178.64,Grocery,Android,Bengaluru,16,0,
TXN108344,2026-09-12 16:55:14,USER101299,USER102924,306.32,Healthcare,Android,Bengaluru,16,0,
TXN108345,2026-09-12 16:57:46,USER100805,MERCH200528,76.99,Shopping,Android,Chennai,16,0,
TXN108346,2026-09-12 17:00:43,USER100950,USER101715,406.32,Entertainment,Android,Pune,17,0,
TXN108347,2026-09-12 17:00:49,USER101162,MERCH201401,458.84,Food & Dining,iOS,Pune,17,0,
TXN108348,2026-09-12 17:01:26,USER100642,MERCH200872,259.82,Mobile Recharge,iOS,Lucknow,17,0,
TXN108349,2026-09-12 17:01:58,USER100562,USER102150,386.99,Mobile Recharge,Android,Mumbai,17,0,
TXN108350,2026-09-12 17:04:11,USER102593,MERCH200169,491.34,P2P Transfer,iOS,Hyderabad,17,0,
TXN108351,2026-09-12 17:04:23,USER100315,USER102130,1709.21,Shopping,Android,Hyderabad,17,0,
TXN108352,2026-09-12 17:06:01,USER102604,USER102790,153.43,Grocery,Android,Chennai,17,0,
TXN108353,2026-09-12 17:06:50,USER102294,USER101742,498.8,Entertainment,iOS,Hyderabad,17,0,
TXN108354,2026-09-12 17:07:53,USER101946,USER101891,1430.75,Entertainment,Android,Bengaluru,17,0,
TXN108355,2026-09-12 17:09:01,USER102040,USER100768,1112.84,Utility Bills,Android,Kolkata,17,0,
TXN108356,2026-09-12 17:10:20,USER102398,USER102949,133.04,Entertainment,Android,Hyderabad,17,0,
TXN108357,2026-09-12 17:11:21,USER100521,USER102479,68.35,Shopping,Android,Lucknow,17,0,
TXN108358,2026-09-12 17:16:07,USER102451,USER100855,998.99,Mobile Recharge,Android,Hyderabad,17,0,
TXN108359,2026-09-12 17:17:27,USER100202,USER102242,150.17,Fuel,Android,Kolkata,17,0,
TXN108360,2026-09-12 17:20:46,USER102486,USER102783,269.7,Healthcare,Android,Hyderabad,17,0,
TXN108361,2026-09-12 17:23:07,USER101246,MERCH201307,133.45,Food & Dining,iOS,Lucknow,17,0,
TXN108362,2026-09-12 17:23:33,USER102111,MERCH200737,1826.58,Grocery,Android,Ahmedabad,17,0,
TXN108363,2026-09-12 17:24:20,USER102008,MERCH200302,214.98,Shopping,Android,Jaipur,17,0,
TXN108364,2026-09-12 17:27:00,USER100415,USER100737,806.07,Mobile Recharge,Android,Hyderabad,17,0,
TXN108365,2026-09-12 17:28:09,USER101349,USER100461,220.84,Fuel,Android,Mumbai,17,0,
TXN108366,2026-09-12 17:31:36,USER100923,USER102337,531.57,Utility Bills,iOS,Chennai,17,0,
TXN108367,2026-09-12 17:32:42,USER100111,MERCH200699,92.68,Fuel,Android,Pune,17,0,
TXN108368,2026-09-12 17:35:12,USER101985,USER100326,413.24,Fuel,Android,Hyderabad,17,0,
TXN108369,2026-09-12 17:35:36,USER102112,MERCH200920,341.62,Entertainment,Android,Chennai,17,0,
TXN108370,2026-09-12 17:36:53,USER100261,USER101412,1484.39,Utility Bills,Android,Jaipur,17,0,
TXN108371,2026-09-12 17:37:14,USER100866,USER101465,255.97,Grocery,Android,Pune,17,0,
TXN108372,2026-09-12 17:37:15,USER101058,USER102500,191.41,Shopping,Android,Hyderabad,17,0,
TXN108373,2026-09-12 17:40:14,USER100025,MERCH200245,177.73,Healthcare,Android,Pune,17,0,
TXN108374,2026-09-12 17:40:23,USER100072,USER102577,246.42,Fuel,Android,Delhi,17,0,
TXN108375,2026-09-12 17:41:47,USER102574,USER101569,1108.34,Utility Bills,Android,Patna,17,0,
TXN108376,2026-09-12 17:41:50,USER100838,USER101363,112.46,Grocery,Android,Patna,17,0,
TXN108377,2026-09-12 17:42:03,USER101232,USER102039,4744.3,Entertainment,Android,Ahmedabad,17,0,
TXN108378,2026-09-12 17:42:51,USER101486,USER100275,734.14,Healthcare,Android,Delhi,17,0,
TXN108379,2026-09-12 17:43:22,USER100904,MERCH200914,1154.66,P2P Transfer,iOS,Bengaluru,17,0,
TXN108380,2026-09-12 17:45:44,USER100588,MERCH200962,1123.12,Shopping,Android,Mumbai,17,0,
TXN108381,2026-09-12 17:49:23,USER100506,MERCH200555,485.87,Mobile Recharge,Android,Hyderabad,17,0,
TXN108382,2026-09-12 17:49:50,USER100676,USER100358,235.51,Healthcare,Android,Bengaluru,17,0,
TXN108383,2026-09-12 17:50:24,USER100170,USER102024,379.92,Food & Dining,Android,Pune,17,0,
TXN108384,2026-09-12 17:50:53,USER101894,MERCH200439,2428.57,Fuel,Android,Kolkata,17,0,
TXN108385,2026-09-12 17:51:28,USER102935,MERCH201006,880.91,Grocery,iOS,Bengaluru,17,0,
TXN108386,2026-09-12 17:54:03,USER102124,USER100045,1059.67,Fuel,Android,Chennai,17,0,
TXN108387,2026-09-12 17:54:52,USER101225,USER102398,525.51,Travel,Android,Delhi,17,0,
TXN108388,2026-09-12 17:57:15,USER101431,MERCH200340,481.21,Grocery,Android,Pune,17,0,
TXN108389,2026-09-12 17:58:01,USER100876,USER100860,571.62,Mobile Recharge,Android,Bengaluru,17,0,
TXN108390,2026-09-12 17:58:33,USER100338,USER102794,546.91,Entertainment,Android,Mumbai,17,0,
TXN108391,2026-09-12 17:59:53,USER100882,MERCH200644,133.04,Healthcare,Android,Mumbai,17,0,
TXN108392,2026-09-12 18:02:50,USER100233,USER100273,337.28,Utility Bills,iOS,Chennai,18,0,
TXN108393,2026-09-12 18:03:49,USER102447,USER102291,545.48,Fuel,Android,Hyderabad,18,0,
TXN108394,2026-09-12 18:08:03,USER100186,USER100050,167.29,Travel,Android,Pune,18,0,
TXN108395,2026-09-12 18:09:24,USER100863,USER102138,622.48,Utility Bills,iOS,Bengaluru,18,0,
TXN108396,2026-09-12 18:10:13,USER100481,USER101574,296.18,Utility Bills,Android,Ahmedabad,18,0,
TXN108397,2026-09-12 18:10:32,USER100933,USER101106,778.45,Grocery,Android,Jaipur,18,0,
TXN108398,2026-09-12 18:11:09,USER101599,USER100803,52.22,Shopping,Android,Mumbai,18,0,
TXN108399,2026-09-12 18:13:37,USER102526,MERCH200362,382.47,Food & Dining,Android,Ahmedabad,18,0,
TXN108400,2026-09-12 18:13:56,USER102364,MERCH200359,915.31,Utility Bills,Android,Indore,18,0,
TXN108401,2026-09-12 18:17:36,USER101738,MERCH200426,1266.26,Utility Bills,Android,Ahmedabad,18,0,
TXN108402,2026-09-12 18:19:50,USER102090,USER102284,343.97,Food & Dining,Android,Hyderabad,18,0,
TXN108403,2026-09-12 18:20:49,USER102554,USER101374,109.97,Travel,Android,Mumbai,18,0,
TXN108404,2026-09-12 18:23:31,USER101074,USER100070,290.5,P2P Transfer,Android,Bengaluru,18,0,
TXN108405,2026-09-12 18:24:02,USER101214,USER101371,157.55,Food & Dining,iOS,Kolkata,18,0,
TXN108406,2026-09-12 18:28:55,USER100406,USER100189,451.17,Grocery,iOS,Pune,18,0,
TXN108407,2026-09-12 18:32:45,USER101330,USER101344,640.71,Food & Dining,Android,Delhi,18,0,
TXN108408,2026-09-12 18:33:25,USER101156,USER101629,189.15,Travel,Android,Mumbai,18,0,
TXN108409,2026-09-12 18:35:56,USER100653,MERCH200350,104.37,Travel,iOS,Delhi,18,0,
TXN108410,2026-09-12 18:37:05,USER102916,MERCH201213,2199.46,Utility Bills,Android,Kolkata,18,0,
TXN108411,2026-09-12 18:37:58,USER101729,MERCH200609,677.32,Fuel,Android,Chennai,18,0,
TXN108412,2026-09-12 18:39:05,USER100268,USER102011,131.44,Mobile Recharge,Android,Hyderabad,18,0,
TXN108413,2026-09-12 18:39:51,USER101538,USER102892,348.19,Shopping,Android,Bengaluru,18,0,
TXN108414,2026-09-12 18:44:58,USER101939,USER102022,5590.33,P2P Transfer,Android,Delhi,18,0,
TXN108415,2026-09-12 18:46:51,USER102213,USER101519,151.94,Shopping,iOS,Chennai,18,0,
TXN108416,2026-09-12 18:47:09,USER100113,USER100482,598.74,Travel,Android,Ahmedabad,18,0,
TXN108417,2026-09-12 18:49:29,USER100198,USER101315,282.32,Food & Dining,Android,Mumbai,18,0,
TXN108418,2026-09-12 18:50:04,USER100822,USER100982,397.92,Utility Bills,Android,Mumbai,18,0,
TXN108419,2026-09-12 18:58:16,USER100045,USER100218,132.31,Fuel,iOS,Ahmedabad,18,0,
TXN108420,2026-09-12 18:59:58,USER100153,MERCH200076,890.99,Food & Dining,Android,Mumbai,18,0,
TXN108421,2026-09-12 19:01:34,USER100860,USER102932,1108.53,Fuel,Android,Chennai,19,0,
TXN108422,2026-09-12 19:01:37,USER101099,USER101572,268.12,Fuel,Android,Mumbai,19,0,
TXN108423,2026-09-12 19:02:39,USER102983,USER102456,4944.91,Mobile Recharge,Android,Mumbai,19,0,
TXN108424,2026-09-12 19:02:43,USER102459,MERCH201285,396.1,Entertainment,Android,Ahmedabad,19,0,
TXN108425,2026-09-12 19:03:14,USER101146,MERCH200787,350.47,P2P Transfer,iOS,Bengaluru,19,0,
TXN108426,2026-09-12 19:05:17,USER102158,USER101021,300.07,Entertainment,Android,Bengaluru,19,0,
TXN108427,2026-09-12 19:05:26,USER100573,MERCH201137,313.32,Food & Dining,Android,Chennai,19,0,
TXN108428,2026-09-12 19:06:06,USER102887,MERCH200054,206.97,Mobile Recharge,Android,Delhi,19,0,
TXN108429,2026-09-12 19:08:05,USER100698,MERCH200293,313.85,Food & Dining,Android,Delhi,19,0,
TXN108430,2026-09-12 19:09:12,USER100071,MERCH200373,115.99,Grocery,Android,Patna,19,0,
TXN108431,2026-09-12 19:09:34,USER102061,MERCH201208,248.45,Food & Dining,Android,Bengaluru,19,0,
TXN108432,2026-09-12 19:09:51,USER101867,MERCH200668,54.53,Entertainment,Android,Delhi,19,0,
TXN108433,2026-09-12 19:11:27,USER101959,USER100425,86.48,Utility Bills,Android,Delhi,19,0,
TXN108434,2026-09-12 19:11:42,USER100084,USER102923,570.91,P2P Transfer,iOS,Mumbai,19,0,
TXN108435,2026-09-12 19:12:16,USER101206,MERCH200820,546.8,Mobile Recharge,Android,Bengaluru,19,0,
TXN108436,2026-09-12 19:12:28,USER102807,USER100035,472.05,P2P Transfer,Android,Lucknow,19,0,
TXN108437,2026-09-12 19:12:59,USER102005,MERCH201175,499.95,Utility Bills,iOS,Delhi,19,0,
TXN108438,2026-09-12 19:16:08,USER100319,USER102038,104.23,Entertainment,iOS,Chennai,19,0,
TXN108439,2026-09-12 19:16:44,USER102463,USER101694,1063.87,Food & Dining,Android,Delhi,19,0,
TXN108440,2026-09-12 19:17:20,USER102618,MERCH200832,244.86,Entertainment,Android,Bengaluru,19,0,
TXN108441,2026-09-12 19:17:43,USER102040,MERCH200796,124.61,Entertainment,Android,Chennai,19,0,
TXN108442,2026-09-12 19:17:49,USER101596,USER102255,453.26,Grocery,iOS,Ahmedabad,19,0,
TXN108443,2026-09-12 19:24:38,USER100486,USER101172,251.02,Mobile Recharge,Android,Chennai,19,0,
TXN108444,2026-09-12 19:27:47,USER100187,MERCH200708,1470.89,Food & Dining,Android,Pune,19,0,
TXN108445,2026-09-12 19:29:49,USER101004,USER100366,292.15,Grocery,Android,Hyderabad,19,0,
TXN108446,2026-09-12 19:30:07,USER100907,MERCH200800,423.75,Grocery,Android,Chennai,19,0,
TXN108447,2026-09-12 19:32:38,USER102928,USER101299,71.57,Shopping,Android,Delhi,19,0,
TXN108448,2026-09-12 19:32:43,USER101785,MERCH200429,116.9,Shopping,Android,Bengaluru,19,0,
TXN108449,2026-09-12 19:33:41,USER101820,USER102113,1933.4,P2P Transfer,Android,Mumbai,19,0,
TXN108450,2026-09-12 19:34:15,USER101564,USER102585,244.75,Grocery,Android,Mumbai,19,0,
TXN108451,2026-09-12 19:36:22,USER101717,USER101601,61.69,Grocery,Android,Kolkata,19,0,
TXN108452,2026-09-12 19:36:39,USER101224,USER101267,68.41,Fuel,Android,Hyderabad,19,0,
TXN108453,2026-09-12 19:37:56,USER100546,USER100532,540.56,Shopping,Android,Delhi,19,0,
TXN108454,2026-09-12 19:39:41,USER101935,MERCH201192,294.02,Utility Bills,iOS,Bengaluru,19,0,
TXN108455,2026-09-12 19:39:54,USER101999,MERCH201058,89.07,Travel,Android,Hyderabad,19,0,
TXN108456,2026-09-12 19:41:29,USER100980,USER102573,179.96,Fuel,Android,Mumbai,19,0,
TXN108457,2026-09-12 19:42:47,USER100432,USER102300,231.87,Travel,iOS,Mumbai,19,0,
TXN108458,2026-09-12 19:44:23,USER100680,USER100510,1909.93,Fuel,Android,Delhi,19,0,
TXN108459,2026-09-12 19:45:06,USER102624,USER101367,460.53,Healthcare,Android,Jaipur,19,0,
TXN108460,2026-09-12 19:45:46,USER100539,USER102422,655.79,Travel,Android,Bengaluru,19,0,
TXN108461,2026-09-12 19:46:17,USER101686,USER100556,878.54,Shopping,Android,Jaipur,19,0,
TXN108462,2026-09-12 19:47:23,USER101828,MERCH200600,131.37,P2P Transfer,Android,Bengaluru,19,0,
TXN108463,2026-09-12 19:50:11,USER101925,USER102649,200.16,Healthcare,Android,Chennai,19,0,
TXN108464,2026-09-12 19:50:52,USER100627,USER100043,118.79,Fuel,Android,Pune,19,0,
TXN108465,2026-09-12 19:54:01,USER100648,MERCH201274,122.94,Utility Bills,iOS,Hyderabad,19,0,
TXN108466,2026-09-12 19:55:39,USER101642,USER101371,801.2,Grocery,Android,Chennai,19,0,
TXN108467,2026-09-12 19:59:20,USER100687,MERCH201404,71810.02,Shopping,New Device,Hyderabad,19,1,new_device_high
TXN108468,2026-09-12 20:04:23,USER100204,USER100965,161.38,Utility Bills,Android,Kolkata,20,0,
TXN108469,2026-09-12 20:08:04,USER101499,USER101993,121.76,Shopping,Android,Jaipur,20,0,
TXN108470,2026-09-12 20:10:36,USER102286,MERCH201314,1208.78,Entertainment,iOS,Mumbai,20,0,
TXN108471,2026-09-12 20:11:32,USER102180,USER100240,120.03,P2P Transfer,Android,Bengaluru,20,0,
TXN108472,2026-09-12 20:11:32,USER101823,USER100861,340.99,Healthcare,Android,Pune,20,0,
TXN108473,2026-09-12 20:12:40,USER102196,MERCH201012,161.45,Entertainment,Android,Chennai,20,0,
TXN108474,2026-09-12 20:20:57,USER102834,USER100479,307.39,Mobile Recharge,Android,Bengaluru,20,0,
TXN108475,2026-09-12 20:21:10,USER101345,USER102740,371.64,P2P Transfer,iOS,Chennai,20,0,
TXN108476,2026-09-12 20:24:30,USER100434,USER102690,330.87,Mobile Recharge,Android,Patna,20,0,
TXN108477,2026-09-12 20:28:01,USER101581,MERCH200318,246.44,Utility Bills,Android,Mumbai,20,0,
TXN108478,2026-09-12 20:28:26,USER100254,USER100174,171.74,Entertainment,Android,Chennai,20,0,
TXN108479,2026-09-12 20:28:44,USER102017,USER102496,59.5,Food & Dining,Android,Ahmedabad,20,0,
TXN108480,2026-09-12 20:29:15,USER102402,USER101332,624.87,Grocery,Android,Delhi,20,0,
TXN108481,2026-09-12 20:29:16,USER102964,USER101695,25000.0,Healthcare,Android,Delhi,20,1,round_number
TXN108482,2026-09-12 20:29:17,USER101857,MERCH200163,912.58,P2P Transfer,Android,Pune,20,0,
TXN108483,2026-09-12 20:31:36,USER101889,USER100235,468.51,Food & Dining,iOS,Mumbai,20,0,
TXN108484,2026-09-12 20:34:58,USER102815,USER101909,695.84,Travel,Android,Chennai,20,0,
TXN108485,2026-09-12 20:36:19,USER100196,USER102957,181.39,Healthcare,Android,Mumbai,20,0,
TXN108486,2026-09-12 20:37:49,USER102563,USER102702,152.67,Healthcare,iOS,Pune,20,0,
TXN108487,2026-09-12 20:46:15,USER100052,USER100899,2330.5,Utility Bills,Android,Hyderabad,20,0,
TXN108488,2026-09-12 20:46:44,USER100497,USER101040,436.73,P2P Transfer,iOS,Pune,20,0,
TXN108489,2026-09-12 20:47:23,USER100539,USER101239,1501.29,Utility Bills,Android,Jaipur,20,0,
TXN108490,2026-09-12 20:47:42,USER102779,USER102792,222.89,Grocery,iOS,Mumbai,20,0,
TXN108491,2026-09-12 20:47:54,USER100320,MERCH200264,280.32,Food & Dining,Android,Bengaluru,20,0,
TXN108492,2026-09-12 20:48:50,USER100360,USER100529,40.06,Travel,Android,Mumbai,20,0,
TXN108493,2026-09-12 20:49:25,USER102546,MERCH200175,797.06,Fuel,iOS,Hyderabad,20,0,
TXN108494,2026-09-12 20:49:51,USER101696,USER102162,127.61,Travel,Android,Kolkata,20,0,
TXN108495,2026-09-12 20:51:28,USER101631,MERCH201073,95.05,Entertainment,iOS,Bengaluru,20,0,
TXN108496,2026-09-12 20:51:45,USER102997,USER102016,1581.16,Food & Dining,Android,Lucknow,20,0,
TXN108497,2026-09-12 20:55:36,USER100068,USER102593,58.09,P2P Transfer,Android,Kolkata,20,0,
TXN108498,2026-09-12 20:56:47,USER102653,MERCH200387,98.5,Shopping,Android,Mumbai,20,0,
TXN108499,2026-09-12 21:00:07,USER100691,USER102764,419.33,P2P Transfer,Android,Lucknow,21,0,
TXN108500,2026-09-12 21:01:14,USER101187,USER101249,1061.22,Healthcare,Android,Hyderabad,21,0,
TXN108501,2026-09-12 21:07:32,USER100007,USER100085,646.13,Entertainment,iOS,Hyderabad,21,0,
TXN108502,2026-09-12 21:08:25,USER100622,MERCH200456,376.52,Fuel,iOS,Bengaluru,21,0,
TXN108503,2026-09-12 21:10:54,USER100321,USER100076,96.24,Entertainment,Android,Delhi,21,0,
TXN108504,2026-09-12 21:12:36,USER100065,USER102906,89.16,Mobile Recharge,Android,Pune,21,0,
TXN108505,2026-09-12 21:14:53,USER100416,USER101319,149.59,Grocery,iOS,Indore,21,0,
TXN108506,2026-09-12 21:15:19,USER102520,MERCH200976,75.72,Mobile Recharge,iOS,Jaipur,21,0,
TXN108507,2026-09-12 21:15:32,USER101980,USER102927,557.27,Healthcare,Android,Delhi,21,0,
TXN108508,2026-09-12 21:20:07,USER101780,USER102097,431.83,Food & Dining,Android,Delhi,21,0,
TXN108509,2026-09-12 21:21:07,USER102707,USER101417,39.94,Grocery,Android,Chennai,21,0,
TXN108510,2026-09-12 21:25:03,USER102896,USER102609,398.07,Healthcare,Android,Chennai,21,0,
TXN108511,2026-09-12 21:25:03,USER102190,USER102814,371.1,Utility Bills,Android,Delhi,21,0,
TXN108512,2026-09-12 21:25:06,USER100411,MERCH200856,684.16,Mobile Recharge,Android,Mumbai,21,0,
TXN108513,2026-09-12 21:29:52,USER102769,MERCH200633,261.92,P2P Transfer,iOS,Mumbai,21,0,
TXN108514,2026-09-12 21:29:56,USER102688,MERCH201159,1086.48,P2P Transfer,Android,Mumbai,21,0,
TXN108515,2026-09-12 21:30:03,USER100248,MERCH201430,75.94,Entertainment,iOS,Jaipur,21,0,
TXN108516,2026-09-12 21:31:40,USER100826,USER102522,891.01,Fuel,Android,Delhi,21,0,
TXN108517,2026-09-12 21:32:10,USER102940,USER100253,1076.03,Utility Bills,iOS,Chennai,21,0,
TXN108518,2026-09-12 21:32:29,USER100647,USER100828,84.71,Entertainment,Android,Chennai,21,0,
TXN108519,2026-09-12 21:33:57,USER100609,USER100398,474.15,Shopping,Android,Mumbai,21,0,
TXN108520,2026-09-12 21:35:13,USER100385,USER102393,2465.5,Fuel,iOS,Chennai,21,0,
TXN108521,2026-09-12 21:38:15,USER101578,MERCH200484,232.47,Travel,Android,Hyderabad,21,0,
TXN108522,2026-09-12 21:38:18,USER101809,USER101476,987.86,Grocery,Android,Delhi,21,0,
TXN108523,2026-09-12 21:39:50,USER100561,MERCH200201,309.2,Utility Bills,Android,Chennai,21,0,
TXN108524,2026-09-12 21:42:46,USER102801,USER101643,22.26,P2P Transfer,Android,Hyderabad,21,0,
TXN108525,2026-09-12 21:43:33,USER100620,USER102976,333.01,Food & Dining,Android,Mumbai,21,0,
TXN108526,2026-09-12 21:45:11,USER101109,USER101350,175.01,P2P Transfer,Android,Hyderabad,21,0,
TXN108527,2026-09-12 21:45:25,USER101251,USER101523,144.96,Shopping,Android,Bengaluru,21,0,
TXN108528,2026-09-12 21:49:40,USER100797,USER100878,1375.34,Travel,Android,Ahmedabad,21,0,
TXN108529,2026-09-12 21:50:06,USER102121,USER100892,378.93,Entertainment,Android,Jaipur,21,0,
TXN108530,2026-09-12 21:51:24,USER101856,USER102675,958.17,Grocery,Android,Mumbai,21,0,
TXN108531,2026-09-12 21:53:27,USER100789,USER101415,740.39,P2P Transfer,iOS,Mumbai,21,0,
TXN108532,2026-09-12 21:55:20,USER101329,USER101088,209.93,Healthcare,Android,Jaipur,21,0,
TXN108533,2026-09-12 21:55:56,USER102237,USER100887,187.19,Utility Bills,Android,Hyderabad,21,0,
TXN108534,2026-09-12 21:59:57,USER101161,MERCH200363,334.39,Mobile Recharge,Android,Hyderabad,21,0,
TXN108535,2026-09-12 22:00:41,USER100018,USER102146,102.08,Food & Dining,Android,Hyderabad,22,0,
TXN108536,2026-09-12 22:04:03,USER102937,USER100946,492.95,P2P Transfer,Android,Jaipur,22,0,
TXN108537,2026-09-12 22:06:57,USER100629,MERCH201295,286.55,Healthcare,Android,Mumbai,22,0,
TXN108538,2026-09-12 22:15:44,USER101865,USER102245,748.0,Shopping,iOS,Delhi,22,0,
TXN108539,2026-09-12 22:17:05,USER100662,MERCH200257,67.15,Food & Dining,Android,Pune,22,0,
TXN108540,2026-09-12 22:20:47,USER102129,USER100897,140.3,Mobile Recharge,Android,Mumbai,22,0,
TXN108541,2026-09-12 22:21:54,USER101946,MERCH201105,541.07,Entertainment,Android,Mumbai,22,0,
TXN108542,2026-09-12 22:22:52,USER102036,USER100807,453.71,Mobile Recharge,iOS,Patna,22,0,
TXN108543,2026-09-12 22:26:36,USER101517,MERCH201122,162.15,Entertainment,iOS,Kolkata,22,0,
TXN108544,2026-09-12 22:27:10,USER102893,USER101711,1308.8,Utility Bills,Android,Hyderabad,22,0,
TXN108545,2026-09-12 22:27:57,USER101477,USER100927,231.67,P2P Transfer,Android,Kolkata,22,0,
TXN108546,2026-09-12 22:31:41,USER102758,MERCH201099,339.32,Healthcare,Android,Chennai,22,0,
TXN108547,2026-09-12 22:40:15,USER100588,USER101431,204.57,Fuel,iOS,Delhi,22,0,
TXN108548,2026-09-12 22:42:36,USER101949,USER101599,337.5,P2P Transfer,Android,Mumbai,22,0,
TXN108549,2026-09-12 22:43:27,USER101454,USER100863,1148.03,Shopping,Android,Bengaluru,22,0,
TXN108550,2026-09-12 22:45:12,USER101235,USER101577,330.37,P2P Transfer,Android,Jaipur,22,0,
TXN108551,2026-09-12 22:47:30,USER102517,MERCH200687,619.91,P2P Transfer,Android,Jaipur,22,0,
TXN108552,2026-09-12 22:56:38,USER100619,USER101224,419.04,Healthcare,Android,Jaipur,22,0,
TXN108553,2026-09-12 22:56:47,USER102574,USER102661,96.72,Entertainment,Android,Kolkata,22,0,
TXN108554,2026-09-12 22:59:37,USER101611,USER102333,408.25,P2P Transfer,Android,Mumbai,22,0,
TXN108555,2026-09-12 23:05:04,USER102487,USER102756,134.89,Entertainment,Android,Hyderabad,23,0,
TXN108556,2026-09-12 23:14:27,USER101126,USER100495,83.63,Mobile Recharge,Android,Ahmedabad,23,0,
TXN108557,2026-09-12 23:21:36,USER100761,USER101610,182.08,Utility Bills,Android,Ahmedabad,23,0,
TXN108558,2026-09-12 23:26:43,USER101416,USER102238,732.02,Utility Bills,Android,Indore,23,0,
TXN108559,2026-09-12 23:28:00,USER101882,MERCH201494,7973.59,P2P Transfer,Android,Bengaluru,23,1,velocity_burst
TXN108560,2026-09-12 23:32:38,USER102550,USER101792,287.1,Entertainment,Android,Delhi,23,0,
TXN108561,2026-09-12 23:32:51,USER100391,USER101544,287.69,Utility Bills,iOS,Delhi,23,0,
TXN108562,2026-09-12 23:46:31,USER101461,USER102985,35.38,Fuel,Android,Bengaluru,23,0,
TXN108563,2026-09-13 00:30:00,USER101814,MERCH200959,17766.2,Fuel,Android,Hyderabad,0,1,odd_hour_high_amount
TXN108564,2026-09-13 00:32:20,USER101747,MERCH201101,437.89,Entertainment,iOS,Chennai,0,0,
TXN108565,2026-09-13 01:09:15,USER101997,MERCH200697,36.8,Utility Bills,Android,Chennai,1,0,
TXN108566,2026-09-13 01:14:00,USER102315,MERCH201166,28526.63,Healthcare,Android,Bengaluru,1,1,odd_hour_high_amount
TXN108567,2026-09-13 02:08:59,USER100413,USER102626,257.99,Fuel,iOS,Delhi,2,0,
TXN108568,2026-09-13 03:19:00,USER102148,USER102929,25970.61,Grocery,Android,Kolkata,3,1,odd_hour_high_amount
TXN108569,2026-09-13 03:27:24,USER100695,USER100047,283.84,Shopping,Android,Hyderabad,3,0,
TXN108570,2026-09-13 04:05:00,USER102999,USER100529,57855.37,Mobile Recharge,iOS,Pune,4,1,odd_hour_high_amount
TXN108571,2026-09-13 04:47:00,USER101030,USER100505,10023.03,P2P Transfer,Android,Mumbai,4,1,odd_hour_high_amount
TXN108572,2026-09-13 04:59:00,USER102437,USER101295,42328.53,Mobile Recharge,Android,Bengaluru,4,1,odd_hour_high_amount
TXN108573,2026-09-13 05:18:04,USER101417,MERCH200087,635.11,Grocery,Android,Ahmedabad,5,0,
TXN108574,2026-09-13 05:26:35,USER102720,MERCH200381,477.19,Entertainment,Android,Pune,5,0,
TXN108575,2026-09-13 05:26:54,USER102701,USER102747,329.43,Fuel,iOS,Hyderabad,5,0,
TXN108576,2026-09-13 06:32:24,USER101472,USER101319,134.0,Fuel,iOS,Lucknow,6,0,
TXN108577,2026-09-13 06:33:39,USER101783,USER101944,213.59,Mobile Recharge,iOS,Chennai,6,0,
TXN108578,2026-09-13 06:50:13,USER100775,USER101851,583.0,Travel,iOS,Pune,6,0,
TXN108579,2026-09-13 06:51:07,USER101262,USER102754,527.32,Food & Dining,Android,Bengaluru,6,0,
TXN108580,2026-09-13 07:00:29,USER101019,USER100732,124.74,Travel,Android,Kolkata,7,0,
TXN108581,2026-09-13 07:08:33,USER100289,USER102488,1911.94,Fuel,Android,Hyderabad,7,0,
TXN108582,2026-09-13 07:11:23,USER100201,USER100426,202.78,Food & Dining,Android,Ahmedabad,7,0,
TXN108583,2026-09-13 07:16:39,USER102972,USER101064,463.65,Grocery,Android,Pune,7,0,
TXN108584,2026-09-13 07:25:24,USER101763,USER101835,382.34,Grocery,Android,Jaipur,7,0,
TXN108585,2026-09-13 07:25:26,USER102880,MERCH200937,211.67,Mobile Recharge,Android,Bengaluru,7,0,
TXN108586,2026-09-13 07:28:00,USER102734,USER102835,5599.14,P2P Transfer,Android,Lucknow,7,1,velocity_burst
TXN108587,2026-09-13 07:30:20,USER100936,MERCH200783,56.95,Entertainment,Android,Kolkata,7,0,
TXN108588,2026-09-13 07:34:57,USER101889,USER101707,247.07,Travel,Android,Chennai,7,0,
TXN108589,2026-09-13 07:45:44,USER101694,MERCH201031,114.44,Travel,Android,Kolkata,7,0,
TXN108590,2026-09-13 07:50:10,USER102071,USER102116,229.78,Mobile Recharge,Android,Kolkata,7,0,
TXN108591,2026-09-13 08:03:04,USER100950,MERCH200286,640.19,Healthcare,Android,Lucknow,8,0,
TXN108592,2026-09-13 08:05:42,USER100986,USER101678,1217.58,Food & Dining,Android,Bengaluru,8,0,
TXN108593,2026-09-13 08:05:47,USER102530,USER102093,1464.25,Shopping,Android,Delhi,8,0,
TXN108594,2026-09-13 08:05:51,USER100956,USER101317,1142.41,Healthcare,Android,Hyderabad,8,0,
TXN108595,2026-09-13 08:09:53,USER101065,USER102917,139.07,Shopping,Android,Pune,8,0,
TXN108596,2026-09-13 08:10:53,USER102682,USER101788,1878.45,Food & Dining,Android,Mumbai,8,0,
TXN108597,2026-09-13 08:12:28,USER101854,USER101776,427.9,Food & Dining,Android,Delhi,8,0,
TXN108598,2026-09-13 08:12:39,USER100484,MERCH201358,1429.35,Healthcare,Android,Chennai,8,0,
TXN108599,2026-09-13 08:12:46,USER100010,MERCH201336,148.36,Entertainment,Android,Kolkata,8,0,
TXN108600,2026-09-13 08:14:19,USER102756,USER102925,1191.99,Entertainment,Android,Delhi,8,0,
TXN108601,2026-09-13 08:14:56,USER102114,USER100300,387.12,Mobile Recharge,Android,Mumbai,8,0,
TXN108602,2026-09-13 08:16:00,USER100457,USER101237,5081.58,P2P Transfer,Android,Mumbai,8,1,velocity_burst
TXN108603,2026-09-13 08:17:11,USER101239,USER102126,177.68,Fuel,Android,Delhi,8,0,
TXN108604,2026-09-13 08:17:44,USER102550,USER100926,1678.2,Entertainment,Android,Ahmedabad,8,0,
TXN108605,2026-09-13 08:17:59,USER101254,USER100833,410.63,Utility Bills,Android,Hyderabad,8,0,
TXN108606,2026-09-13 08:24:29,USER101534,MERCH201229,401.6,Food & Dining,Android,Mumbai,8,0,
TXN108607,2026-09-13 08:27:08,USER100733,MERCH201219,221.6,P2P Transfer,Android,Ahmedabad,8,0,
TXN108608,2026-09-13 08:28:58,USER100171,USER101530,244.05,P2P Transfer,Android,Delhi,8,0,
TXN108609,2026-09-13 08:29:14,USER102618,USER102414,1124.3,Food & Dining,iOS,Chennai,8,0,
TXN108610,2026-09-13 08:32:14,USER102930,USER102308,816.22,Grocery,Android,Mumbai,8,0,
TXN108611,2026-09-13 08:33:44,USER101190,MERCH201497,1870.94,Food & Dining,Android,Kolkata,8,0,
TXN108612,2026-09-13 08:34:59,USER100304,MERCH201086,459.08,Fuel,iOS,Patna,8,0,
TXN108613,2026-09-13 08:37:33,USER100959,USER102080,657.09,Utility Bills,Android,Jaipur,8,0,
TXN108614,2026-09-13 08:39:57,USER102305,USER101142,5528.25,Shopping,Android,Delhi,8,0,
TXN108615,2026-09-13 08:41:20,USER100790,MERCH200527,558.89,Grocery,iOS,Bengaluru,8,0,
TXN108616,2026-09-13 08:42:20,USER100280,USER101404,385.59,Healthcare,iOS,Indore,8,0,
TXN108617,2026-09-13 08:42:40,USER100208,MERCH201006,211.06,P2P Transfer,Android,Pune,8,0,
TXN108618,2026-09-13 08:45:44,USER102192,USER100641,794.85,Mobile Recharge,Android,Jaipur,8,0,
TXN108619,2026-09-13 08:47:38,USER101359,USER101352,1194.92,Healthcare,Android,Pune,8,0,
TXN108620,2026-09-13 08:49:55,USER100844,USER102603,168.7,Travel,Android,Ahmedabad,8,0,
TXN108621,2026-09-13 08:51:36,USER101448,USER101148,433.21,Food & Dining,Android,Delhi,8,0,
TXN108622,2026-09-13 08:52:40,USER101456,USER101420,91.11,Travel,iOS,Delhi,8,0,
TXN108623,2026-09-13 08:53:02,USER102701,USER101853,3119.42,Travel,Android,Indore,8,0,
TXN108624,2026-09-13 08:53:34,USER101798,MERCH201272,129.53,Healthcare,Android,Mumbai,8,0,
TXN108625,2026-09-13 08:56:37,USER102584,MERCH200871,108.83,Travel,Android,Delhi,8,0,
TXN108626,2026-09-13 08:57:11,USER100720,USER102564,58.94,Grocery,Android,Chennai,8,0,
TXN108627,2026-09-13 08:58:59,USER102485,MERCH200849,564.65,P2P Transfer,Android,Indore,8,0,
TXN108628,2026-09-13 08:59:53,USER101598,MERCH201049,82.0,Utility Bills,Android,Lucknow,8,0,
TXN108629,2026-09-13 09:00:15,USER102295,USER100074,224.02,P2P Transfer,Android,Delhi,9,0,
TXN108630,2026-09-13 09:00:27,USER102941,MERCH201239,363.95,Food & Dining,iOS,Jaipur,9,0,
TXN108631,2026-09-13 09:03:02,USER100992,USER100405,996.6,Travel,Android,Bengaluru,9,0,
TXN108632,2026-09-13 09:03:38,USER101547,USER101530,368.09,Entertainment,Android,Delhi,9,0,
TXN108633,2026-09-13 09:05:29,USER100759,USER100764,1040.24,Entertainment,iOS,Ahmedabad,9,0,
TXN108634,2026-09-13 09:05:34,USER100506,USER101819,104.04,Utility Bills,Android,Delhi,9,0,
TXN108635,2026-09-13 09:07:06,USER100745,USER100843,1823.01,Mobile Recharge,Android,Chennai,9,0,
TXN108636,2026-09-13 09:07:33,USER101040,USER101510,274.04,Food & Dining,Android,Indore,9,0,
TXN108637,2026-09-13 09:09:30,USER100754,USER101657,168.27,Fuel,iOS,Delhi,9,0,
TXN108638,2026-09-13 09:09:42,USER101473,USER101038,153.05,Food & Dining,iOS,Chennai,9,0,
TXN108639,2026-09-13 09:10:25,USER102552,USER101907,81.88,Healthcare,Android,Bengaluru,9,0,
TXN108640,2026-09-13 09:10:41,USER100265,USER100409,204.89,Travel,iOS,Ahmedabad,9,0,
TXN108641,2026-09-13 09:11:33,USER101447,USER100219,2643.24,Shopping,Android,Bengaluru,9,0,
TXN108642,2026-09-13 09:14:42,USER100043,USER102744,779.49,Healthcare,Android,Delhi,9,0,
TXN108643,2026-09-13 09:15:11,USER100839,USER100973,514.27,Utility Bills,iOS,Hyderabad,9,0,
TXN108644,2026-09-13 09:15:32,USER102756,USER100906,1266.47,Travel,Android,Delhi,9,0,
TXN108645,2026-09-13 09:16:24,USER100595,USER100393,160.56,Healthcare,Android,Delhi,9,0,
TXN108646,2026-09-13 09:18:59,USER102196,MERCH201208,239.54,Travel,Android,Pune,9,0,
TXN108647,2026-09-13 09:19:07,USER102768,USER101668,460.82,Fuel,Android,Delhi,9,0,
TXN108648,2026-09-13 09:21:42,USER101602,USER102076,286.23,Food & Dining,Android,Ahmedabad,9,0,
TXN108649,2026-09-13 09:22:52,USER101875,MERCH200942,530.02,Entertainment,Android,Delhi,9,0,
TXN108650,2026-09-13 09:23:57,USER102454,USER100424,309.5,Fuel,Android,Bengaluru,9,0,
TXN108651,2026-09-13 09:24:19,USER102486,MERCH200907,112.39,Grocery,Android,Delhi,9,0,
TXN108652,2026-09-13 09:25:38,USER102975,USER102725,301.34,Fuel,Android,Kolkata,9,0,
TXN108653,2026-09-13 09:26:50,USER100739,USER101496,82.38,Shopping,Android,Lucknow,9,0,
TXN108654,2026-09-13 09:26:50,USER101193,USER100296,1075.11,Mobile Recharge,Android,Hyderabad,9,0,
TXN108655,2026-09-13 09:28:57,USER100810,USER100451,395.89,Shopping,Android,Chennai,9,0,
TXN108656,2026-09-13 09:29:43,USER102444,MERCH200688,103.62,Healthcare,Android,Ahmedabad,9,0,
TXN108657,2026-09-13 09:31:28,USER101349,USER102342,438.83,Shopping,iOS,Ahmedabad,9,0,
TXN108658,2026-09-13 09:36:15,USER102514,USER102122,229.75,P2P Transfer,Android,Pune,9,0,
TXN108659,2026-09-13 09:36:49,USER101748,USER100722,181.63,Shopping,Android,Bengaluru,9,0,
TXN108660,2026-09-13 09:39:43,USER102319,MERCH201327,153.76,P2P Transfer,Android,Pune,9,0,
TXN108661,2026-09-13 09:42:50,USER100044,USER102438,262.53,Shopping,Android,Hyderabad,9,0,
TXN108662,2026-09-13 09:43:41,USER100266,USER101312,122.73,Shopping,Android,Delhi,9,0,
TXN108663,2026-09-13 09:43:45,USER101623,MERCH201329,265.87,Food & Dining,Android,Bengaluru,9,0,
TXN108664,2026-09-13 09:46:11,USER100898,MERCH200918,43.22,Entertainment,iOS,Delhi,9,0,
TXN108665,2026-09-13 09:47:26,USER102952,USER101342,32.58,Travel,Android,Hyderabad,9,0,
TXN108666,2026-09-13 09:48:04,USER101155,MERCH200666,509.14,Food & Dining,Android,Pune,9,0,
TXN108667,2026-09-13 09:48:09,USER100254,USER101127,153.15,Shopping,Android,Delhi,9,0,
TXN108668,2026-09-13 09:49:44,USER101543,USER100668,317.29,P2P Transfer,Android,Bengaluru,9,0,
TXN108669,2026-09-13 09:50:40,USER101092,USER102433,598.17,Shopping,iOS,Mumbai,9,0,
TXN108670,2026-09-13 09:51:37,USER100998,MERCH200086,455.98,Shopping,iOS,Indore,9,0,
TXN108671,2026-09-13 09:52:32,USER102288,MERCH200190,497.02,Healthcare,Android,Chennai,9,0,
TXN108672,2026-09-13 09:53:42,USER100361,MERCH200232,88.64,Entertainment,iOS,Kolkata,9,0,
TXN108673,2026-09-13 09:54:50,USER100708,USER101908,1543.22,P2P Transfer,Android,Mumbai,9,0,
TXN108674,2026-09-13 09:55:33,USER102959,USER100800,1637.55,Healthcare,iOS,Delhi,9,0,
TXN108675,2026-09-13 09:56:15,USER101517,USER101001,97.34,Fuel,Android,Delhi,9,0,
TXN108676,2026-09-13 09:58:52,USER100250,USER101594,288.16,Utility Bills,Android,Kolkata,9,0,
TXN108677,2026-09-13 10:02:32,USER101465,USER101282,1703.75,Entertainment,Android,Hyderabad,10,0,
TXN108678,2026-09-13 10:04:07,USER102906,USER101099,796.2,P2P Transfer,Android,Kolkata,10,0,
TXN108679,2026-09-13 10:07:43,USER101627,USER100923,239.42,Healthcare,Android,Mumbai,10,0,
TXN108680,2026-09-13 10:08:26,USER102493,USER102088,1410.01,Fuel,Android,Mumbai,10,0,
TXN108681,2026-09-13 10:09:47,USER101412,USER101610,99999.0,P2P Transfer,Android,Bengaluru,10,1,round_number
TXN108682,2026-09-13 10:12:54,USER100224,MERCH200759,382.31,Food & Dining,Android,Hyderabad,10,0,
TXN108683,2026-09-13 10:13:31,USER100654,MERCH200118,515.47,Fuel,iOS,Ahmedabad,10,0,
TXN108684,2026-09-13 10:16:41,USER102272,USER100495,478.7,Shopping,Android,Mumbai,10,0,
TXN108685,2026-09-13 10:16:53,USER100653,USER101547,187.59,Shopping,Android,Delhi,10,0,
TXN108686,2026-09-13 10:18:41,USER101648,MERCH200877,1078.55,Grocery,Android,Mumbai,10,0,
TXN108687,2026-09-13 10:21:03,USER102872,MERCH201150,1659.7,Travel,Android,Mumbai,10,0,
TXN108688,2026-09-13 10:21:46,USER102538,MERCH200089,249.09,Utility Bills,iOS,Hyderabad,10,0,
TXN108689,2026-09-13 10:22:35,USER102694,USER100300,161.63,Mobile Recharge,Android,Indore,10,0,
TXN108690,2026-09-13 10:22:47,USER102194,USER101854,289.59,Travel,Android,Chennai,10,0,
TXN108691,2026-09-13 10:22:48,USER100500,USER102024,100.77,Shopping,Android,Bengaluru,10,0,
TXN108692,2026-09-13 10:25:22,USER100464,MERCH201197,430.77,Food & Dining,Android,Jaipur,10,0,
TXN108693,2026-09-13 10:27:02,USER100814,USER101021,711.22,Mobile Recharge,Android,Lucknow,10,0,
TXN108694,2026-09-13 10:27:27,USER102450,USER100717,3999.12,Entertainment,Android,Bengaluru,10,0,
TXN108695,2026-09-13 10:28:55,USER101796,MERCH200525,892.65,Food & Dining,Android,Mumbai,10,0,
TXN108696,2026-09-13 10:29:39,USER101084,USER100839,221.18,Utility Bills,Android,Mumbai,10,0,
TXN108697,2026-09-13 10:29:55,USER102719,USER100053,47.34,Fuel,Android,Kolkata,10,0,
TXN108698,2026-09-13 10:30:18,USER101113,USER100382,667.61,Grocery,iOS,Lucknow,10,0,
TXN108699,2026-09-13 10:34:09,USER100814,MERCH200839,2538.9,Fuel,iOS,Delhi,10,0,
TXN108700,2026-09-13 10:34:30,USER100373,MERCH201295,260.06,Fuel,Android,Kolkata,10,0,
TXN108701,2026-09-13 10:34:34,USER101503,USER101946,399.21,Mobile Recharge,Android,Pune,10,0,
TXN108702,2026-09-13 10:34:54,USER100277,USER102702,500.82,Mobile Recharge,Android,Hyderabad,10,0,
TXN108703,2026-09-13 10:35:05,USER101124,MERCH201437,67.61,Mobile Recharge,Android,Hyderabad,10,0,
TXN108704,2026-09-13 10:37:21,USER100610,USER101580,1797.04,Fuel,Android,Delhi,10,0,
TXN108705,2026-09-13 10:37:33,USER100165,USER101233,103.99,Travel,Android,Delhi,10,0,
TXN108706,2026-09-13 10:46:42,USER101214,USER100886,104.43,Entertainment,Android,Ahmedabad,10,0,
TXN108707,2026-09-13 10:47:20,USER102976,USER100705,199.75,Healthcare,iOS,Delhi,10,0,
TXN108708,2026-09-13 10:47:46,USER100435,USER102458,310.65,Healthcare,Android,Mumbai,10,0,
TXN108709,2026-09-13 10:49:50,USER101434,USER102508,174.47,Entertainment,Android,Delhi,10,0,
TXN108710,2026-09-13 10:50:06,USER100212,USER101940,633.15,Entertainment,iOS,Indore,10,0,
TXN108711,2026-09-13 10:50:57,USER102898,MERCH200112,483.22,Entertainment,Android,Chennai,10,0,
TXN108712,2026-09-13 10:53:25,USER102947,USER101909,156.56,Shopping,Android,Hyderabad,10,0,
TXN108713,2026-09-13 10:53:37,USER100094,USER101774,582.3,Food & Dining,Android,Mumbai,10,0,
TXN108714,2026-09-13 10:53:58,USER101458,USER100416,603.05,P2P Transfer,Android,Pune,10,0,
TXN108715,2026-09-13 10:55:17,USER100731,USER101965,3289.27,Healthcare,Android,Pune,10,0,
TXN108716,2026-09-13 10:58:22,USER100201,MERCH200294,159.99,Grocery,iOS,Delhi,10,0,
TXN108717,2026-09-13 10:58:44,USER102302,USER100079,277.82,Fuel,Android,Bengaluru,10,0,
TXN108718,2026-09-13 11:00:09,USER101182,MERCH201239,5921.73,Food & Dining,Android,Mumbai,11,0,
TXN108719,2026-09-13 11:00:22,USER102519,MERCH201320,259.18,Travel,iOS,Bengaluru,11,0,
TXN108720,2026-09-13 11:00:36,USER100108,USER100621,419.75,Food & Dining,Android,Chennai,11,0,
TXN108721,2026-09-13 11:00:59,USER101287,USER101363,315.37,P2P Transfer,Android,Mumbai,11,0,
TXN108722,2026-09-13 11:01:42,USER101059,USER100119,136.83,Entertainment,iOS,Bengaluru,11,0,
TXN108723,2026-09-13 11:02:33,USER101776,USER102457,830.52,Fuel,Android,Hyderabad,11,0,
TXN108724,2026-09-13 11:03:44,USER101555,MERCH201174,315.87,Grocery,Android,Hyderabad,11,0,
TXN108725,2026-09-13 11:05:46,USER100314,USER100009,933.06,Healthcare,Android,Bengaluru,11,0,
TXN108726,2026-09-13 11:06:35,USER102225,USER100530,478.1,Mobile Recharge,Android,Mumbai,11,0,
TXN108727,2026-09-13 11:07:11,USER102477,USER102128,901.18,Food & Dining,Android,Mumbai,11,0,
TXN108728,2026-09-13 11:10:22,USER100545,MERCH200872,428.51,P2P Transfer,iOS,Hyderabad,11,0,
TXN108729,2026-09-13 11:11:08,USER100235,USER100589,356.86,Utility Bills,iOS,Mumbai,11,0,
TXN108730,2026-09-13 11:11:26,USER100572,USER100016,589.89,Food & Dining,Android,Bengaluru,11,0,
TXN108731,2026-09-13 11:13:24,USER100972,USER101287,120.16,Fuel,Android,Delhi,11,0,
TXN108732,2026-09-13 11:15:14,USER100238,USER102195,1047.38,Grocery,Android,Mumbai,11,0,
TXN108733,2026-09-13 11:19:10,USER102303,MERCH200474,910.54,Healthcare,Android,Patna,11,0,
TXN108734,2026-09-13 11:20:40,USER102366,USER101762,1233.08,Healthcare,Android,Bengaluru,11,0,
TXN108735,2026-09-13 11:22:03,USER101039,MERCH200024,967.04,Healthcare,Android,Bengaluru,11,0,
TXN108736,2026-09-13 11:24:37,USER100857,MERCH200427,1084.56,Entertainment,Android,Kolkata,11,0,
TXN108737,2026-09-13 11:25:12,USER101234,MERCH200222,141.74,Utility Bills,Android,Delhi,11,0,
TXN108738,2026-09-13 11:25:22,USER101287,MERCH200788,181.49,Travel,Android,Delhi,11,0,
TXN108739,2026-09-13 11:25:24,USER101184,MERCH201013,2213.01,Healthcare,Android,Indore,11,0,
TXN108740,2026-09-13 11:27:12,USER100712,MERCH201206,1637.49,Fuel,iOS,Pune,11,0,
TXN108741,2026-09-13 11:28:23,USER102906,USER102262,628.57,Travel,Android,Mumbai,11,0,
TXN108742,2026-09-13 11:30:29,USER102097,MERCH201062,133.87,Shopping,Android,Jaipur,11,0,
TXN108743,2026-09-13 11:32:43,USER102963,USER102873,177.87,Healthcare,Android,Hyderabad,11,0,
TXN108744,2026-09-13 11:34:07,USER101502,USER101494,2719.69,Food & Dining,Android,Hyderabad,11,0,
TXN108745,2026-09-13 11:34:24,USER102090,USER100753,313.99,Travel,Android,Mumbai,11,0,
TXN108746,2026-09-13 11:35:04,USER100089,USER102463,295.88,Utility Bills,Android,Indore,11,0,
TXN108747,2026-09-13 11:35:33,USER101471,MERCH200922,3462.88,Travel,Android,Ahmedabad,11,0,
TXN108748,2026-09-13 11:35:37,USER100086,USER101529,472.84,P2P Transfer,Android,Kolkata,11,0,
TXN108749,2026-09-13 11:36:44,USER100117,USER101324,41.78,Shopping,Android,Pune,11,0,
TXN108750,2026-09-13 11:37:25,USER101188,MERCH200632,156.52,Fuel,Android,Mumbai,11,0,
TXN108751,2026-09-13 11:37:28,USER101006,USER102109,53.43,Entertainment,Android,Delhi,11,0,
TXN108752,2026-09-13 11:39:56,USER101548,USER101079,527.12,Food & Dining,iOS,Mumbai,11,0,
TXN108753,2026-09-13 11:40:49,USER100664,USER102910,291.92,Healthcare,Android,Mumbai,11,0,
TXN108754,2026-09-13 11:44:25,USER100716,USER100706,354.93,Shopping,Android,Patna,11,0,
TXN108755,2026-09-13 11:44:40,USER100524,USER102775,267.7,Entertainment,Android,Mumbai,11,0,
TXN108756,2026-09-13 11:46:11,USER102545,USER102249,392.33,Shopping,Android,Pune,11,0,
TXN108757,2026-09-13 11:46:44,USER102570,USER100526,105.25,Healthcare,Android,Hyderabad,11,0,
TXN108758,2026-09-13 11:46:45,USER102512,USER100893,77.07,Fuel,Android,Delhi,11,0,
TXN108759,2026-09-13 11:48:57,USER101541,MERCH200144,38090.27,Grocery,New Device,Pune,11,1,new_device_high
TXN108760,2026-09-13 11:49:01,USER101587,MERCH200520,543.9,Mobile Recharge,Android,Bengaluru,11,0,
TXN108761,2026-09-13 11:50:05,USER100727,USER101237,270.83,Utility Bills,Android,Patna,11,0,
TXN108762,2026-09-13 11:51:22,USER102263,MERCH201108,390.27,Utility Bills,iOS,Hyderabad,11,0,
TXN108763,2026-09-13 11:51:40,USER100377,USER102101,3163.34,Shopping,Android,Mumbai,11,0,
TXN108764,2026-09-13 11:52:26,USER101694,USER100641,288.71,Grocery,Android,Ahmedabad,11,0,
TXN108765,2026-09-13 11:53:55,USER101812,MERCH200345,141.35,P2P Transfer,Android,Kolkata,11,0,
TXN108766,2026-09-13 11:54:40,USER101373,USER101540,735.62,P2P Transfer,Android,Delhi,11,0,
TXN108767,2026-09-13 11:58:24,USER101271,USER100477,228.7,Entertainment,iOS,Delhi,11,0,
TXN108768,2026-09-13 11:58:43,USER101556,USER102282,908.14,Mobile Recharge,Android,Bengaluru,11,0,
TXN108769,2026-09-13 11:59:01,USER100157,USER102396,162.98,Utility Bills,iOS,Jaipur,11,0,
TXN108770,2026-09-13 11:59:31,USER102354,USER101186,478.35,Travel,Android,Ahmedabad,11,0,
TXN108771,2026-09-13 12:00:08,USER100091,MERCH200135,177.3,Utility Bills,Android,Bengaluru,12,0,
TXN108772,2026-09-13 12:00:48,USER101786,USER100856,588.75,P2P Transfer,Android,Delhi,12,0,
TXN108773,2026-09-13 12:04:07,USER102492,USER100400,121.56,P2P Transfer,Android,Lucknow,12,0,
TXN108774,2026-09-13 12:04:22,USER101910,USER101384,1463.35,Entertainment,Android,Lucknow,12,0,
TXN108775,2026-09-13 12:05:06,USER101504,MERCH201119,98.37,Entertainment,Android,Chennai,12,0,
TXN108776,2026-09-13 12:05:17,USER102414,USER101649,203.93,Fuel,iOS,Mumbai,12,0,
TXN108777,2026-09-13 12:06:07,USER102382,MERCH200281,712.78,Utility Bills,Android,Bengaluru,12,0,
TXN108778,2026-09-13 12:07:33,USER100790,USER100542,575.48,Food & Dining,iOS,Chennai,12,0,
TXN108779,2026-09-13 12:10:02,USER101196,MERCH201085,647.46,Utility Bills,Android,Delhi,12,0,
TXN108780,2026-09-13 12:11:13,USER101465,USER102750,329.48,Mobile Recharge,Android,Patna,12,0,
TXN108781,2026-09-13 12:12:14,USER100670,USER102889,1067.63,Utility Bills,Android,Bengaluru,12,0,
TXN108782,2026-09-13 12:13:21,USER101327,USER101629,199.58,Fuel,Android,Hyderabad,12,0,
TXN108783,2026-09-13 12:15:24,USER102868,MERCH201304,250.09,Healthcare,Android,Mumbai,12,0,
TXN108784,2026-09-13 12:16:46,USER101808,USER101439,1026.62,Grocery,Android,Ahmedabad,12,0,
TXN108785,2026-09-13 12:17:38,USER101937,MERCH201246,140.25,Shopping,Android,Ahmedabad,12,0,
TXN108786,2026-09-13 12:21:51,USER101127,USER101319,264.49,Food & Dining,Android,Kolkata,12,0,
TXN108787,2026-09-13 12:21:55,USER102361,USER101610,209.08,Utility Bills,Android,Chennai,12,0,
TXN108788,2026-09-13 12:22:01,USER100325,MERCH200644,302.37,Grocery,iOS,Bengaluru,12,0,
TXN108789,2026-09-13 12:23:05,USER102104,MERCH201042,160.24,Travel,Android,Indore,12,0,
TXN108790,2026-09-13 12:23:09,USER102526,MERCH200226,48.76,Healthcare,Android,Mumbai,12,0,
TXN108791,2026-09-13 12:24:21,USER100367,USER101907,229.35,Entertainment,iOS,Bengaluru,12,0,
TXN108792,2026-09-13 12:26:08,USER100307,USER102537,164.49,Utility Bills,iOS,Bengaluru,12,0,
TXN108793,2026-09-13 12:26:29,USER101881,MERCH201292,161.83,Healthcare,iOS,Chennai,12,0,
TXN108794,2026-09-13 12:27:21,USER100856,USER101705,1252.72,Travel,Android,Kolkata,12,0,
TXN108795,2026-09-13 12:28:49,USER101428,USER102413,344.73,Food & Dining,Android,Ahmedabad,12,0,
TXN108796,2026-09-13 12:29:01,USER102415,USER101513,334.56,P2P Transfer,Android,Delhi,12,0,
TXN108797,2026-09-13 12:29:55,USER101878,USER102637,960.74,Entertainment,iOS,Ahmedabad,12,0,
TXN108798,2026-09-13 12:31:34,USER101684,USER102354,297.9,P2P Transfer,Android,Mumbai,12,0,
TXN108799,2026-09-13 12:32:11,USER101390,USER100538,28.61,Healthcare,Android,Bengaluru,12,0,
TXN108800,2026-09-13 12:33:15,USER101683,MERCH200472,1540.01,Food & Dining,Android,Mumbai,12,0,
TXN108801,2026-09-13 12:34:02,USER100765,MERCH201315,282.66,P2P Transfer,Android,Bengaluru,12,0,
TXN108802,2026-09-13 12:34:07,USER102748,USER101634,258.4,Travel,Android,Mumbai,12,0,
TXN108803,2026-09-13 12:34:45,USER100705,USER101569,135.83,Shopping,iOS,Mumbai,12,0,
TXN108804,2026-09-13 12:34:59,USER101438,USER101729,619.12,Mobile Recharge,Android,Pune,12,0,
TXN108805,2026-09-13 12:37:59,USER100284,USER101874,1867.32,P2P Transfer,Android,Delhi,12,0,
TXN108806,2026-09-13 12:38:37,USER102456,MERCH200304,70.38,Entertainment,Android,Hyderabad,12,0,
TXN108807,2026-09-13 12:39:29,USER101230,USER100718,117.13,P2P Transfer,Android,Mumbai,12,0,
TXN108808,2026-09-13 12:40:56,USER101723,USER101028,724.11,Shopping,Android,Ahmedabad,12,0,
TXN108809,2026-09-13 12:41:18,USER102104,USER101062,72.59,Entertainment,Android,Mumbai,12,0,
TXN108810,2026-09-13 12:42:38,USER102938,USER100935,1992.72,P2P Transfer,Android,Bengaluru,12,0,
TXN108811,2026-09-13 12:43:43,USER102686,USER102829,496.51,Mobile Recharge,Android,Patna,12,0,
TXN108812,2026-09-13 12:44:43,USER100974,USER101859,608.57,Shopping,iOS,Bengaluru,12,0,
TXN108813,2026-09-13 12:46:45,USER101225,USER102309,464.55,Mobile Recharge,Android,Delhi,12,0,
TXN108814,2026-09-13 12:47:34,USER101152,USER102458,559.65,Entertainment,Android,Delhi,12,0,
TXN108815,2026-09-13 12:49:38,USER101033,USER100727,164.25,Shopping,Android,Delhi,12,0,
TXN108816,2026-09-13 12:51:43,USER102043,USER102877,200.97,Fuel,iOS,Bengaluru,12,0,
TXN108817,2026-09-13 12:54:22,USER101723,MERCH201097,183.4,Utility Bills,Android,Pune,12,0,
TXN108818,2026-09-13 12:55:31,USER101556,USER101254,775.21,Grocery,Android,Kolkata,12,0,
TXN108819,2026-09-13 12:57:52,USER101420,USER102266,544.15,Fuel,Android,Hyderabad,12,0,
TXN108820,2026-09-13 12:57:54,USER101426,MERCH201268,419.24,Healthcare,Android,Jaipur,12,0,
TXN108821,2026-09-13 12:58:35,USER101627,USER100408,132.3,P2P Transfer,Android,Kolkata,12,0,
TXN108822,2026-09-13 13:00:37,USER102809,USER100471,257.54,Grocery,Android,Mumbai,13,0,
TXN108823,2026-09-13 13:00:56,USER102147,USER102647,74.63,Travel,Android,Mumbai,13,0,
TXN108824,2026-09-13 13:01:29,USER102215,USER102752,65.3,Fuel,Android,Chennai,13,0,
TXN108825,2026-09-13 13:01:41,USER100193,MERCH201475,2787.28,Utility Bills,iOS,Bengaluru,13,0,
TXN108826,2026-09-13 13:04:54,USER100257,USER100700,311.63,P2P Transfer,Android,Bengaluru,13,0,
TXN108827,2026-09-13 13:05:20,USER101631,MERCH201356,884.54,Healthcare,Android,Bengaluru,13,0,
TXN108828,2026-09-13 13:08:21,USER100726,USER100091,142.05,Fuel,iOS,Hyderabad,13,0,
TXN108829,2026-09-13 13:09:53,USER101806,USER100418,421.2,Mobile Recharge,Android,Bengaluru,13,0,
TXN108830,2026-09-13 13:12:04,USER101134,USER102109,307.89,Healthcare,Android,Hyderabad,13,0,
TXN108831,2026-09-13 13:14:06,USER101920,USER102515,516.63,Utility Bills,Android,Mumbai,13,0,
TXN108832,2026-09-13 13:15:18,USER102681,USER100882,571.4,Fuel,Android,Jaipur,13,0,
TXN108833,2026-09-13 13:17:00,USER102217,MERCH200643,7058.65,P2P Transfer,Android,Mumbai,13,1,velocity_burst
TXN108834,2026-09-13 13:17:21,USER100692,USER101324,429.96,Travel,Android,Bengaluru,13,0,
TXN108835,2026-09-13 13:17:24,USER100420,USER102910,401.43,Shopping,iOS,Mumbai,13,0,
TXN108836,2026-09-13 13:21:30,USER102801,USER102466,208.57,Entertainment,Android,Bengaluru,13,0,
TXN108837,2026-09-13 13:23:02,USER102003,USER102100,435.53,Utility Bills,Android,Pune,13,0,
TXN108838,2026-09-13 13:25:26,USER101825,USER102136,345.38,Travel,Android,Ahmedabad,13,0,
TXN108839,2026-09-13 13:27:03,USER102373,USER101661,149.77,Travel,Android,Pune,13,0,
TXN108840,2026-09-13 13:27:45,USER101793,USER102497,88.31,Travel,Android,Chennai,13,0,
TXN108841,2026-09-13 13:29:56,USER102665,USER101971,168.17,Utility Bills,Android,Hyderabad,13,0,
TXN108842,2026-09-13 13:32:00,USER102769,USER100652,153.81,Shopping,Android,Indore,13,0,
TXN108843,2026-09-13 13:33:57,USER100325,USER100124,1222.31,Mobile Recharge,Android,Lucknow,13,0,
TXN108844,2026-09-13 13:34:43,USER102518,USER100535,102.21,P2P Transfer,Android,Bengaluru,13,0,
TXN108845,2026-09-13 13:34:51,USER101586,USER101052,201.03,P2P Transfer,Android,Ahmedabad,13,0,
TXN108846,2026-09-13 13:35:03,USER102710,USER101931,90.55,Shopping,iOS,Delhi,13,0,
TXN108847,2026-09-13 13:35:15,USER101760,USER102047,183.34,Travel,Android,Lucknow,13,0,
TXN108848,2026-09-13 13:35:28,USER101770,USER102573,150.73,Entertainment,Android,Delhi,13,0,
TXN108849,2026-09-13 13:35:44,USER102838,USER102940,689.97,Entertainment,Android,Kolkata,13,0,
TXN108850,2026-09-13 13:35:49,USER102307,MERCH200080,862.54,Mobile Recharge,Android,Kolkata,13,0,
TXN108851,2026-09-13 13:36:28,USER101909,MERCH201360,162.9,Entertainment,Android,Ahmedabad,13,0,
TXN108852,2026-09-13 13:39:13,USER101289,USER100930,348.79,Healthcare,Android,Delhi,13,0,
TXN108853,2026-09-13 13:39:36,USER100943,USER101627,529.21,Shopping,Android,Bengaluru,13,0,
TXN108854,2026-09-13 13:39:40,USER100795,MERCH200969,475.32,Travel,Android,Chennai,13,0,
TXN108855,2026-09-13 13:40:22,USER102820,USER102907,299.75,Fuel,Android,Delhi,13,0,
TXN108856,2026-09-13 13:43:13,USER102505,MERCH200178,2118.98,Shopping,Android,Patna,13,0,
TXN108857,2026-09-13 13:45:45,USER102247,USER100999,1168.33,Utility Bills,Android,Mumbai,13,0,
TXN108858,2026-09-13 13:45:47,USER100872,USER101281,796.64,Healthcare,Android,Delhi,13,0,
TXN108859,2026-09-13 13:46:09,USER102850,MERCH200116,300.92,P2P Transfer,Android,Delhi,13,0,
TXN108860,2026-09-13 13:46:52,USER100146,USER100940,377.72,Entertainment,Android,Jaipur,13,0,
TXN108861,2026-09-13 13:47:28,USER100382,USER100760,286.64,Shopping,Android,Pune,13,0,
TXN108862,2026-09-13 13:50:24,USER101549,MERCH200485,85.29,Grocery,Android,Mumbai,13,0,
TXN108863,2026-09-13 13:50:58,USER101833,USER102811,899.86,Grocery,Android,Lucknow,13,0,
TXN108864,2026-09-13 13:51:15,USER100629,MERCH201255,49.34,Grocery,Android,Delhi,13,0,
TXN108865,2026-09-13 13:51:20,USER102758,USER102914,210.31,Mobile Recharge,Android,Mumbai,13,0,
TXN108866,2026-09-13 13:51:22,USER102109,USER101900,188.13,Healthcare,Android,Indore,13,0,
TXN108867,2026-09-13 13:51:25,USER101086,USER100156,885.52,Utility Bills,Android,Chennai,13,0,
TXN108868,2026-09-13 13:53:56,USER100958,MERCH200518,3284.36,Travel,iOS,Patna,13,0,
TXN108869,2026-09-13 13:54:44,USER101567,USER102243,224.03,Entertainment,Android,Mumbai,13,0,
TXN108870,2026-09-13 13:55:02,USER100623,USER101519,1063.51,Fuel,Android,Indore,13,0,
TXN108871,2026-09-13 13:57:03,USER100591,MERCH201246,2370.8,Fuel,Android,Mumbai,13,0,
TXN108872,2026-09-13 13:57:17,USER102657,MERCH201173,230.92,Utility Bills,Android,Kolkata,13,0,
TXN108873,2026-09-13 13:57:49,USER102431,USER102745,852.47,Healthcare,Android,Pune,13,0,
TXN108874,2026-09-13 13:58:01,USER100999,USER101058,456.39,Entertainment,Android,Chennai,13,0,
TXN108875,2026-09-13 13:58:13,USER100473,MERCH200086,459.05,P2P Transfer,Android,Mumbai,13,0,
TXN108876,2026-09-13 13:58:28,USER102317,USER100694,2459.28,Fuel,Android,Mumbai,13,0,
TXN108877,2026-09-13 13:59:15,USER101982,MERCH200308,325.19,P2P Transfer,Android,Pune,13,0,
TXN108878,2026-09-13 14:01:49,USER101630,MERCH200187,575.03,Travel,Android,Delhi,14,0,
TXN108879,2026-09-13 14:03:14,USER101110,MERCH200675,208.88,Fuel,iOS,Hyderabad,14,0,
TXN108880,2026-09-13 14:03:17,USER101566,USER101497,113.86,Grocery,Android,Bengaluru,14,0,
TXN108881,2026-09-13 14:03:51,USER102422,USER101082,555.51,Healthcare,Android,Pune,14,0,
TXN108882,2026-09-13 14:04:11,USER102915,USER101002,319.95,P2P Transfer,iOS,Bengaluru,14,0,
TXN108883,2026-09-13 14:05:02,USER100910,USER101809,42.58,Food & Dining,Android,Mumbai,14,0,
TXN108884,2026-09-13 14:05:42,USER102093,MERCH200846,308.72,Grocery,Android,Lucknow,14,0,
TXN108885,2026-09-13 14:06:13,USER101911,USER101579,2478.75,Fuel,Android,Jaipur,14,0,
TXN108886,2026-09-13 14:08:30,USER100384,USER100702,156.38,Mobile Recharge,Android,Bengaluru,14,0,
TXN108887,2026-09-13 14:08:39,USER100944,USER102392,441.78,Food & Dining,Android,Pune,14,0,
TXN108888,2026-09-13 14:10:50,USER101401,USER100477,459.91,Healthcare,Android,Delhi,14,0,
TXN108889,2026-09-13 14:11:58,USER102725,USER100992,808.08,Mobile Recharge,Android,Chennai,14,0,
TXN108890,2026-09-13 14:12:00,USER100978,USER100889,108.3,Travel,Android,Delhi,14,0,
TXN108891,2026-09-13 14:12:36,USER101473,MERCH200784,614.28,P2P Transfer,Android,Pune,14,0,
TXN108892,2026-09-13 14:14:13,USER100721,USER100818,1252.93,Mobile Recharge,Android,Delhi,14,0,
TXN108893,2026-09-13 14:17:56,USER102700,USER100493,271.73,Fuel,Android,Kolkata,14,0,
TXN108894,2026-09-13 14:18:08,USER100611,USER100198,324.75,Mobile Recharge,Android,Jaipur,14,0,
TXN108895,2026-09-13 14:18:48,USER102293,USER102446,706.22,P2P Transfer,Android,Mumbai,14,0,
TXN108896,2026-09-13 14:19:46,USER101604,USER100353,381.01,Utility Bills,Android,Pune,14,0,
TXN108897,2026-09-13 14:20:46,USER100822,MERCH200938,626.6,Travel,Android,Bengaluru,14,0,
TXN108898,2026-09-13 14:21:05,USER101556,USER102385,1363.2,Utility Bills,Android,Mumbai,14,0,
TXN108899,2026-09-13 14:21:42,USER102559,USER102618,103.44,Mobile Recharge,Android,Patna,14,0,
TXN108900,2026-09-13 14:23:35,USER100581,MERCH200782,57.78,Fuel,Android,Pune,14,0,
TXN108901,2026-09-13 14:27:46,USER102116,USER102477,469.74,Entertainment,Android,Mumbai,14,0,
TXN108902,2026-09-13 14:31:30,USER101790,USER102894,1269.02,Food & Dining,Android,Mumbai,14,0,
TXN108903,2026-09-13 14:32:03,USER102255,USER100173,47453.27,Food & Dining,New Device,Delhi,14,1,new_device_high
TXN108904,2026-09-13 14:35:44,USER100095,USER101199,46.36,Healthcare,Android,Bengaluru,14,0,
TXN108905,2026-09-13 14:35:59,USER102996,MERCH200697,152.54,P2P Transfer,Android,Delhi,14,0,
TXN108906,2026-09-13 14:38:50,USER101643,USER100660,1054.78,Shopping,Android,Hyderabad,14,0,
TXN108907,2026-09-13 14:42:11,USER100869,MERCH200375,404.76,Utility Bills,Android,Bengaluru,14,0,
TXN108908,2026-09-13 14:42:39,USER101603,MERCH200775,715.92,P2P Transfer,Android,Pune,14,0,
TXN108909,2026-09-13 14:45:05,USER100195,USER102939,262.85,Travel,Android,Ahmedabad,14,0,
TXN108910,2026-09-13 14:45:40,USER102163,USER102390,119.62,Healthcare,Android,Mumbai,14,0,
TXN108911,2026-09-13 14:48:38,USER101225,MERCH200705,237.33,Mobile Recharge,Android,Chennai,14,0,
TXN108912,2026-09-13 14:51:15,USER100142,USER102446,229.18,Healthcare,Android,Mumbai,14,0,
TXN108913,2026-09-13 14:53:28,USER102202,MERCH201026,300.57,Fuel,Android,Chennai,14,0,
TXN108914,2026-09-13 14:53:39,USER101107,MERCH201364,275.58,Mobile Recharge,Android,Patna,14,0,
TXN108915,2026-09-13 14:53:56,USER102853,MERCH200665,280.82,Travel,Android,Jaipur,14,0,
TXN108916,2026-09-13 14:54:49,USER102714,USER101454,199.87,Food & Dining,Android,Delhi,14,0,
TXN108917,2026-09-13 14:54:59,USER100887,USER101545,363.65,Grocery,Android,Kolkata,14,0,
TXN108918,2026-09-13 14:56:00,USER100720,USER100606,660.99,Fuel,Android,Patna,14,0,
TXN108919,2026-09-13 14:56:40,USER101245,MERCH200749,231.6,Healthcare,Android,Delhi,14,0,
TXN108920,2026-09-13 14:58:34,USER101169,MERCH201298,382.74,Food & Dining,Android,Jaipur,14,0,
TXN108921,2026-09-13 14:59:23,USER102680,MERCH201036,2246.42,Utility Bills,Android,Delhi,14,0,
TXN108922,2026-09-13 14:59:25,USER101967,MERCH200426,156.01,P2P Transfer,Android,Hyderabad,14,0,
TXN108923,2026-09-13 14:59:36,USER100067,USER101864,512.43,Food & Dining,Android,Pune,14,0,
TXN108924,2026-09-13 15:01:48,USER101199,MERCH200057,2939.4,P2P Transfer,iOS,Kolkata,15,0,
TXN108925,2026-09-13 15:04:12,USER100051,USER102358,121.1,Healthcare,Android,Mumbai,15,0,
TXN108926,2026-09-13 15:04:53,USER100266,USER102563,64.58,Food & Dining,iOS,Bengaluru,15,0,
TXN108927,2026-09-13 15:06:38,USER101403,MERCH200263,354.38,Fuel,Android,Chennai,15,0,
TXN108928,2026-09-13 15:07:37,USER101863,MERCH200058,112.49,Fuel,Android,Chennai,15,0,
TXN108929,2026-09-13 15:11:32,USER101071,MERCH201153,366.79,Healthcare,iOS,Delhi,15,0,
TXN108930,2026-09-13 15:16:52,USER102731,USER100956,168.62,Mobile Recharge,Android,Bengaluru,15,0,
TXN108931,2026-09-13 15:18:51,USER102777,MERCH200952,760.09,Shopping,Android,Chennai,15,0,
TXN108932,2026-09-13 15:22:00,USER101582,USER100882,405.49,Fuel,Android,Jaipur,15,0,
TXN108933,2026-09-13 15:22:17,USER101747,MERCH201308,264.15,Shopping,Android,Chennai,15,0,
TXN108934,2026-09-13 15:23:38,USER101715,MERCH201146,757.52,Food & Dining,Android,Kolkata,15,0,
TXN108935,2026-09-13 15:25:21,USER102454,USER101130,160.53,Shopping,Android,Lucknow,15,0,
TXN108936,2026-09-13 15:26:09,USER102276,USER100867,298.24,P2P Transfer,Android,Delhi,15,0,
TXN108937,2026-09-13 15:26:12,USER101926,MERCH200630,10000.0,Fuel,Android,Kolkata,15,1,round_number
TXN108938,2026-09-13 15:28:20,USER102545,USER100059,103.21,Shopping,Android,Mumbai,15,0,
TXN108939,2026-09-13 15:29:37,USER101636,USER102182,263.53,Grocery,iOS,Kolkata,15,0,
TXN108940,2026-09-13 15:31:27,USER101188,USER101014,67.93,P2P Transfer,Android,Delhi,15,0,
TXN108941,2026-09-13 15:31:27,USER101667,USER101462,391.83,Mobile Recharge,Android,Kolkata,15,0,
TXN108942,2026-09-13 15:32:06,USER102074,MERCH200782,525.36,Healthcare,Android,Delhi,15,0,
TXN108943,2026-09-13 15:32:59,USER100384,MERCH200559,23.74,Mobile Recharge,Android,Delhi,15,0,
TXN108944,2026-09-13 15:34:12,USER101693,MERCH200822,410.16,Travel,iOS,Pune,15,0,
TXN108945,2026-09-13 15:37:55,USER102160,USER100890,560.6,Travel,Android,Jaipur,15,0,
TXN108946,2026-09-13 15:39:50,USER101562,MERCH201168,450.87,Healthcare,iOS,Delhi,15,0,
TXN108947,2026-09-13 15:43:11,USER102947,USER100402,3186.94,Utility Bills,Android,Delhi,15,0,
TXN108948,2026-09-13 15:44:46,USER100715,USER102221,280.5,Travel,Android,Chennai,15,0,
TXN108949,2026-09-13 15:44:55,USER101985,USER102983,340.23,Utility Bills,Android,Mumbai,15,0,
TXN108950,2026-09-13 15:47:26,USER100148,MERCH200662,902.89,Grocery,Android,Hyderabad,15,0,
TXN108951,2026-09-13 15:49:52,USER100935,MERCH200863,137.3,Utility Bills,Android,Delhi,15,0,
TXN108952,2026-09-13 15:51:25,USER102181,USER100583,41.55,Healthcare,Android,Bengaluru,15,0,
TXN108953,2026-09-13 15:55:06,USER101307,USER102221,359.35,Fuel,Android,Pune,15,0,
TXN108954,2026-09-13 15:59:30,USER102228,USER101565,357.03,Travel,iOS,Mumbai,15,0,
TXN108955,2026-09-13 16:01:46,USER100455,MERCH201157,1431.4,Food & Dining,Android,Hyderabad,16,0,
TXN108956,2026-09-13 16:01:52,USER101039,MERCH200435,190.5,Utility Bills,Android,Bengaluru,16,0,
TXN108957,2026-09-13 16:01:58,USER100636,USER100417,109.97,Utility Bills,Android,Jaipur,16,0,
TXN108958,2026-09-13 16:02:49,USER100977,MERCH201032,394.67,Fuel,Android,Mumbai,16,0,
TXN108959,2026-09-13 16:04:22,USER101355,MERCH200299,180.19,Grocery,Android,Hyderabad,16,0,
TXN108960,2026-09-13 16:05:31,USER102477,USER100330,1233.43,Food & Dining,Android,Lucknow,16,0,
TXN108961,2026-09-13 16:06:51,USER100278,USER100367,500.16,Healthcare,Android,Kolkata,16,0,
TXN108962,2026-09-13 16:09:06,USER100359,MERCH200030,687.66,Mobile Recharge,Android,Chennai,16,0,
TXN108963,2026-09-13 16:10:32,USER100578,USER102969,99999.0,Food & Dining,Android,Delhi,16,1,round_number
TXN108964,2026-09-13 16:10:48,USER101700,USER100139,42061.07,Food & Dining,New Device,Hyderabad,16,1,new_device_high
TXN108965,2026-09-13 16:12:54,USER102641,USER102615,189.82,Fuel,Android,Ahmedabad,16,0,
TXN108966,2026-09-13 16:13:06,USER100827,USER101283,884.51,Food & Dining,Android,Patna,16,0,
TXN108967,2026-09-13 16:14:25,USER101857,USER100940,678.24,Entertainment,Android,Delhi,16,0,
TXN108968,2026-09-13 16:14:33,USER102642,MERCH200170,900.05,Entertainment,Android,Hyderabad,16,0,
TXN108969,2026-09-13 16:14:39,USER101516,MERCH200940,135.52,Mobile Recharge,Android,Indore,16,0,
TXN108970,2026-09-13 16:16:19,USER100517,MERCH200575,42740.46,Entertainment,New Device,Kolkata,16,1,new_device_high
TXN108971,2026-09-13 16:17:08,USER101735,USER100510,13.43,P2P Transfer,iOS,Bengaluru,16,0,
TXN108972,2026-09-13 16:17:21,USER101865,MERCH200865,157.95,P2P Transfer,iOS,Pune,16,0,
TXN108973,2026-09-13 16:18:14,USER101500,MERCH200548,689.4,Grocery,Android,Indore,16,0,
TXN108974,2026-09-13 16:22:21,USER100050,USER100585,851.21,Healthcare,Android,Chennai,16,0,
TXN108975,2026-09-13 16:22:25,USER101431,MERCH200554,100000.0,Food & Dining,iOS,Jaipur,16,1,round_number
TXN108976,2026-09-13 16:23:36,USER100280,USER102001,227.34,Utility Bills,Android,Mumbai,16,0,
TXN108977,2026-09-13 16:24:37,USER100351,MERCH200696,292.57,Grocery,Android,Ahmedabad,16,0,
TXN108978,2026-09-13 16:28:25,USER102748,USER100751,304.03,Food & Dining,Android,Chennai,16,0,
TXN108979,2026-09-13 16:29:10,USER101473,MERCH200740,356.89,P2P Transfer,Android,Chennai,16,0,
TXN108980,2026-09-13 16:29:21,USER101823,USER100500,804.45,Grocery,Android,Ahmedabad,16,0,
TXN108981,2026-09-13 16:32:17,USER102865,USER101678,196.54,P2P Transfer,Android,Delhi,16,0,
TXN108982,2026-09-13 16:35:00,USER101477,MERCH200508,718.22,Travel,Android,Pune,16,0,
TXN108983,2026-09-13 16:36:38,USER102071,MERCH200286,4976.53,Healthcare,Android,Mumbai,16,0,
TXN108984,2026-09-13 16:37:37,USER102660,MERCH201196,29.38,Utility Bills,Android,Bengaluru,16,0,
TXN108985,2026-09-13 16:42:39,USER102537,USER101056,647.64,Fuel,Android,Hyderabad,16,0,
TXN108986,2026-09-13 16:44:17,USER100904,MERCH200131,35.49,Fuel,iOS,Ahmedabad,16,0,
TXN108987,2026-09-13 16:46:29,USER102634,MERCH200307,176.73,Mobile Recharge,Android,Mumbai,16,0,
TXN108988,2026-09-13 16:49:18,USER100672,USER102541,834.02,Shopping,Android,Bengaluru,16,0,
TXN108989,2026-09-13 16:49:55,USER101696,MERCH200451,491.42,Fuel,Android,Pune,16,0,
TXN108990,2026-09-13 16:50:13,USER102199,MERCH201044,400.18,Utility Bills,Android,Delhi,16,0,
TXN108991,2026-09-13 16:50:30,USER101992,USER102725,440.35,Entertainment,iOS,Mumbai,16,0,
TXN108992,2026-09-13 16:50:48,USER100202,MERCH200155,358.5,Shopping,Android,Patna,16,0,
TXN108993,2026-09-13 16:51:14,USER100695,MERCH201239,433.8,Shopping,iOS,Kolkata,16,0,
TXN108994,2026-09-13 16:55:21,USER101145,USER101419,271.72,Healthcare,Android,Mumbai,16,0,
TXN108995,2026-09-13 16:57:45,USER102078,USER100566,106.22,Grocery,Android,Delhi,16,0,
TXN108996,2026-09-13 17:00:36,USER101441,USER101378,426.88,Entertainment,iOS,Delhi,17,0,
TXN108997,2026-09-13 17:03:50,USER100195,USER101555,148.54,Grocery,Android,Delhi,17,0,
TXN108998,2026-09-13 17:06:18,USER100361,USER100612,674.57,Shopping,Android,Kolkata,17,0,
TXN108999,2026-09-13 17:08:32,USER100431,MERCH201140,31.91,Food & Dining,Android,Mumbai,17,0,
TXN109000,2026-09-13 17:09:50,USER102073,USER100031,1292.63,Healthcare,Android,Hyderabad,17,0,
TXN109001,2026-09-13 17:10:01,USER101362,USER100588,319.96,Utility Bills,Android,Bengaluru,17,0,
TXN109002,2026-09-13 17:11:09,USER101821,MERCH200687,232.87,Travel,iOS,Pune,17,0,
TXN109003,2026-09-13 17:11:31,USER102657,MERCH200538,652.36,Shopping,Android,Delhi,17,0,
TXN109004,2026-09-13 17:11:57,USER100480,MERCH200118,154.95,Grocery,Android,Ahmedabad,17,0,
TXN109005,2026-09-13 17:13:39,USER100296,USER101672,146.97,Grocery,Android,Patna,17,0,
TXN109006,2026-09-13 17:13:58,USER102165,MERCH201389,316.38,Healthcare,Android,Delhi,17,0,
TXN109007,2026-09-13 17:14:28,USER102231,USER102636,42.22,Entertainment,Android,Hyderabad,17,0,
TXN109008,2026-09-13 17:15:33,USER102053,USER100771,283.81,Travel,Android,Mumbai,17,0,
TXN109009,2026-09-13 17:15:33,USER101240,MERCH201013,715.61,P2P Transfer,Android,Indore,17,0,
TXN109010,2026-09-13 17:15:43,USER102753,MERCH200385,421.34,Mobile Recharge,Android,Delhi,17,0,
TXN109011,2026-09-13 17:16:19,USER102704,MERCH201315,510.38,Healthcare,Android,Delhi,17,0,
TXN109012,2026-09-13 17:18:00,USER101882,MERCH200925,8986.84,P2P Transfer,Android,Pune,17,1,velocity_burst
TXN109013,2026-09-13 17:21:00,USER102077,MERCH200398,8206.68,P2P Transfer,Android,Ahmedabad,17,1,velocity_burst
TXN109014,2026-09-13 17:21:19,USER101908,MERCH200069,73.7,Grocery,Android,Hyderabad,17,0,
TXN109015,2026-09-13 17:22:40,USER101444,MERCH200845,320.18,Healthcare,Android,Mumbai,17,0,
TXN109016,2026-09-13 17:23:19,USER100440,USER100996,858.96,Travel,iOS,Pune,17,0,
TXN109017,2026-09-13 17:23:47,USER101432,USER100477,810.39,Mobile Recharge,Android,Patna,17,0,
TXN109018,2026-09-13 17:24:48,USER102891,MERCH200444,212.79,Shopping,Android,Delhi,17,0,
TXN109019,2026-09-13 17:24:56,USER102502,MERCH200940,431.52,Travel,Android,Pune,17,0,
TXN109020,2026-09-13 17:25:32,USER102925,USER102747,212.12,Fuel,iOS,Ahmedabad,17,0,
TXN109021,2026-09-13 17:26:44,USER101922,USER100453,50.64,Food & Dining,iOS,Mumbai,17,0,
TXN109022,2026-09-13 17:28:07,USER100955,USER100826,475.93,Healthcare,Android,Indore,17,0,
TXN109023,2026-09-13 17:28:53,USER100869,MERCH200126,205.76,Utility Bills,Android,Bengaluru,17,0,
TXN109024,2026-09-13 17:29:07,USER100843,USER101250,180.53,Travel,Android,Mumbai,17,0,
TXN109025,2026-09-13 17:29:33,USER100553,USER101480,1081.42,Entertainment,Android,Indore,17,0,
TXN109026,2026-09-13 17:29:52,USER100059,USER102409,55.36,Shopping,Android,Pune,17,0,
TXN109027,2026-09-13 17:31:55,USER102352,USER101339,418.26,Utility Bills,Android,Hyderabad,17,0,
TXN109028,2026-09-13 17:33:48,USER100634,USER102911,406.79,Grocery,Android,Chennai,17,0,
TXN109029,2026-09-13 17:35:14,USER100300,USER100219,460.61,Shopping,Android,Patna,17,0,
TXN109030,2026-09-13 17:35:39,USER101262,USER102643,454.53,Entertainment,Android,Delhi,17,0,
TXN109031,2026-09-13 17:36:23,USER100446,USER102471,321.13,Healthcare,Android,Bengaluru,17,0,
TXN109032,2026-09-13 17:39:29,USER101296,USER100828,37.21,P2P Transfer,Android,Bengaluru,17,0,
TXN109033,2026-09-13 17:39:50,USER102281,USER102285,111.86,P2P Transfer,iOS,Pune,17,0,
TXN109034,2026-09-13 17:40:01,USER102168,MERCH200694,536.14,Travel,Android,Hyderabad,17,0,
TXN109035,2026-09-13 17:42:52,USER100015,MERCH200422,790.07,Food & Dining,Android,Chennai,17,0,
TXN109036,2026-09-13 17:43:16,USER101661,USER102485,546.54,P2P Transfer,iOS,Jaipur,17,0,
TXN109037,2026-09-13 17:45:12,USER100038,USER102669,38.2,Mobile Recharge,iOS,Kolkata,17,0,
TXN109038,2026-09-13 17:45:59,USER100399,USER102213,883.66,P2P Transfer,Android,Jaipur,17,0,
TXN109039,2026-09-13 17:47:26,USER101400,USER101621,80.54,Travel,Android,Delhi,17,0,
TXN109040,2026-09-13 17:49:38,USER101947,USER100456,617.75,Healthcare,Android,Mumbai,17,0,
TXN109041,2026-09-13 17:49:51,USER101434,USER102172,409.38,Mobile Recharge,iOS,Hyderabad,17,0,
TXN109042,2026-09-13 17:50:30,USER100215,USER101647,401.8,P2P Transfer,Android,Bengaluru,17,0,
TXN109043,2026-09-13 17:56:48,USER101428,USER100661,957.91,Shopping,iOS,Kolkata,17,0,
TXN109044,2026-09-13 17:58:05,USER100469,USER100907,1154.93,Mobile Recharge,Android,Pune,17,0,
TXN109045,2026-09-13 17:58:56,USER100493,MERCH201247,166.36,Mobile Recharge,Android,Chennai,17,0,
TXN109046,2026-09-13 18:00:33,USER102777,USER102847,101.34,Travel,Android,Mumbai,18,0,
TXN109047,2026-09-13 18:01:23,USER101875,USER101584,95.9,Utility Bills,Android,Mumbai,18,0,
TXN109048,2026-09-13 18:02:07,USER101004,MERCH201240,191.47,Food & Dining,Android,Kolkata,18,0,
TXN109049,2026-09-13 18:02:21,USER100386,USER101841,871.35,Food & Dining,iOS,Ahmedabad,18,0,
TXN109050,2026-09-13 18:02:32,USER101572,USER102970,581.34,Food & Dining,Android,Hyderabad,18,0,
TXN109051,2026-09-13 18:03:03,USER100805,USER102824,563.05,Grocery,Android,Delhi,18,0,
TXN109052,2026-09-13 18:03:04,USER101131,USER102150,323.9,Fuel,Android,Bengaluru,18,0,
TXN109053,2026-09-13 18:03:12,USER101841,USER102750,367.19,Healthcare,Android,Bengaluru,18,0,
TXN109054,2026-09-13 18:05:36,USER100466,MERCH200549,20000.0,Fuel,Android,Bengaluru,18,1,round_number
TXN109055,2026-09-13 18:06:50,USER100695,MERCH201240,1126.33,Entertainment,iOS,Pune,18,0,
TXN109056,2026-09-13 18:09:53,USER102039,USER100463,1526.99,Shopping,Android,Ahmedabad,18,0,
TXN109057,2026-09-13 18:12:05,USER101920,USER102341,164.83,Entertainment,Android,Delhi,18,0,
TXN109058,2026-09-13 18:12:07,USER100907,MERCH201011,69.21,Food & Dining,Android,Ahmedabad,18,0,
TXN109059,2026-09-13 18:13:02,USER102807,MERCH201240,560.33,Travel,Android,Hyderabad,18,0,
TXN109060,2026-09-13 18:15:55,USER102903,USER102685,786.74,Utility Bills,Android,Delhi,18,0,
TXN109061,2026-09-13 18:16:12,USER101333,USER100443,142.34,Shopping,iOS,Delhi,18,0,
TXN109062,2026-09-13 18:16:27,USER102354,USER101988,233.84,Fuel,Android,Kolkata,18,0,
TXN109063,2026-09-13 18:16:58,USER100559,USER100614,456.18,Shopping,Android,Kolkata,18,0,
TXN109064,2026-09-13 18:18:03,USER101253,MERCH201330,199.06,Fuel,Android,Pune,18,0,
TXN109065,2026-09-13 18:18:41,USER100538,MERCH201450,27.29,Entertainment,Android,Mumbai,18,0,
TXN109066,2026-09-13 18:19:56,USER102963,USER100189,991.17,Grocery,Android,Chennai,18,0,
TXN109067,2026-09-13 18:20:37,USER102199,USER102937,613.51,Grocery,Android,Hyderabad,18,0,
TXN109068,2026-09-13 18:20:41,USER102625,MERCH201181,102.08,Entertainment,Android,Chennai,18,0,
TXN109069,2026-09-13 18:20:42,USER100613,USER101303,226.54,P2P Transfer,Android,Mumbai,18,0,
TXN109070,2026-09-13 18:21:15,USER102055,MERCH200282,594.05,Travel,Android,Kolkata,18,0,
TXN109071,2026-09-13 18:21:34,USER102164,USER101480,257.21,P2P Transfer,Android,Hyderabad,18,0,
TXN109072,2026-09-13 18:21:41,USER101442,MERCH201430,245.67,Fuel,Android,Hyderabad,18,0,
TXN109073,2026-09-13 18:22:31,USER100299,USER102840,181.16,Food & Dining,Android,Chennai,18,0,
TXN109074,2026-09-13 18:23:11,USER100259,USER100305,23960.74,Utility Bills,New Device,Mumbai,18,1,new_device_high
TXN109075,2026-09-13 18:24:34,USER100111,MERCH200373,665.68,Healthcare,Android,Mumbai,18,0,
TXN109076,2026-09-13 18:29:02,USER102419,USER101146,587.13,Utility Bills,Android,Jaipur,18,0,
TXN109077,2026-09-13 18:31:42,USER102904,USER101360,666.23,Fuel,iOS,Indore,18,0,
TXN109078,2026-09-13 18:31:43,USER102196,MERCH200962,255.36,Fuel,iOS,Mumbai,18,0,
TXN109079,2026-09-13 18:31:59,USER100347,USER101224,100.33,Shopping,Android,Bengaluru,18,0,
TXN109080,2026-09-13 18:34:08,USER101313,USER101711,83.23,Grocery,Android,Ahmedabad,18,0,
TXN109081,2026-09-13 18:36:01,USER102345,USER102239,148.47,Travel,Android,Delhi,18,0,
TXN109082,2026-09-13 18:36:32,USER100467,USER100888,1292.16,Fuel,Android,Chennai,18,0,
TXN109083,2026-09-13 18:37:09,USER102933,USER102625,1364.68,Food & Dining,Android,Bengaluru,18,0,
TXN109084,2026-09-13 18:37:51,USER101976,USER100100,795.61,Mobile Recharge,Android,Bengaluru,18,0,
TXN109085,2026-09-13 18:37:54,USER102324,MERCH201385,513.04,Grocery,Android,Bengaluru,18,0,
TXN109086,2026-09-13 18:39:42,USER100377,USER102820,1993.41,Fuel,Android,Patna,18,0,
TXN109087,2026-09-13 18:41:01,USER100346,USER100116,1897.09,Fuel,iOS,Hyderabad,18,0,
TXN109088,2026-09-13 18:43:38,USER102899,USER100131,756.96,P2P Transfer,Android,Mumbai,18,0,
TXN109089,2026-09-13 18:45:49,USER102208,USER100252,1037.78,Entertainment,Android,Hyderabad,18,0,
TXN109090,2026-09-13 18:47:28,USER102617,MERCH200683,50000.0,Grocery,iOS,Delhi,18,1,round_number
TXN109091,2026-09-13 18:48:26,USER102256,USER101899,921.12,Mobile Recharge,Android,Lucknow,18,0,
TXN109092,2026-09-13 18:48:34,USER100932,MERCH200120,170.23,P2P Transfer,Android,Hyderabad,18,0,
TXN109093,2026-09-13 18:49:50,USER100477,USER102233,833.28,Mobile Recharge,Android,Hyderabad,18,0,
TXN109094,2026-09-13 18:53:30,USER100015,MERCH200369,275.93,Healthcare,Android,Ahmedabad,18,0,
TXN109095,2026-09-13 18:54:45,USER101239,USER101956,683.81,Grocery,iOS,Hyderabad,18,0,
TXN109096,2026-09-13 18:55:21,USER100591,MERCH200823,203.65,Healthcare,Android,Hyderabad,18,0,
TXN109097,2026-09-13 18:56:56,USER100027,USER102359,208.43,Food & Dining,iOS,Mumbai,18,0,
TXN109098,2026-09-13 18:57:34,USER101460,MERCH200839,81.91,Shopping,Android,Kolkata,18,0,
TXN109099,2026-09-13 19:00:49,USER102552,USER102797,754.86,P2P Transfer,Android,Hyderabad,19,0,
TXN109100,2026-09-13 19:01:46,USER100016,USER100031,91.6,P2P Transfer,Android,Lucknow,19,0,
TXN109101,2026-09-13 19:02:58,USER100846,USER101641,2566.08,Grocery,Android,Pune,19,0,
TXN109102,2026-09-13 19:03:10,USER100608,USER100556,1356.57,Entertainment,iOS,Bengaluru,19,0,
TXN109103,2026-09-13 19:04:27,USER101272,MERCH200764,718.27,Shopping,iOS,Bengaluru,19,0,
TXN109104,2026-09-13 19:04:48,USER102140,MERCH200076,150.37,Utility Bills,Android,Bengaluru,19,0,
TXN109105,2026-09-13 19:04:54,USER101022,USER101629,64.59,Utility Bills,iOS,Hyderabad,19,0,
TXN109106,2026-09-13 19:05:39,USER102667,USER101059,174.23,Utility Bills,iOS,Bengaluru,19,0,
TXN109107,2026-09-13 19:07:21,USER102003,MERCH200853,108.41,Grocery,Android,Hyderabad,19,0,
TXN109108,2026-09-13 19:10:53,USER100157,MERCH200736,2678.54,Fuel,Android,Lucknow,19,0,
TXN109109,2026-09-13 19:11:08,USER101029,USER101656,194.49,Travel,iOS,Mumbai,19,0,
TXN109110,2026-09-13 19:11:34,USER100151,USER102295,1051.15,P2P Transfer,Android,Pune,19,0,
TXN109111,2026-09-13 19:12:46,USER100965,USER102628,262.58,Grocery,Android,Jaipur,19,0,
TXN109112,2026-09-13 19:12:54,USER102973,USER101865,601.17,Food & Dining,Android,Chennai,19,0,
TXN109113,2026-09-13 19:14:14,USER100986,USER100465,193.4,Food & Dining,Android,Pune,19,0,
TXN109114,2026-09-13 19:14:50,USER102172,USER102177,202.88,Entertainment,iOS,Indore,19,0,
TXN109115,2026-09-13 19:16:43,USER102049,USER100788,3728.96,P2P Transfer,Android,Lucknow,19,0,
TXN109116,2026-09-13 19:17:03,USER101355,MERCH201318,223.56,Utility Bills,Android,Kolkata,19,0,
TXN109117,2026-09-13 19:17:16,USER101580,USER102917,354.05,Healthcare,Android,Delhi,19,0,
TXN109118,2026-09-13 19:17:18,USER100758,USER101007,1216.21,Utility Bills,Android,Chennai,19,0,
TXN109119,2026-09-13 19:17:47,USER102881,USER101253,298.73,P2P Transfer,Android,Indore,19,0,
TXN109120,2026-09-13 19:20:07,USER102045,USER101556,562.17,Shopping,Android,Pune,19,0,
TXN109121,2026-09-13 19:20:48,USER101175,USER101469,356.76,Utility Bills,iOS,Bengaluru,19,0,
TXN109122,2026-09-13 19:21:58,USER102459,USER101127,361.19,Travel,iOS,Hyderabad,19,0,
TXN109123,2026-09-13 19:23:19,USER102370,USER102942,1591.41,P2P Transfer,Android,Hyderabad,19,0,
TXN109124,2026-09-13 19:24:14,USER100900,MERCH201071,2360.54,Travel,Android,Hyderabad,19,0,
TXN109125,2026-09-13 19:25:10,USER101100,USER101175,92.51,P2P Transfer,Android,Delhi,19,0,
TXN109126,2026-09-13 19:27:43,USER102938,USER100760,133.95,P2P Transfer,Android,Patna,19,0,
TXN109127,2026-09-13 19:28:52,USER101775,USER100047,657.85,Shopping,Android,Indore,19,0,
TXN109128,2026-09-13 19:28:56,USER101256,MERCH200717,5107.61,Food & Dining,Android,Kolkata,19,0,
TXN109129,2026-09-13 19:29:12,USER101242,USER102031,552.28,P2P Transfer,iOS,Mumbai,19,0,
TXN109130,2026-09-13 19:31:15,USER101391,USER100902,389.74,Healthcare,Android,Mumbai,19,0,
TXN109131,2026-09-13 19:31:41,USER101199,USER101657,90.3,Fuel,Android,Bengaluru,19,0,
TXN109132,2026-09-13 19:32:24,USER102496,MERCH200361,764.38,Healthcare,Android,Chennai,19,0,
TXN109133,2026-09-13 19:33:21,USER100198,MERCH201340,955.51,P2P Transfer,Android,Bengaluru,19,0,
TXN109134,2026-09-13 19:33:28,USER101693,MERCH200066,191.89,Entertainment,Android,Bengaluru,19,0,
TXN109135,2026-09-13 19:35:24,USER102776,USER102262,158.91,Travel,iOS,Kolkata,19,0,
TXN109136,2026-09-13 19:35:40,USER100049,USER101483,695.48,Entertainment,Android,Bengaluru,19,0,
TXN109137,2026-09-13 19:35:54,USER100462,MERCH200228,78.85,P2P Transfer,Android,Hyderabad,19,0,
TXN109138,2026-09-13 19:36:45,USER101147,USER100681,156.29,Shopping,Android,Bengaluru,19,0,
TXN109139,2026-09-13 19:36:53,USER102749,USER102440,356.97,Shopping,Android,Patna,19,0,
TXN109140,2026-09-13 19:36:56,USER102258,USER100541,276.93,Entertainment,Android,Delhi,19,0,
TXN109141,2026-09-13 19:37:03,USER100954,MERCH200128,162.07,Entertainment,iOS,Hyderabad,19,0,
TXN109142,2026-09-13 19:37:14,USER100420,MERCH200063,649.02,Fuel,iOS,Pune,19,0,
TXN109143,2026-09-13 19:37:24,USER102909,MERCH201461,341.92,P2P Transfer,Android,Pune,19,0,
TXN109144,2026-09-13 19:39:28,USER100844,USER100165,766.51,Travel,Android,Bengaluru,19,0,
TXN109145,2026-09-13 19:39:45,USER102297,USER102101,211.16,Entertainment,Android,Bengaluru,19,0,
TXN109146,2026-09-13 19:39:54,USER102563,MERCH200641,157.76,Food & Dining,Android,Delhi,19,0,
TXN109147,2026-09-13 19:40:06,USER102023,USER101046,300.36,Mobile Recharge,iOS,Ahmedabad,19,0,
TXN109148,2026-09-13 19:41:02,USER100510,MERCH200410,483.14,P2P Transfer,Android,Pune,19,0,
TXN109149,2026-09-13 19:41:37,USER101102,MERCH200465,538.96,Grocery,Android,Pune,19,0,
TXN109150,2026-09-13 19:42:46,USER102347,USER100853,683.88,Entertainment,Android,Delhi,19,0,
TXN109151,2026-09-13 19:43:31,USER102001,USER102983,478.98,Utility Bills,Android,Indore,19,0,
TXN109152,2026-09-13 19:44:01,USER101769,USER100590,130.99,Food & Dining,Android,Jaipur,19,0,
TXN109153,2026-09-13 19:45:09,USER101849,MERCH201249,378.7,Mobile Recharge,Android,Kolkata,19,0,
TXN109154,2026-09-13 19:46:15,USER101689,USER100966,256.23,Grocery,Android,Delhi,19,0,
TXN109155,2026-09-13 19:47:01,USER100650,USER101388,123.58,Utility Bills,Android,Mumbai,19,0,
TXN109156,2026-09-13 19:47:19,USER101503,USER101571,530.5,Entertainment,Android,Mumbai,19,0,
TXN109157,2026-09-13 19:49:36,USER101339,MERCH201218,94.92,Fuel,iOS,Pune,19,0,
TXN109158,2026-09-13 19:49:58,USER100272,MERCH200744,266.26,Travel,iOS,Kolkata,19,0,
TXN109159,2026-09-13 19:51:27,USER102876,USER102411,203.43,Shopping,Android,Pune,19,0,
TXN109160,2026-09-13 19:52:08,USER102817,MERCH200385,88.39,Healthcare,Android,Pune,19,0,
TXN109161,2026-09-13 19:53:13,USER100338,MERCH201451,1143.82,Fuel,Android,Delhi,19,0,
TXN109162,2026-09-13 19:54:11,USER101304,USER102394,184.38,Entertainment,Android,Ahmedabad,19,0,
TXN109163,2026-09-13 19:54:37,USER102410,USER102127,4184.13,Grocery,Android,Bengaluru,19,0,
TXN109164,2026-09-13 19:55:04,USER102657,MERCH200655,97.89,Utility Bills,Android,Kolkata,19,0,
TXN109165,2026-09-13 19:55:50,USER102864,USER101818,1350.46,P2P Transfer,Android,Chennai,19,0,
TXN109166,2026-09-13 19:56:05,USER101882,USER102110,50000.0,Shopping,Android,Delhi,19,1,round_number
TXN109167,2026-09-13 19:56:25,USER101607,MERCH201184,938.76,Utility Bills,Android,Mumbai,19,0,
TXN109168,2026-09-13 19:59:57,USER102247,MERCH200666,116.15,Food & Dining,Android,Delhi,19,0,
TXN109169,2026-09-13 20:00:04,USER101150,USER100578,490.28,Grocery,Android,Mumbai,20,0,
TXN109170,2026-09-13 20:02:08,USER102437,USER100620,632.81,Healthcare,Android,Indore,20,0,
TXN109171,2026-09-13 20:03:04,USER101872,MERCH201133,59.74,Grocery,Android,Bengaluru,20,0,
TXN109172,2026-09-13 20:03:49,USER100878,USER100911,744.38,Healthcare,iOS,Kolkata,20,0,
TXN109173,2026-09-13 20:04:09,USER101772,MERCH201085,1151.26,Food & Dining,Android,Mumbai,20,0,
TXN109174,2026-09-13 20:07:22,USER101595,USER102909,532.19,Entertainment,Android,Pune,20,0,
TXN109175,2026-09-13 20:09:17,USER100459,USER102728,2130.78,Shopping,Android,Kolkata,20,0,
TXN109176,2026-09-13 20:11:59,USER101057,MERCH201046,130.03,Travel,Android,Delhi,20,0,
TXN109177,2026-09-13 20:16:32,USER101295,USER100564,379.16,Shopping,iOS,Mumbai,20,0,
TXN109178,2026-09-13 20:18:06,USER102978,MERCH200535,187.86,Food & Dining,Android,Mumbai,20,0,
TXN109179,2026-09-13 20:20:08,USER101304,USER100072,146.41,Travel,Android,Delhi,20,0,
TXN109180,2026-09-13 20:20:41,USER101539,USER102805,424.26,Shopping,Android,Mumbai,20,0,
TXN109181,2026-09-13 20:21:08,USER101212,MERCH200722,80.87,Utility Bills,iOS,Patna,20,0,
TXN109182,2026-09-13 20:22:35,USER100092,MERCH200589,428.55,Fuel,Android,Patna,20,0,
TXN109183,2026-09-13 20:24:35,USER100366,USER101038,345.01,Utility Bills,iOS,Pune,20,0,
TXN109184,2026-09-13 20:25:52,USER100086,MERCH201485,340.73,Fuel,Android,Hyderabad,20,0,
TXN109185,2026-09-13 20:27:03,USER102179,USER101555,3551.22,Travel,Android,Kolkata,20,0,
TXN109186,2026-09-13 20:27:22,USER102135,MERCH200470,168.03,Healthcare,iOS,Ahmedabad,20,0,
TXN109187,2026-09-13 20:29:00,USER102309,USER100051,106.4,Utility Bills,iOS,Mumbai,20,0,
TXN109188,2026-09-13 20:29:23,USER101039,USER101758,186.7,Travel,Android,Delhi,20,0,
TXN109189,2026-09-13 20:30:34,USER102663,USER100565,201.21,Entertainment,Android,Delhi,20,0,
TXN109190,2026-09-13 20:31:21,USER100971,USER101769,1158.22,Travel,Android,Pune,20,0,
TXN109191,2026-09-13 20:32:09,USER102741,USER102311,67.59,Grocery,iOS,Bengaluru,20,0,
TXN109192,2026-09-13 20:33:44,USER100933,USER101022,359.11,Utility Bills,Android,Chennai,20,0,
TXN109193,2026-09-13 20:34:02,USER102652,USER102508,72.24,Fuel,Android,Bengaluru,20,0,
TXN109194,2026-09-13 20:36:26,USER100796,MERCH200340,272.76,Entertainment,Android,Delhi,20,0,
TXN109195,2026-09-13 20:38:13,USER100230,MERCH200296,574.17,P2P Transfer,Android,Jaipur,20,0,
TXN109196,2026-09-13 20:39:14,USER100779,USER101286,131.24,Fuel,Android,Hyderabad,20,0,
TXN109197,2026-09-13 20:39:14,USER102774,USER101848,208.79,Mobile Recharge,iOS,Bengaluru,20,0,
TXN109198,2026-09-13 20:39:41,USER102924,USER100804,408.97,Healthcare,Android,Patna,20,0,
TXN109199,2026-09-13 20:40:04,USER100896,MERCH201190,1969.29,Grocery,Android,Lucknow,20,0,
TXN109200,2026-09-13 20:41:16,USER101864,USER100737,629.4,P2P Transfer,Android,Jaipur,20,0,
TXN109201,2026-09-13 20:41:40,USER102948,USER102924,323.24,Utility Bills,Android,Pune,20,0,
TXN109202,2026-09-13 20:41:58,USER100993,USER101774,291.91,Utility Bills,Android,Ahmedabad,20,0,
TXN109203,2026-09-13 20:42:22,USER100298,USER102995,836.17,P2P Transfer,Android,Delhi,20,0,
TXN109204,2026-09-13 20:44:25,USER100704,USER100615,66.75,Grocery,Android,Kolkata,20,0,
TXN109205,2026-09-13 20:45:39,USER102814,USER102563,161.71,Grocery,Android,Bengaluru,20,0,
TXN109206,2026-09-13 20:46:58,USER102347,USER101056,240.32,Food & Dining,Android,Chennai,20,0,
TXN109207,2026-09-13 20:48:05,USER101662,USER100708,119.21,Travel,Android,Delhi,20,0,
TXN109208,2026-09-13 20:48:12,USER102283,USER102119,72.64,Grocery,Android,Mumbai,20,0,
TXN109209,2026-09-13 20:48:47,USER100928,USER100913,536.91,Food & Dining,Android,Kolkata,20,0,
TXN109210,2026-09-13 20:52:11,USER101483,USER100288,627.79,Healthcare,Android,Delhi,20,0,
TXN109211,2026-09-13 20:55:38,USER100276,USER102427,351.51,Utility Bills,Android,Mumbai,20,0,
TXN109212,2026-09-13 20:58:02,USER101687,USER102607,1472.51,Fuel,Android,Mumbai,20,0,
TXN109213,2026-09-13 20:58:12,USER101639,USER100934,3736.77,Healthcare,Android,Kolkata,20,0,
TXN109214,2026-09-13 20:59:33,USER101584,USER101711,193.49,Shopping,Android,Kolkata,20,0,
TXN109215,2026-09-13 20:59:48,USER101935,MERCH200413,169.69,Utility Bills,Android,Hyderabad,20,0,
TXN109216,2026-09-13 21:02:03,USER100649,USER100393,422.59,Healthcare,Android,Mumbai,21,0,
TXN109217,2026-09-13 21:02:03,USER101529,MERCH201187,9248.03,Food & Dining,Android,Hyderabad,21,0,
TXN109218,2026-09-13 21:04:26,USER102196,USER101927,478.98,Travel,Android,Chennai,21,0,
TXN109219,2026-09-13 21:05:26,USER101138,USER100526,136.68,Entertainment,Android,Pune,21,0,
TXN109220,2026-09-13 21:08:28,USER100047,MERCH201174,29.44,Fuel,Android,Delhi,21,0,
TXN109221,2026-09-13 21:10:39,USER101202,MERCH201417,322.47,Mobile Recharge,Android,Chennai,21,0,
TXN109222,2026-09-13 21:12:13,USER101233,USER102084,4143.67,Shopping,Android,Ahmedabad,21,0,
TXN109223,2026-09-13 21:15:53,USER102309,USER100792,2319.45,Grocery,Android,Kolkata,21,0,
TXN109224,2026-09-13 21:19:20,USER100555,MERCH200532,684.27,P2P Transfer,Android,Delhi,21,0,
TXN109225,2026-09-13 21:20:00,USER100805,USER102588,4861.23,P2P Transfer,Android,Mumbai,21,1,velocity_burst
TXN109226,2026-09-13 21:20:41,USER101381,MERCH200560,3133.65,Shopping,Android,Pune,21,0,
TXN109227,2026-09-13 21:21:18,USER100882,MERCH201022,21.32,Grocery,iOS,Mumbai,21,0,
TXN109228,2026-09-13 21:22:34,USER101150,USER100136,1427.39,Mobile Recharge,Android,Hyderabad,21,0,
TXN109229,2026-09-13 21:24:47,USER100287,MERCH200667,755.47,Grocery,Android,Kolkata,21,0,
TXN109230,2026-09-13 21:27:35,USER101163,MERCH200848,10.0,P2P Transfer,Android,Hyderabad,21,0,
TXN109231,2026-09-13 21:31:06,USER100366,USER100216,346.07,Grocery,iOS,Indore,21,0,
TXN109232,2026-09-13 21:31:33,USER102876,MERCH200886,547.42,Utility Bills,Android,Delhi,21,0,
TXN109233,2026-09-13 21:32:51,USER101002,USER102348,1360.38,Mobile Recharge,Android,Bengaluru,21,0,
TXN109234,2026-09-13 21:36:59,USER100526,USER100314,458.41,Food & Dining,Android,Chennai,21,0,
TXN109235,2026-09-13 21:37:38,USER100960,MERCH200841,883.02,Healthcare,Android,Pune,21,0,
TXN109236,2026-09-13 21:38:32,USER101954,USER102380,107.55,Fuel,Android,Delhi,21,0,
TXN109237,2026-09-13 21:38:48,USER102335,USER101729,611.67,Fuel,Android,Pune,21,0,
TXN109238,2026-09-13 21:39:31,USER102379,MERCH200491,279.3,Travel,Android,Delhi,21,0,
TXN109239,2026-09-13 21:39:44,USER102854,USER102900,10.0,Healthcare,Android,Pune,21,0,
TXN109240,2026-09-13 21:40:27,USER100359,MERCH201048,149.75,Entertainment,Android,Mumbai,21,0,
TXN109241,2026-09-13 21:41:37,USER100931,MERCH200919,88.59,P2P Transfer,Android,Delhi,21,0,
TXN109242,2026-09-13 21:41:45,USER101850,USER102022,324.6,P2P Transfer,Android,Bengaluru,21,0,
TXN109243,2026-09-13 21:42:33,USER101037,USER102628,21.25,Utility Bills,iOS,Patna,21,0,
TXN109244,2026-09-13 21:46:57,USER101161,USER101819,325.78,Food & Dining,Android,Pune,21,0,
TXN109245,2026-09-13 21:47:48,USER100319,MERCH200227,63.97,Utility Bills,Android,Pune,21,0,
TXN109246,2026-09-13 21:52:00,USER101637,USER102170,319.11,Utility Bills,Android,Pune,21,0,
TXN109247,2026-09-13 21:52:31,USER100690,USER101322,919.7,Entertainment,Android,Ahmedabad,21,0,
TXN109248,2026-09-13 21:56:43,USER100096,MERCH200204,75.33,Shopping,Android,Pune,21,0,
TXN109249,2026-09-13 22:01:18,USER101044,USER100169,110.26,Healthcare,Android,Patna,22,0,
TXN109250,2026-09-13 22:06:36,USER100993,USER101547,639.3,Grocery,Android,Delhi,22,0,
TXN109251,2026-09-13 22:16:12,USER102337,USER100039,40.25,Shopping,Android,Delhi,22,0,
TXN109252,2026-09-13 22:18:41,USER102269,USER102259,233.1,Fuel,Android,Ahmedabad,22,0,
TXN109253,2026-09-13 22:18:55,USER101694,USER100953,181.57,Food & Dining,Android,Kolkata,22,0,
TXN109254,2026-09-13 22:22:40,USER102431,USER102133,239.35,Grocery,Android,Delhi,22,0,
TXN109255,2026-09-13 22:39:48,USER101274,USER100848,335.92,P2P Transfer,Android,Bengaluru,22,0,
TXN109256,2026-09-13 22:41:38,USER101372,USER100742,295.34,Shopping,Android,Mumbai,22,0,
TXN109257,2026-09-13 22:41:44,USER102144,USER102667,150.24,Travel,Android,Bengaluru,22,0,
TXN109258,2026-09-13 22:42:45,USER100170,USER102269,632.27,Healthcare,Android,Chennai,22,0,
TXN109259,2026-09-13 22:47:22,USER100423,MERCH200043,567.76,Food & Dining,Android,Chennai,22,0,
TXN109260,2026-09-13 22:47:24,USER101902,USER100909,6972.59,Shopping,Android,Delhi,22,0,
TXN109261,2026-09-13 22:51:52,USER101636,MERCH200314,270.69,Food & Dining,Android,Mumbai,22,0,
TXN109262,2026-09-13 22:52:29,USER101138,MERCH200561,94.17,Utility Bills,Android,Bengaluru,22,0,
TXN109263,2026-09-13 22:53:01,USER101497,USER102128,335.31,Food & Dining,Android,Jaipur,22,0,
TXN109264,2026-09-13 22:53:18,USER100277,USER102064,91.34,Fuel,iOS,Chennai,22,0,
TXN109265,2026-09-13 23:02:27,USER102356,USER102739,919.14,Shopping,iOS,Indore,23,0,
TXN109266,2026-09-13 23:45:03,USER100174,USER101072,2967.31,Utility Bills,Android,Delhi,23,0,
TXN109267,2026-09-14 00:02:00,USER100330,USER101906,40300.69,Fuel,Android,Mumbai,0,1,odd_hour_high_amount
TXN109268,2026-09-14 00:04:34,USER102176,MERCH201012,1058.22,Utility Bills,Android,Bengaluru,0,0,
TXN109269,2026-09-14 00:19:51,USER102812,MERCH201089,205.81,P2P Transfer,Android,Bengaluru,0,0,
TXN109270,2026-09-14 00:33:43,USER100879,MERCH201443,293.15,Food & Dining,Android,Bengaluru,0,0,
TXN109271,2026-09-14 01:18:00,USER101130,USER100765,12211.27,Utility Bills,Android,Bengaluru,1,1,odd_hour_high_amount
TXN109272,2026-09-14 02:03:00,USER100782,USER100772,19493.31,Food & Dining,iOS,Pune,2,1,odd_hour_high_amount
TXN109273,2026-09-14 02:12:00,USER100680,MERCH200627,10870.79,Fuel,Android,Lucknow,2,1,odd_hour_high_amount
TXN109274,2026-09-14 02:35:20,USER102352,USER100444,191.21,Fuel,Android,Kolkata,2,0,
TXN109275,2026-09-14 02:53:55,USER102072,MERCH200022,4385.43,Food & Dining,iOS,Kolkata,2,0,
TXN109276,2026-09-14 04:51:05,USER100077,USER100853,68.37,Food & Dining,Android,Hyderabad,4,0,
TXN109277,2026-09-14 04:53:16,USER102256,USER101512,201.87,Entertainment,iOS,Delhi,4,0,
TXN109278,2026-09-14 06:12:57,USER101676,USER101798,1250.71,Travel,Android,Delhi,6,0,
TXN109279,2026-09-14 06:17:00,USER101438,USER100079,936.99,P2P Transfer,Android,Ahmedabad,6,1,velocity_burst
TXN109280,2026-09-14 06:18:31,USER101031,MERCH200476,224.61,Mobile Recharge,Android,Bengaluru,6,0,
TXN109281,2026-09-14 06:20:44,USER102895,MERCH200376,1224.64,Entertainment,Android,Patna,6,0,
TXN109282,2026-09-14 06:22:02,USER102918,USER101191,79.54,Healthcare,iOS,Ahmedabad,6,0,
TXN109283,2026-09-14 06:50:36,USER101793,MERCH200924,1641.42,Mobile Recharge,Android,Mumbai,6,0,
TXN109284,2026-09-14 06:52:58,USER100407,USER101787,546.16,Shopping,Android,Bengaluru,6,0,
TXN109285,2026-09-14 06:58:29,USER102738,USER100110,1052.7,Fuel,Android,Mumbai,6,0,
TXN109286,2026-09-14 07:03:37,USER101632,USER102776,135.02,Shopping,Android,Kolkata,7,0,
TXN109287,2026-09-14 07:05:25,USER102119,USER101491,94.01,Grocery,iOS,Kolkata,7,0,
TXN109288,2026-09-14 07:05:29,USER102721,USER102160,22.96,Grocery,Android,Ahmedabad,7,0,
TXN109289,2026-09-14 07:08:48,USER102682,MERCH201373,228.56,Food & Dining,Android,Mumbai,7,0,
TXN109290,2026-09-14 07:14:25,USER101358,USER100648,1124.24,Entertainment,iOS,Delhi,7,0,
TXN109291,2026-09-14 07:25:11,USER102739,USER100973,683.53,Healthcare,Android,Delhi,7,0,
TXN109292,2026-09-14 07:27:29,USER101268,USER102512,482.9,Healthcare,Android,Indore,7,0,
TXN109293,2026-09-14 07:42:00,USER100502,USER100041,3176.37,Fuel,Android,Bengaluru,7,0,
TXN109294,2026-09-14 07:46:55,USER100547,USER102144,684.1,Travel,iOS,Hyderabad,7,0,
TXN109295,2026-09-14 07:51:40,USER100937,USER101871,212.91,Entertainment,iOS,Jaipur,7,0,
TXN109296,2026-09-14 07:56:24,USER100670,MERCH201474,322.44,Travel,Android,Mumbai,7,0,
TXN109297,2026-09-14 08:02:17,USER101298,USER100643,702.74,Entertainment,Android,Bengaluru,8,0,
TXN109298,2026-09-14 08:05:42,USER102451,USER101654,4702.17,P2P Transfer,Android,Indore,8,0,
TXN109299,2026-09-14 08:10:17,USER102996,USER101409,2992.75,Fuel,Android,Pune,8,0,
TXN109300,2026-09-14 08:11:16,USER101537,MERCH200354,88.85,Entertainment,iOS,Pune,8,0,
TXN109301,2026-09-14 08:11:46,USER102764,USER101290,99.22,Entertainment,Android,Delhi,8,0,
TXN109302,2026-09-14 08:12:34,USER100595,MERCH200172,88.94,Grocery,Android,Delhi,8,0,
TXN109303,2026-09-14 08:12:37,USER101230,USER100246,7718.09,Grocery,iOS,Delhi,8,0,
TXN109304,2026-09-14 08:14:31,USER102998,USER100442,241.13,Shopping,Android,Mumbai,8,0,
TXN109305,2026-09-14 08:14:54,USER101135,USER100961,507.12,Travel,Android,Ahmedabad,8,0,
TXN109306,2026-09-14 08:15:26,USER100916,MERCH200420,736.72,Healthcare,iOS,Delhi,8,0,
TXN109307,2026-09-14 08:18:30,USER102389,USER101291,413.2,Food & Dining,iOS,Mumbai,8,0,
TXN109308,2026-09-14 08:18:31,USER102725,MERCH200418,128.54,Entertainment,Android,Bengaluru,8,0,
TXN109309,2026-09-14 08:18:59,USER100908,MERCH200614,239.53,Entertainment,iOS,Mumbai,8,0,
TXN109310,2026-09-14 08:19:04,USER100390,USER101870,130.58,Grocery,Android,Delhi,8,0,
TXN109311,2026-09-14 08:22:25,USER100865,USER102248,139.73,Fuel,Android,Delhi,8,0,
TXN109312,2026-09-14 08:29:33,USER100504,USER101654,652.38,Food & Dining,Android,Chennai,8,0,
TXN109313,2026-09-14 08:29:54,USER100274,USER100811,244.92,P2P Transfer,Android,Kolkata,8,0,
TXN109314,2026-09-14 08:30:53,USER101724,MERCH201009,130.14,P2P Transfer,Android,Hyderabad,8,0,
TXN109315,2026-09-14 08:32:03,USER100149,USER101463,543.87,P2P Transfer,Android,Mumbai,8,0,
TXN109316,2026-09-14 08:34:18,USER102283,MERCH200648,644.57,Grocery,Android,Indore,8,0,
TXN109317,2026-09-14 08:34:55,USER100019,MERCH200246,717.12,Entertainment,Android,Hyderabad,8,0,
TXN109318,2026-09-14 08:36:20,USER101695,MERCH201218,151.79,Food & Dining,Android,Bengaluru,8,0,
TXN109319,2026-09-14 08:36:36,USER102746,USER102531,251.46,P2P Transfer,Android,Bengaluru,8,0,
TXN109320,2026-09-14 08:45:05,USER102621,USER102174,1006.04,Entertainment,Android,Kolkata,8,0,
TXN109321,2026-09-14 08:45:31,USER102121,USER101079,110.11,Healthcare,Android,Hyderabad,8,0,
TXN109322,2026-09-14 08:46:07,USER101681,USER101217,622.59,Fuel,Android,Pune,8,0,
TXN109323,2026-09-14 08:46:11,USER102681,MERCH201288,247.95,Grocery,Android,Mumbai,8,0,
TXN109324,2026-09-14 08:47:05,USER101193,USER102980,104.81,Mobile Recharge,Android,Mumbai,8,0,
TXN109325,2026-09-14 08:47:14,USER102403,MERCH200113,489.88,Utility Bills,Android,Hyderabad,8,0,
TXN109326,2026-09-14 08:51:22,USER102776,USER102966,246.22,Fuel,Android,Mumbai,8,0,
TXN109327,2026-09-14 08:52:01,USER101433,USER101971,379.13,Fuel,Android,Hyderabad,8,0,
TXN109328,2026-09-14 08:53:34,USER101784,MERCH200959,1708.25,P2P Transfer,iOS,Hyderabad,8,0,
TXN109329,2026-09-14 08:53:44,USER101026,USER102187,613.18,Grocery,Android,Hyderabad,8,0,
TXN109330,2026-09-14 08:53:55,USER101482,USER102286,431.47,Food & Dining,Android,Hyderabad,8,0,
TXN109331,2026-09-14 08:54:38,USER102303,USER101532,800.05,P2P Transfer,Android,Mumbai,8,0,
TXN109332,2026-09-14 08:57:51,USER100260,USER102670,472.44,Entertainment,Android,Mumbai,8,0,
TXN109333,2026-09-14 08:59:27,USER101569,USER102630,2358.95,Travel,Android,Bengaluru,8,0,
TXN109334,2026-09-14 08:59:36,USER100460,MERCH200893,609.81,Healthcare,Android,Delhi,8,0,
TXN109335,2026-09-14 09:00:33,USER100851,USER101961,168.64,Mobile Recharge,Android,Mumbai,9,0,
TXN109336,2026-09-14 09:01:08,USER100496,MERCH200789,628.35,Mobile Recharge,Android,Kolkata,9,0,
TXN109337,2026-09-14 09:01:39,USER101804,USER100874,1953.48,Travel,Android,Bengaluru,9,0,
TXN109338,2026-09-14 09:03:08,USER102516,MERCH200388,154.28,P2P Transfer,Android,Chennai,9,0,
TXN109339,2026-09-14 09:04:40,USER102246,MERCH200303,198.01,Utility Bills,Android,Mumbai,9,0,
TXN109340,2026-09-14 09:05:05,USER101324,MERCH200485,174.15,Travel,Android,Hyderabad,9,0,
TXN109341,2026-09-14 09:05:05,USER101209,USER101628,174.44,Travel,iOS,Chennai,9,0,
TXN109342,2026-09-14 09:05:38,USER101021,MERCH201062,1495.17,Entertainment,iOS,Mumbai,9,0,
TXN109343,2026-09-14 09:05:52,USER102752,MERCH200804,780.88,Mobile Recharge,iOS,Bengaluru,9,0,
TXN109344,2026-09-14 09:05:59,USER101541,MERCH200644,4215.95,Grocery,Android,Chennai,9,0,
TXN109345,2026-09-14 09:07:27,USER100645,MERCH200383,1498.91,Healthcare,Android,Kolkata,9,0,
TXN109346,2026-09-14 09:08:07,USER101628,MERCH200665,1399.01,Mobile Recharge,Android,Mumbai,9,0,
TXN109347,2026-09-14 09:10:15,USER101924,USER101328,646.4,Food & Dining,Android,Bengaluru,9,0,
TXN109348,2026-09-14 09:11:38,USER102411,MERCH201204,580.97,P2P Transfer,Android,Chennai,9,0,
TXN109349,2026-09-14 09:15:51,USER102394,USER102140,1290.42,Mobile Recharge,iOS,Kolkata,9,0,
TXN109350,2026-09-14 09:16:07,USER102021,USER100778,72.94,Entertainment,Android,Delhi,9,0,
TXN109351,2026-09-14 09:16:47,USER101362,USER102363,1830.72,Mobile Recharge,iOS,Jaipur,9,0,
TXN109352,2026-09-14 09:17:06,USER102519,USER102848,3653.69,Travel,Android,Kolkata,9,0,
TXN109353,2026-09-14 09:17:59,USER101451,USER101925,334.77,Travel,Android,Delhi,9,0,
TXN109354,2026-09-14 09:18:28,USER102716,USER102714,387.09,Grocery,iOS,Indore,9,0,
TXN109355,2026-09-14 09:18:45,USER100071,MERCH201124,5339.66,Travel,Android,Mumbai,9,0,
TXN109356,2026-09-14 09:20:10,USER100335,USER101423,170.59,Mobile Recharge,Android,Delhi,9,0,
TXN109357,2026-09-14 09:23:12,USER100634,MERCH200037,212.23,P2P Transfer,Android,Mumbai,9,0,
TXN109358,2026-09-14 09:24:35,USER101733,USER102827,261.62,Travel,Android,Mumbai,9,0,
TXN109359,2026-09-14 09:24:44,USER101782,MERCH201205,500.97,Healthcare,Android,Delhi,9,0,
TXN109360,2026-09-14 09:29:08,USER101705,USER100009,53.26,Utility Bills,iOS,Kolkata,9,0,
TXN109361,2026-09-14 09:30:00,USER101100,MERCH201497,95.86,Travel,Android,Kolkata,9,0,
TXN109362,2026-09-14 09:31:43,USER100367,USER102702,312.72,P2P Transfer,Android,Hyderabad,9,0,
TXN109363,2026-09-14 09:32:42,USER102931,MERCH200030,403.51,Healthcare,Android,Hyderabad,9,0,
TXN109364,2026-09-14 09:34:50,USER102881,USER102110,415.5,Healthcare,Android,Delhi,9,0,
TXN109365,2026-09-14 09:35:07,USER100447,USER100478,3463.22,Utility Bills,Android,Patna,9,0,
TXN109366,2026-09-14 09:35:24,USER102021,USER100370,251.35,Fuel,Android,Mumbai,9,0,
TXN109367,2026-09-14 09:35:36,USER100670,MERCH200190,147.85,Fuel,Android,Delhi,9,0,
TXN109368,2026-09-14 09:36:57,USER102179,USER102688,1022.95,Grocery,Android,Kolkata,9,0,
TXN109369,2026-09-14 09:37:23,USER102752,USER101264,834.1,Travel,Android,Mumbai,9,0,
TXN109370,2026-09-14 09:44:26,USER102682,MERCH200949,482.37,Mobile Recharge,Android,Delhi,9,0,
TXN109371,2026-09-14 09:46:11,USER102473,USER102064,116.13,Shopping,Android,Ahmedabad,9,0,
TXN109372,2026-09-14 09:48:09,USER102736,MERCH201113,176.64,Entertainment,Android,Chennai,9,0,
TXN109373,2026-09-14 09:48:51,USER101072,USER102770,57.54,Utility Bills,Android,Mumbai,9,0,
TXN109374,2026-09-14 09:49:35,USER101900,USER102156,294.17,Shopping,Android,Delhi,9,0,
TXN109375,2026-09-14 09:50:53,USER102678,MERCH200625,124.65,Mobile Recharge,Android,Bengaluru,9,0,
TXN109376,2026-09-14 09:52:34,USER102263,MERCH200341,577.92,Travel,Android,Mumbai,9,0,
TXN109377,2026-09-14 09:54:41,USER101050,MERCH201038,1823.57,Mobile Recharge,iOS,Mumbai,9,0,
TXN109378,2026-09-14 09:57:55,USER101352,USER101479,547.7,Entertainment,Android,Kolkata,9,0,
TXN109379,2026-09-14 10:00:27,USER101527,MERCH200372,214.72,P2P Transfer,Android,Bengaluru,10,0,
TXN109380,2026-09-14 10:01:22,USER101076,USER102426,246.44,Entertainment,Android,Bengaluru,10,0,
TXN109381,2026-09-14 10:01:57,USER101381,USER101697,201.7,Mobile Recharge,iOS,Indore,10,0,
TXN109382,2026-09-14 10:02:22,USER101811,USER101588,155.34,Food & Dining,Android,Delhi,10,0,
TXN109383,2026-09-14 10:03:12,USER100925,USER102062,277.04,Utility Bills,Android,Chennai,10,0,
TXN109384,2026-09-14 10:03:40,USER101262,USER101788,272.74,P2P Transfer,Android,Mumbai,10,0,
TXN109385,2026-09-14 10:08:10,USER101957,USER101450,412.32,P2P Transfer,Android,Bengaluru,10,0,
TXN109386,2026-09-14 10:08:56,USER102745,USER102306,195.14,Fuel,iOS,Mumbai,10,0,
TXN109387,2026-09-14 10:09:15,USER100120,USER102649,214.07,Entertainment,Android,Indore,10,0,
TXN109388,2026-09-14 10:11:27,USER100244,USER100990,202.13,Fuel,Android,Bengaluru,10,0,
TXN109389,2026-09-14 10:12:15,USER102017,USER100813,197.4,Shopping,Android,Pune,10,0,
TXN109390,2026-09-14 10:12:37,USER101936,USER102873,76.38,Food & Dining,iOS,Bengaluru,10,0,
TXN109391,2026-09-14 10:13:27,USER100511,USER100814,31.94,Entertainment,iOS,Mumbai,10,0,
TXN109392,2026-09-14 10:14:09,USER102714,USER100789,168.13,Fuel,iOS,Bengaluru,10,0,
TXN109393,2026-09-14 10:14:13,USER100941,USER100782,231.98,Travel,Android,Pune,10,0,
TXN109394,2026-09-14 10:15:07,USER101297,MERCH200819,141.75,Grocery,Android,Indore,10,0,
TXN109395,2026-09-14 10:18:08,USER102477,USER102364,154.25,Utility Bills,Android,Kolkata,10,0,
TXN109396,2026-09-14 10:22:39,USER100101,USER102216,67.54,Travel,iOS,Hyderabad,10,0,
TXN109397,2026-09-14 10:27:30,USER101225,USER100961,32.45,Healthcare,iOS,Mumbai,10,0,
TXN109398,2026-09-14 10:29:55,USER101975,USER102454,52.46,Fuel,Android,Kolkata,10,0,
TXN109399,2026-09-14 10:32:22,USER102674,USER101124,4464.01,Healthcare,Android,Jaipur,10,0,
TXN109400,2026-09-14 10:33:59,USER100902,USER102552,203.1,Shopping,Android,Kolkata,10,0,
TXN109401,2026-09-14 10:36:25,USER102034,USER100880,85.57,P2P Transfer,Android,Patna,10,0,
TXN109402,2026-09-14 10:36:27,USER100277,USER100681,767.53,P2P Transfer,Android,Mumbai,10,0,
TXN109403,2026-09-14 10:36:41,USER101393,USER100669,381.2,P2P Transfer,Android,Bengaluru,10,0,
TXN109404,2026-09-14 10:37:17,USER102579,USER101739,699.7,Entertainment,Android,Delhi,10,0,
TXN109405,2026-09-14 10:38:02,USER102530,USER101330,80.56,Entertainment,Android,Delhi,10,0,
TXN109406,2026-09-14 10:39:44,USER100105,USER101857,257.43,Healthcare,Android,Mumbai,10,0,
TXN109407,2026-09-14 10:41:32,USER101505,MERCH200808,533.87,Grocery,Android,Kolkata,10,0,
TXN109408,2026-09-14 10:41:41,USER100889,MERCH200878,422.43,Mobile Recharge,Android,Chennai,10,0,
TXN109409,2026-09-14 10:41:56,USER100673,MERCH200566,428.3,Mobile Recharge,iOS,Kolkata,10,0,
TXN109410,2026-09-14 10:43:26,USER102602,MERCH201030,605.52,Healthcare,Android,Delhi,10,0,
TXN109411,2026-09-14 10:43:45,USER102816,USER100393,137.88,Mobile Recharge,Android,Chennai,10,0,
TXN109412,2026-09-14 10:45:09,USER102277,USER102870,360.61,Utility Bills,Android,Ahmedabad,10,0,
TXN109413,2026-09-14 10:45:15,USER101055,USER102845,15.26,Shopping,Android,Delhi,10,0,
TXN109414,2026-09-14 10:51:34,USER101419,USER100955,615.53,Travel,iOS,Delhi,10,0,
TXN109415,2026-09-14 10:51:34,USER102427,USER100105,561.99,Utility Bills,Android,Hyderabad,10,0,
TXN109416,2026-09-14 10:51:41,USER102581,USER101787,223.39,Fuel,iOS,Ahmedabad,10,0,
TXN109417,2026-09-14 10:52:40,USER100659,USER101710,1060.49,P2P Transfer,Android,Ahmedabad,10,0,
TXN109418,2026-09-14 10:53:14,USER100616,USER102267,511.44,Fuel,Android,Mumbai,10,0,
TXN109419,2026-09-14 10:53:57,USER102494,MERCH201384,188.38,Travel,Android,Mumbai,10,0,
TXN109420,2026-09-14 10:54:08,USER100993,MERCH200572,572.14,Travel,Android,Kolkata,10,0,
TXN109421,2026-09-14 10:54:20,USER101921,USER100778,1336.08,Mobile Recharge,Android,Hyderabad,10,0,
TXN109422,2026-09-14 10:54:38,USER102187,USER100226,1548.76,Healthcare,iOS,Kolkata,10,0,
TXN109423,2026-09-14 10:55:12,USER102813,MERCH201364,1017.98,Food & Dining,Android,Chennai,10,0,
TXN109424,2026-09-14 10:55:29,USER100925,USER100146,430.98,Mobile Recharge,iOS,Delhi,10,0,
TXN109425,2026-09-14 10:56:19,USER102342,USER100134,383.95,Shopping,Android,Bengaluru,10,0,
TXN109426,2026-09-14 10:56:27,USER100020,USER102917,141.72,Shopping,Android,Kolkata,10,0,
TXN109427,2026-09-14 10:56:35,USER101802,USER101196,1705.73,Shopping,iOS,Delhi,10,0,
TXN109428,2026-09-14 10:58:48,USER101862,USER101399,154.52,Travel,iOS,Delhi,10,0,
TXN109429,2026-09-14 10:58:52,USER101379,MERCH200811,200.7,P2P Transfer,Android,Mumbai,10,0,
TXN109430,2026-09-14 10:59:52,USER100565,USER101776,1213.65,Fuel,Android,Chennai,10,0,
TXN109431,2026-09-14 11:00:36,USER100240,USER101184,693.94,P2P Transfer,Android,Kolkata,11,0,
TXN109432,2026-09-14 11:00:59,USER101308,USER101714,329.43,Entertainment,Android,Delhi,11,0,
TXN109433,2026-09-14 11:02:00,USER100534,MERCH200923,3220.76,P2P Transfer,Android,Indore,11,1,velocity_burst
TXN109434,2026-09-14 11:02:10,USER100438,USER100598,275.58,Healthcare,Android,Ahmedabad,11,0,
TXN109435,2026-09-14 11:03:45,USER101568,USER102843,642.5,Shopping,Android,Patna,11,0,
TXN109436,2026-09-14 11:06:39,USER102907,USER102941,2538.22,Grocery,Android,Hyderabad,11,0,
TXN109437,2026-09-14 11:06:46,USER102381,USER102536,3006.69,Entertainment,iOS,Ahmedabad,11,0,
TXN109438,2026-09-14 11:07:31,USER102967,MERCH200240,311.81,Food & Dining,iOS,Bengaluru,11,0,
TXN109439,2026-09-14 11:10:28,USER100432,MERCH200447,174.43,Entertainment,Android,Mumbai,11,0,
TXN109440,2026-09-14 11:10:29,USER101822,USER101837,118.46,Grocery,iOS,Delhi,11,0,
TXN109441,2026-09-14 11:11:08,USER101199,USER101718,200.82,P2P Transfer,Android,Bengaluru,11,0,
TXN109442,2026-09-14 11:11:25,USER100207,USER102370,1440.23,P2P Transfer,Android,Mumbai,11,0,
TXN109443,2026-09-14 11:12:04,USER102592,USER102855,113.37,Food & Dining,Android,Bengaluru,11,0,
TXN109444,2026-09-14 11:13:03,USER100193,USER101185,543.86,Entertainment,Android,Bengaluru,11,0,
TXN109445,2026-09-14 11:13:31,USER101666,USER100580,860.04,Mobile Recharge,Android,Bengaluru,11,0,
TXN109446,2026-09-14 11:13:36,USER102195,MERCH201246,61.98,Travel,Android,Bengaluru,11,0,
TXN109447,2026-09-14 11:14:19,USER102831,USER100272,623.47,Food & Dining,iOS,Indore,11,0,
TXN109448,2026-09-14 11:15:50,USER101996,USER100536,1432.45,Utility Bills,Android,Chennai,11,0,
TXN109449,2026-09-14 11:16:48,USER100619,USER100816,952.71,Grocery,Android,Bengaluru,11,0,
TXN109450,2026-09-14 11:16:53,USER102411,USER102138,78.57,Food & Dining,Android,Kolkata,11,0,
TXN109451,2026-09-14 11:17:50,USER100299,MERCH201496,375.92,Travel,Android,Ahmedabad,11,0,
TXN109452,2026-09-14 11:18:15,USER102608,MERCH200620,183.19,Healthcare,Android,Kolkata,11,0,
TXN109453,2026-09-14 11:18:21,USER100732,USER102989,353.71,Entertainment,Android,Mumbai,11,0,
TXN109454,2026-09-14 11:21:53,USER100116,MERCH200656,128.96,Grocery,Android,Kolkata,11,0,
TXN109455,2026-09-14 11:22:03,USER102574,MERCH201201,850.9,Entertainment,iOS,Hyderabad,11,0,
TXN109456,2026-09-14 11:23:40,USER102302,MERCH200346,223.51,Entertainment,iOS,Hyderabad,11,0,
TXN109457,2026-09-14 11:24:47,USER100945,MERCH201031,284.55,Food & Dining,Android,Kolkata,11,0,
TXN109458,2026-09-14 11:24:55,USER102651,MERCH200413,186.79,P2P Transfer,Android,Pune,11,0,
TXN109459,2026-09-14 11:25:11,USER100561,USER101962,127.61,Utility Bills,Android,Kolkata,11,0,
TXN109460,2026-09-14 11:25:33,USER101698,USER102209,556.01,Food & Dining,Android,Hyderabad,11,0,
TXN109461,2026-09-14 11:25:57,USER102845,USER102500,462.89,Travel,Android,Bengaluru,11,0,
TXN109462,2026-09-14 11:26:41,USER100499,USER100893,776.96,Utility Bills,Android,Bengaluru,11,0,
TXN109463,2026-09-14 11:27:05,USER102229,USER100881,641.21,Healthcare,Android,Hyderabad,11,0,
TXN109464,2026-09-14 11:31:36,USER101040,MERCH201283,271.48,Utility Bills,Android,Mumbai,11,0,
TXN109465,2026-09-14 11:31:52,USER101399,USER100304,1057.2,Food & Dining,Android,Kolkata,11,0,
TXN109466,2026-09-14 11:33:16,USER101640,USER101536,421.41,Healthcare,Android,Mumbai,11,0,
TXN109467,2026-09-14 11:33:28,USER100703,USER101782,461.06,Fuel,iOS,Jaipur,11,0,
TXN109468,2026-09-14 11:37:20,USER102904,USER102794,368.73,P2P Transfer,Android,Delhi,11,0,
TXN109469,2026-09-14 11:37:52,USER101104,USER102842,778.74,Mobile Recharge,Android,Jaipur,11,0,
TXN109470,2026-09-14 11:38:14,USER100354,MERCH201174,1011.62,Shopping,iOS,Mumbai,11,0,
TXN109471,2026-09-14 11:38:23,USER100245,USER100276,241.84,Entertainment,Android,Kolkata,11,0,
TXN109472,2026-09-14 11:39:26,USER101571,USER101243,405.75,Fuel,Android,Jaipur,11,0,
TXN109473,2026-09-14 11:42:31,USER100742,MERCH200755,89.4,Shopping,Android,Hyderabad,11,0,
TXN109474,2026-09-14 11:43:45,USER102587,USER101503,77.85,Fuel,iOS,Mumbai,11,0,
TXN109475,2026-09-14 11:44:37,USER102988,MERCH201471,427.49,P2P Transfer,Android,Mumbai,11,0,
TXN109476,2026-09-14 11:45:33,USER100342,USER101428,802.97,Entertainment,Android,Jaipur,11,0,
TXN109477,2026-09-14 11:48:46,USER102516,USER100076,281.91,Mobile Recharge,Android,Delhi,11,0,
TXN109478,2026-09-14 11:51:56,USER100046,MERCH201097,477.25,Mobile Recharge,Android,Mumbai,11,0,
TXN109479,2026-09-14 11:52:00,USER102142,USER101676,269.6,Shopping,Android,Mumbai,11,0,
TXN109480,2026-09-14 11:52:44,USER102024,USER100299,678.49,Healthcare,Android,Ahmedabad,11,0,
TXN109481,2026-09-14 11:53:12,USER100793,USER101384,116.26,Shopping,Android,Mumbai,11,0,
TXN109482,2026-09-14 11:54:27,USER102121,MERCH201004,1490.99,Utility Bills,iOS,Hyderabad,11,0,
TXN109483,2026-09-14 11:55:47,USER102696,USER100399,244.85,Food & Dining,Android,Delhi,11,0,
TXN109484,2026-09-14 11:56:40,USER100492,MERCH200680,116.12,Healthcare,iOS,Ahmedabad,11,0,
TXN109485,2026-09-14 11:56:53,USER101817,MERCH201243,1181.07,Travel,Android,Delhi,11,0,
TXN109486,2026-09-14 12:00:41,USER102064,USER102413,4038.1,Food & Dining,iOS,Jaipur,12,0,
TXN109487,2026-09-14 12:02:38,USER101408,MERCH201431,223.08,Travel,Android,Hyderabad,12,0,
TXN109488,2026-09-14 12:03:29,USER101884,USER100900,328.32,Travel,Android,Hyderabad,12,0,
TXN109489,2026-09-14 12:04:04,USER101506,MERCH200685,211.08,Mobile Recharge,Android,Indore,12,0,
TXN109490,2026-09-14 12:04:46,USER101124,MERCH200426,183.7,Mobile Recharge,Android,Delhi,12,0,
TXN109491,2026-09-14 12:05:22,USER100932,MERCH201182,77.3,Shopping,Android,Ahmedabad,12,0,
TXN109492,2026-09-14 12:06:54,USER100644,USER102406,1357.16,P2P Transfer,Android,Pune,12,0,
TXN109493,2026-09-14 12:07:48,USER101140,USER101117,505.95,Utility Bills,Android,Hyderabad,12,0,
TXN109494,2026-09-14 12:09:42,USER102413,USER100610,428.2,Food & Dining,Android,Bengaluru,12,0,
TXN109495,2026-09-14 12:12:14,USER101207,USER102785,1017.14,Mobile Recharge,Android,Kolkata,12,0,
TXN109496,2026-09-14 12:13:49,USER101566,MERCH200591,194.13,Shopping,Android,Mumbai,12,0,
TXN109497,2026-09-14 12:15:47,USER100805,USER102837,280.78,Food & Dining,Android,Indore,12,0,
TXN109498,2026-09-14 12:16:40,USER100670,USER101238,428.15,P2P Transfer,Android,Mumbai,12,0,
TXN109499,2026-09-14 12:18:54,USER101066,MERCH200087,576.44,Travel,Android,Bengaluru,12,0,
TXN109500,2026-09-14 12:19:06,USER101888,USER101496,247.3,Utility Bills,Android,Kolkata,12,0,
TXN109501,2026-09-14 12:19:33,USER100575,USER100822,127.19,Fuel,Android,Patna,12,0,
TXN109502,2026-09-14 12:19:53,USER102722,USER101543,861.38,Travel,Android,Lucknow,12,0,
TXN109503,2026-09-14 12:19:53,USER101988,USER102035,410.88,Fuel,Android,Chennai,12,0,
TXN109504,2026-09-14 12:19:55,USER100629,USER102455,991.84,Travel,Android,Lucknow,12,0,
TXN109505,2026-09-14 12:20:32,USER101774,MERCH200102,494.58,Entertainment,Android,Chennai,12,0,
TXN109506,2026-09-14 12:21:03,USER101033,USER100583,154.38,Utility Bills,iOS,Jaipur,12,0,
TXN109507,2026-09-14 12:23:18,USER101032,USER102585,239.95,Mobile Recharge,Android,Bengaluru,12,0,
TXN109508,2026-09-14 12:24:39,USER100506,USER101482,76.03,P2P Transfer,Android,Kolkata,12,0,
TXN109509,2026-09-14 12:24:40,USER102136,USER102566,3429.14,Food & Dining,Android,Delhi,12,0,
TXN109510,2026-09-14 12:25:31,USER102011,MERCH200383,1002.55,P2P Transfer,iOS,Chennai,12,0,
TXN109511,2026-09-14 12:25:35,USER102048,USER100154,181.76,P2P Transfer,Android,Delhi,12,0,
TXN109512,2026-09-14 12:26:28,USER102720,USER102180,986.14,Grocery,Android,Kolkata,12,0,
TXN109513,2026-09-14 12:26:47,USER102709,USER101546,80.95,P2P Transfer,Android,Ahmedabad,12,0,
TXN109514,2026-09-14 12:30:13,USER101458,MERCH200289,597.37,P2P Transfer,iOS,Pune,12,0,
TXN109515,2026-09-14 12:30:25,USER100768,USER100347,509.44,Utility Bills,Android,Delhi,12,0,
TXN109516,2026-09-14 12:30:44,USER102220,MERCH201074,467.75,Fuel,Android,Chennai,12,0,
TXN109517,2026-09-14 12:31:22,USER100177,USER101501,157.87,Mobile Recharge,iOS,Bengaluru,12,0,
TXN109518,2026-09-14 12:31:24,USER100836,USER102997,1383.42,Shopping,Android,Hyderabad,12,0,
TXN109519,2026-09-14 12:31:44,USER102686,USER100379,634.0,Travel,Android,Hyderabad,12,0,
TXN109520,2026-09-14 12:32:50,USER101843,USER100273,311.99,Entertainment,Android,Kolkata,12,0,
TXN109521,2026-09-14 12:34:40,USER101275,MERCH200446,444.71,Entertainment,iOS,Mumbai,12,0,
TXN109522,2026-09-14 12:35:22,USER102270,USER102383,979.97,Entertainment,Android,Bengaluru,12,0,
TXN109523,2026-09-14 12:36:03,USER101871,USER100414,404.74,Entertainment,iOS,Pune,12,0,
TXN109524,2026-09-14 12:36:11,USER100961,USER102769,263.98,Mobile Recharge,iOS,Mumbai,12,0,
TXN109525,2026-09-14 12:36:15,USER101671,USER100585,109.26,Utility Bills,Android,Hyderabad,12,0,
TXN109526,2026-09-14 12:38:33,USER100623,MERCH201278,101.11,Travel,Android,Hyderabad,12,0,
TXN109527,2026-09-14 12:41:02,USER100745,MERCH200311,103.84,Grocery,Android,Kolkata,12,0,
TXN109528,2026-09-14 12:41:10,USER101497,MERCH200060,207.96,Mobile Recharge,Android,Pune,12,0,
TXN109529,2026-09-14 12:44:16,USER100503,USER102434,67.95,Travel,Android,Kolkata,12,0,
TXN109530,2026-09-14 12:44:34,USER102755,MERCH200574,159.32,Mobile Recharge,Android,Jaipur,12,0,
TXN109531,2026-09-14 12:44:59,USER102684,USER102921,353.66,Fuel,iOS,Kolkata,12,0,
TXN109532,2026-09-14 12:46:09,USER102607,USER102106,170.5,Food & Dining,Android,Mumbai,12,0,
TXN109533,2026-09-14 12:48:26,USER101141,USER101262,108.79,P2P Transfer,Android,Hyderabad,12,0,
TXN109534,2026-09-14 12:49:19,USER100875,USER102940,1228.02,Healthcare,Android,Delhi,12,0,
TXN109535,2026-09-14 12:49:36,USER100993,MERCH200894,534.36,Entertainment,Android,Mumbai,12,0,
TXN109536,2026-09-14 12:50:16,USER100613,USER101857,250.57,Mobile Recharge,iOS,Delhi,12,0,
TXN109537,2026-09-14 12:50:40,USER102346,USER101654,958.36,Healthcare,Android,Jaipur,12,0,
TXN109538,2026-09-14 12:51:04,USER102015,MERCH200589,1111.24,Mobile Recharge,Android,Mumbai,12,0,
TXN109539,2026-09-14 12:52:10,USER100648,MERCH200705,74.96,Healthcare,Android,Bengaluru,12,0,
TXN109540,2026-09-14 12:52:38,USER101746,MERCH201018,302.47,Utility Bills,Android,Mumbai,12,0,
TXN109541,2026-09-14 12:54:49,USER101915,MERCH201241,150.96,Shopping,Android,Chennai,12,0,
TXN109542,2026-09-14 12:57:25,USER101057,USER101683,212.89,Utility Bills,iOS,Pune,12,0,
TXN109543,2026-09-14 12:58:02,USER102483,MERCH201308,209.94,P2P Transfer,Android,Lucknow,12,0,
TXN109544,2026-09-14 13:01:19,USER102718,MERCH201314,62.61,Shopping,Android,Bengaluru,13,0,
TXN109545,2026-09-14 13:04:53,USER102709,USER100863,698.37,Grocery,Android,Delhi,13,0,
TXN109546,2026-09-14 13:05:29,USER101546,USER101250,293.52,Entertainment,iOS,Bengaluru,13,0,
TXN109547,2026-09-14 13:07:44,USER100465,MERCH200658,691.14,Food & Dining,Android,Bengaluru,13,0,
TXN109548,2026-09-14 13:09:15,USER101628,MERCH200891,421.84,Shopping,Android,Chennai,13,0,
TXN109549,2026-09-14 13:10:39,USER101300,MERCH201012,61.59,Shopping,iOS,Kolkata,13,0,
TXN109550,2026-09-14 13:12:04,USER100880,USER102357,51.74,Travel,Android,Delhi,13,0,
TXN109551,2026-09-14 13:12:41,USER101196,USER100795,84.51,Entertainment,Android,Pune,13,0,
TXN109552,2026-09-14 13:12:42,USER101354,MERCH200447,786.8,Travel,Android,Hyderabad,13,0,
TXN109553,2026-09-14 13:16:14,USER102799,USER102157,96.69,Shopping,iOS,Mumbai,13,0,
TXN109554,2026-09-14 13:18:22,USER100832,USER102947,47.04,Healthcare,Android,Jaipur,13,0,
TXN109555,2026-09-14 13:18:53,USER102978,MERCH201033,104.1,Shopping,Android,Ahmedabad,13,0,
TXN109556,2026-09-14 13:20:17,USER101811,MERCH200359,214.8,Grocery,Android,Kolkata,13,0,
TXN109557,2026-09-14 13:22:53,USER102352,USER100720,144.15,Fuel,Android,Kolkata,13,0,
TXN109558,2026-09-14 13:24:15,USER102726,USER102618,31.87,P2P Transfer,Android,Bengaluru,13,0,
TXN109559,2026-09-14 13:24:57,USER101099,MERCH200435,161.81,Utility Bills,iOS,Chennai,13,0,
TXN109560,2026-09-14 13:25:46,USER102444,USER101204,221.24,P2P Transfer,Android,Ahmedabad,13,0,
TXN109561,2026-09-14 13:27:22,USER100377,USER102461,736.41,Utility Bills,iOS,Chennai,13,0,
TXN109562,2026-09-14 13:27:59,USER100405,USER102818,156.46,Utility Bills,Android,Ahmedabad,13,0,
TXN109563,2026-09-14 13:29:04,USER101825,MERCH200976,31.96,Travel,Android,Bengaluru,13,0,
TXN109564,2026-09-14 13:29:31,USER101473,USER101591,213.47,P2P Transfer,Android,Bengaluru,13,0,
TXN109565,2026-09-14 13:30:44,USER101584,USER102700,187.44,P2P Transfer,Android,Mumbai,13,0,
TXN109566,2026-09-14 13:31:20,USER101645,USER100875,2455.83,Fuel,Android,Delhi,13,0,
TXN109567,2026-09-14 13:32:18,USER100004,USER101611,363.45,Shopping,Android,Chennai,13,0,
TXN109568,2026-09-14 13:33:32,USER102826,USER101041,152.35,Mobile Recharge,Android,Jaipur,13,0,
TXN109569,2026-09-14 13:33:35,USER102545,USER102999,210.01,Utility Bills,Android,Kolkata,13,0,
TXN109570,2026-09-14 13:36:47,USER102232,USER100974,109.28,Food & Dining,Android,Delhi,13,0,
TXN109571,2026-09-14 13:38:32,USER102444,USER102716,167.42,P2P Transfer,Android,Delhi,13,0,
TXN109572,2026-09-14 13:38:38,USER102727,USER101135,124.28,P2P Transfer,Android,Mumbai,13,0,
TXN109573,2026-09-14 13:38:40,USER100343,USER101097,887.83,Grocery,Android,Hyderabad,13,0,
TXN109574,2026-09-14 13:40:52,USER101180,USER101019,908.14,P2P Transfer,iOS,Chennai,13,0,
TXN109575,2026-09-14 13:42:48,USER102054,USER100072,163.13,Fuel,iOS,Pune,13,0,
TXN109576,2026-09-14 13:45:28,USER102769,MERCH200915,520.68,Grocery,iOS,Bengaluru,13,0,
TXN109577,2026-09-14 13:45:41,USER100092,USER101458,632.71,Entertainment,Android,Delhi,13,0,
TXN109578,2026-09-14 13:47:52,USER102544,USER101174,122.56,Grocery,Android,Delhi,13,0,
TXN109579,2026-09-14 13:47:58,USER102453,USER100117,371.64,Grocery,Android,Mumbai,13,0,
TXN109580,2026-09-14 13:49:43,USER101117,USER101638,92.75,Food & Dining,Android,Mumbai,13,0,
TXN109581,2026-09-14 13:50:03,USER102158,MERCH201167,798.69,Food & Dining,iOS,Bengaluru,13,0,
TXN109582,2026-09-14 13:51:57,USER102941,USER100509,262.44,Food & Dining,Android,Hyderabad,13,0,
TXN109583,2026-09-14 13:52:14,USER100768,USER101213,840.03,Travel,Android,Chennai,13,0,
TXN109584,2026-09-14 13:52:49,USER101170,MERCH200734,402.36,Mobile Recharge,Android,Mumbai,13,0,
TXN109585,2026-09-14 13:54:40,USER102027,USER101432,1542.42,Entertainment,Android,Hyderabad,13,0,
TXN109586,2026-09-14 13:55:47,USER100267,MERCH201385,310.15,Utility Bills,Android,Hyderabad,13,0,
TXN109587,2026-09-14 13:56:22,USER100812,MERCH200856,259.63,Food & Dining,Android,Ahmedabad,13,0,
TXN109588,2026-09-14 13:58:17,USER100607,USER100823,716.15,Shopping,iOS,Hyderabad,13,0,
TXN109589,2026-09-14 13:58:23,USER100118,MERCH200190,2762.74,Utility Bills,Android,Delhi,13,0,
TXN109590,2026-09-14 13:58:53,USER100912,USER102469,138.09,Entertainment,Android,Delhi,13,0,
TXN109591,2026-09-14 14:02:18,USER102174,USER101986,802.99,Entertainment,Android,Delhi,14,0,
TXN109592,2026-09-14 14:02:55,USER102171,USER100093,27.64,Food & Dining,Android,Bengaluru,14,0,
TXN109593,2026-09-14 14:03:14,USER102646,USER100758,584.2,P2P Transfer,iOS,Delhi,14,0,
TXN109594,2026-09-14 14:03:29,USER101824,MERCH200900,120.47,Shopping,Android,Ahmedabad,14,0,
TXN109595,2026-09-14 14:03:59,USER100786,USER100736,196.42,Shopping,Android,Chennai,14,0,
TXN109596,2026-09-14 14:04:05,USER101634,USER100451,593.39,Travel,iOS,Mumbai,14,0,
TXN109597,2026-09-14 14:04:48,USER101515,USER100570,406.92,Shopping,Android,Delhi,14,0,
TXN109598,2026-09-14 14:06:20,USER100590,USER101877,40.37,Entertainment,Android,Mumbai,14,0,
TXN109599,2026-09-14 14:08:22,USER100526,MERCH201474,147.9,Utility Bills,Android,Delhi,14,0,
TXN109600,2026-09-14 14:09:34,USER101988,MERCH201317,187.46,Healthcare,Android,Indore,14,0,
TXN109601,2026-09-14 14:10:19,USER101914,MERCH201110,100000.0,Shopping,Android,Mumbai,14,1,round_number
TXN109602,2026-09-14 14:11:12,USER101099,MERCH201127,532.46,Fuel,Android,Patna,14,0,
TXN109603,2026-09-14 14:11:51,USER101272,USER101341,1563.39,Fuel,iOS,Ahmedabad,14,0,
TXN109604,2026-09-14 14:15:27,USER101461,USER101755,163.55,P2P Transfer,iOS,Jaipur,14,0,
TXN109605,2026-09-14 14:15:27,USER100267,USER102868,208.3,Entertainment,Android,Indore,14,0,
TXN109606,2026-09-14 14:16:01,USER102788,USER100421,770.42,Utility Bills,iOS,Delhi,14,0,
TXN109607,2026-09-14 14:16:08,USER100572,MERCH201308,1219.45,Utility Bills,iOS,Hyderabad,14,0,
TXN109608,2026-09-14 14:16:47,USER102787,USER102405,157.9,Entertainment,iOS,Delhi,14,0,
TXN109609,2026-09-14 14:17:46,USER101542,MERCH200515,159.41,Healthcare,Android,Bengaluru,14,0,
TXN109610,2026-09-14 14:20:09,USER102768,USER101241,555.85,Fuel,Android,Mumbai,14,0,
TXN109611,2026-09-14 14:21:18,USER102281,MERCH200132,100.52,Food & Dining,Android,Chennai,14,0,
TXN109612,2026-09-14 14:21:22,USER100191,USER102295,68813.01,Shopping,New Device,Pune,14,1,new_device_high
TXN109613,2026-09-14 14:21:42,USER102857,USER101959,126.78,Entertainment,Android,Kolkata,14,0,
TXN109614,2026-09-14 14:22:32,USER100742,USER102188,1850.39,Food & Dining,iOS,Pune,14,0,
TXN109615,2026-09-14 14:24:14,USER100698,MERCH200984,144.27,P2P Transfer,Android,Pune,14,0,
TXN109616,2026-09-14 14:24:32,USER101221,MERCH201169,859.73,Grocery,Android,Bengaluru,14,0,
TXN109617,2026-09-14 14:26:23,USER102197,USER101118,233.36,P2P Transfer,Android,Hyderabad,14,0,
TXN109618,2026-09-14 14:27:34,USER100649,USER101768,34.11,Travel,Android,Chennai,14,0,
TXN109619,2026-09-14 14:30:15,USER102875,USER101170,923.33,Entertainment,Android,Mumbai,14,0,
TXN109620,2026-09-14 14:32:34,USER100405,USER100926,1381.6,Travel,Android,Lucknow,14,0,
TXN109621,2026-09-14 14:33:04,USER102342,USER100573,487.69,Mobile Recharge,Android,Jaipur,14,0,
TXN109622,2026-09-14 14:33:20,USER101874,USER102455,660.36,Utility Bills,Android,Pune,14,0,
TXN109623,2026-09-14 14:34:48,USER102094,MERCH201315,2416.93,Fuel,iOS,Pune,14,0,
TXN109624,2026-09-14 14:35:00,USER100218,USER100733,1149.26,Utility Bills,Android,Pune,14,0,
TXN109625,2026-09-14 14:36:12,USER101561,USER100393,241.88,Mobile Recharge,Android,Mumbai,14,0,
TXN109626,2026-09-14 14:36:59,USER100705,USER102368,591.46,Utility Bills,Android,Bengaluru,14,0,
TXN109627,2026-09-14 14:39:01,USER101647,USER100245,240.15,Fuel,Android,Hyderabad,14,0,
TXN109628,2026-09-14 14:39:10,USER101574,MERCH200508,527.47,Shopping,Android,Indore,14,0,
TXN109629,2026-09-14 14:39:52,USER102240,MERCH201352,2294.16,Fuel,Android,Ahmedabad,14,0,
TXN109630,2026-09-14 14:42:32,USER100071,USER100890,345.09,Food & Dining,Android,Bengaluru,14,0,
TXN109631,2026-09-14 14:42:59,USER100802,USER101929,233.95,Utility Bills,Android,Pune,14,0,
TXN109632,2026-09-14 14:43:22,USER102000,USER100042,1712.37,Mobile Recharge,Android,Kolkata,14,0,
TXN109633,2026-09-14 14:43:30,USER100344,MERCH200182,556.56,Travel,iOS,Ahmedabad,14,0,
TXN109634,2026-09-14 14:46:12,USER101209,USER102668,148.31,Shopping,iOS,Pune,14,0,
TXN109635,2026-09-14 14:47:31,USER100873,MERCH200484,1036.27,Utility Bills,iOS,Kolkata,14,0,
TXN109636,2026-09-14 14:53:00,USER101916,USER101817,209.23,Fuel,Android,Chennai,14,0,
TXN109637,2026-09-14 14:53:09,USER101301,USER100739,323.87,P2P Transfer,Android,Kolkata,14,0,
TXN109638,2026-09-14 14:53:10,USER100158,MERCH201432,1567.86,Utility Bills,Android,Kolkata,14,0,
TXN109639,2026-09-14 14:58:00,USER101751,USER100435,270.73,Grocery,Android,Chennai,14,0,
TXN109640,2026-09-14 14:59:41,USER101232,USER101868,438.3,Grocery,iOS,Mumbai,14,0,
TXN109641,2026-09-14 15:01:38,USER102925,MERCH201091,603.32,Entertainment,iOS,Mumbai,15,0,
TXN109642,2026-09-14 15:05:25,USER100124,USER102909,443.04,Travel,Android,Jaipur,15,0,
TXN109643,2026-09-14 15:08:12,USER100149,USER102775,435.28,Healthcare,Android,Hyderabad,15,0,
TXN109644,2026-09-14 15:08:39,USER100768,MERCH200999,416.16,Healthcare,Android,Bengaluru,15,0,
TXN109645,2026-09-14 15:08:39,USER102112,USER101642,241.8,Shopping,Android,Mumbai,15,0,
TXN109646,2026-09-14 15:09:04,USER100202,USER100900,1624.87,Shopping,Android,Bengaluru,15,0,
TXN109647,2026-09-14 15:09:23,USER102250,USER100146,1051.84,Entertainment,Android,Hyderabad,15,0,
TXN109648,2026-09-14 15:10:42,USER100678,MERCH200258,193.85,Travel,iOS,Lucknow,15,0,
TXN109649,2026-09-14 15:10:53,USER101271,USER101448,265.1,P2P Transfer,Android,Indore,15,0,
TXN109650,2026-09-14 15:10:53,USER100284,USER102709,129.13,Shopping,iOS,Mumbai,15,0,
TXN109651,2026-09-14 15:12:02,USER101250,MERCH200363,278.46,Fuel,Android,Bengaluru,15,0,
TXN109652,2026-09-14 15:13:46,USER101520,USER102399,616.61,P2P Transfer,Android,Bengaluru,15,0,
TXN109653,2026-09-14 15:13:48,USER102341,USER102275,290.14,P2P Transfer,Android,Chennai,15,0,
TXN109654,2026-09-14 15:14:25,USER101893,USER100505,357.62,Healthcare,Android,Mumbai,15,0,
TXN109655,2026-09-14 15:15:46,USER102688,MERCH200817,503.16,Fuel,Android,Bengaluru,15,0,
TXN109656,2026-09-14 15:17:39,USER102829,MERCH201123,575.45,Travel,Android,Pune,15,0,
TXN109657,2026-09-14 15:17:55,USER101502,MERCH200613,484.63,Shopping,Android,Bengaluru,15,0,
TXN109658,2026-09-14 15:19:32,USER100167,USER101211,186.64,Fuel,iOS,Mumbai,15,0,
TXN109659,2026-09-14 15:22:46,USER101172,USER100566,269.61,Fuel,Android,Indore,15,0,
TXN109660,2026-09-14 15:22:56,USER101758,USER100733,205.24,Entertainment,Android,Hyderabad,15,0,
TXN109661,2026-09-14 15:25:38,USER102350,USER100331,352.47,P2P Transfer,Android,Delhi,15,0,
TXN109662,2026-09-14 15:27:35,USER100240,MERCH200311,152.37,Grocery,iOS,Pune,15,0,
TXN109663,2026-09-14 15:27:49,USER102048,MERCH201415,1556.22,Fuel,iOS,Delhi,15,0,
TXN109664,2026-09-14 15:28:09,USER101614,USER100126,597.1,Travel,iOS,Hyderabad,15,0,
TXN109665,2026-09-14 15:28:11,USER100046,MERCH200571,694.11,Healthcare,Android,Mumbai,15,0,
TXN109666,2026-09-14 15:28:58,USER100962,USER102858,1073.67,Entertainment,Android,Kolkata,15,0,
TXN109667,2026-09-14 15:31:28,USER102646,MERCH201438,1536.82,Healthcare,Android,Pune,15,0,
TXN109668,2026-09-14 15:33:30,USER100196,MERCH201461,819.68,Shopping,Android,Delhi,15,0,
TXN109669,2026-09-14 15:35:45,USER100068,MERCH200229,167.71,Grocery,Android,Pune,15,0,
TXN109670,2026-09-14 15:38:21,USER100567,USER102940,129.57,Grocery,Android,Kolkata,15,0,
TXN109671,2026-09-14 15:39:22,USER101499,MERCH200009,143.75,Grocery,Android,Mumbai,15,0,
TXN109672,2026-09-14 15:40:15,USER102950,USER101201,393.67,Fuel,Android,Delhi,15,0,
TXN109673,2026-09-14 15:40:26,USER101551,USER100400,1490.92,Mobile Recharge,Android,Delhi,15,0,
TXN109674,2026-09-14 15:42:18,USER101750,USER101941,1330.3,Shopping,Android,Delhi,15,0,
TXN109675,2026-09-14 15:42:41,USER101407,MERCH201409,24.39,Utility Bills,Android,Delhi,15,0,
TXN109676,2026-09-14 15:45:31,USER102860,USER101177,146.59,Mobile Recharge,iOS,Ahmedabad,15,0,
TXN109677,2026-09-14 15:45:51,USER100338,USER102991,102.27,Utility Bills,Android,Jaipur,15,0,
TXN109678,2026-09-14 15:48:51,USER102252,USER102632,310.73,Utility Bills,Android,Ahmedabad,15,0,
TXN109679,2026-09-14 15:51:19,USER100503,USER100053,711.28,Utility Bills,Android,Ahmedabad,15,0,
TXN109680,2026-09-14 15:51:21,USER102339,MERCH200386,175.47,Grocery,Android,Mumbai,15,0,
TXN109681,2026-09-14 15:54:20,USER101632,USER100193,366.25,Healthcare,Android,Delhi,15,0,
TXN109682,2026-09-14 15:55:47,USER102722,USER100912,206.09,Fuel,Android,Bengaluru,15,0,
TXN109683,2026-09-14 15:56:08,USER101220,USER101262,203.31,Utility Bills,Android,Delhi,15,0,
TXN109684,2026-09-14 15:59:24,USER100445,USER102514,155.79,P2P Transfer,Android,Patna,15,0,
TXN109685,2026-09-14 16:00:00,USER102666,USER100755,6295.83,P2P Transfer,Android,Mumbai,16,1,velocity_burst
TXN109686,2026-09-14 16:00:37,USER100551,USER102095,211.29,Shopping,Android,Bengaluru,16,0,
TXN109687,2026-09-14 16:01:27,USER100624,USER100759,422.93,Entertainment,Android,Chennai,16,0,
TXN109688,2026-09-14 16:03:00,USER102323,USER101283,6719.8,P2P Transfer,Android,Delhi,16,1,velocity_burst
TXN109689,2026-09-14 16:03:03,USER100175,USER101689,641.52,Utility Bills,Android,Bengaluru,16,0,
TXN109690,2026-09-14 16:04:46,USER102423,USER101925,33.89,Healthcare,Android,Mumbai,16,0,
TXN109691,2026-09-14 16:08:17,USER102294,USER102032,185.56,Fuel,Android,Delhi,16,0,
TXN109692,2026-09-14 16:09:29,USER100764,USER100448,1047.67,Healthcare,Android,Indore,16,0,
TXN109693,2026-09-14 16:12:07,USER101689,USER100057,457.37,Travel,Android,Kolkata,16,0,
TXN109694,2026-09-14 16:12:58,USER102427,USER102886,1940.95,Healthcare,Android,Kolkata,16,0,
TXN109695,2026-09-14 16:14:29,USER100418,USER102332,147.96,Fuel,Android,Mumbai,16,0,
TXN109696,2026-09-14 16:14:45,USER100317,MERCH200980,525.34,Food & Dining,Android,Chennai,16,0,
TXN109697,2026-09-14 16:18:14,USER101643,USER101453,64.52,Food & Dining,iOS,Hyderabad,16,0,
TXN109698,2026-09-14 16:18:20,USER100709,USER100091,1195.02,Fuel,iOS,Bengaluru,16,0,
TXN109699,2026-09-14 16:18:59,USER102946,USER100555,187.27,Fuel,Android,Delhi,16,0,
TXN109700,2026-09-14 16:23:26,USER102185,USER101374,1325.26,Healthcare,Android,Jaipur,16,0,
TXN109701,2026-09-14 16:25:00,USER100253,USER100824,7548.74,P2P Transfer,Android,Hyderabad,16,1,velocity_burst
TXN109702,2026-09-14 16:25:30,USER100260,MERCH200631,50.95,Mobile Recharge,Android,Pune,16,0,
TXN109703,2026-09-14 16:26:04,USER101785,MERCH200790,243.09,P2P Transfer,Android,Delhi,16,0,
TXN109704,2026-09-14 16:26:56,USER100674,MERCH201022,599.31,Utility Bills,Android,Jaipur,16,0,
TXN109705,2026-09-14 16:26:58,USER102992,MERCH200025,85.85,Mobile Recharge,Android,Jaipur,16,0,
TXN109706,2026-09-14 16:28:09,USER101867,USER101428,601.61,Food & Dining,iOS,Chennai,16,0,
TXN109707,2026-09-14 16:30:12,USER100214,USER101835,329.12,Food & Dining,iOS,Pune,16,0,
TXN109708,2026-09-14 16:30:22,USER100945,USER102076,394.49,Grocery,Android,Hyderabad,16,0,
TXN109709,2026-09-14 16:33:34,USER101789,USER102433,1040.67,Utility Bills,Android,Hyderabad,16,0,
TXN109710,2026-09-14 16:34:28,USER100014,MERCH201405,256.8,Utility Bills,Android,Delhi,16,0,
TXN109711,2026-09-14 16:35:25,USER101795,USER101957,213.06,Utility Bills,Android,Pune,16,0,
TXN109712,2026-09-14 16:36:10,USER100650,USER102464,498.44,Food & Dining,Android,Delhi,16,0,
TXN109713,2026-09-14 16:36:47,USER102105,MERCH200884,320.86,Food & Dining,Android,Bengaluru,16,0,
TXN109714,2026-09-14 16:37:00,USER101268,MERCH200888,100.58,Utility Bills,iOS,Delhi,16,0,
TXN109715,2026-09-14 16:37:31,USER101189,MERCH201413,545.97,Mobile Recharge,iOS,Mumbai,16,0,
TXN109716,2026-09-14 16:38:24,USER102315,USER102529,488.51,P2P Transfer,Android,Delhi,16,0,
TXN109717,2026-09-14 16:41:03,USER101183,MERCH200770,362.42,Shopping,Android,Kolkata,16,0,
TXN109718,2026-09-14 16:41:29,USER101922,MERCH200924,559.33,P2P Transfer,Android,Delhi,16,0,
TXN109719,2026-09-14 16:46:22,USER101480,USER102263,773.53,Healthcare,Android,Jaipur,16,0,
TXN109720,2026-09-14 16:46:58,USER100650,USER102792,173.21,Entertainment,Android,Pune,16,0,
TXN109721,2026-09-14 16:47:03,USER101225,MERCH200629,1300.18,Food & Dining,Android,Mumbai,16,0,
TXN109722,2026-09-14 16:50:32,USER101448,USER102937,726.7,Entertainment,Android,Mumbai,16,0,
TXN109723,2026-09-14 16:50:43,USER100399,MERCH201070,1243.88,P2P Transfer,Android,Jaipur,16,0,
TXN109724,2026-09-14 16:51:18,USER102085,USER100073,409.71,Shopping,Android,Patna,16,0,
TXN109725,2026-09-14 16:51:54,USER101542,MERCH201168,517.95,Healthcare,Android,Indore,16,0,
TXN109726,2026-09-14 16:52:09,USER101600,USER102452,1029.91,Grocery,Android,Delhi,16,0,
TXN109727,2026-09-14 16:52:53,USER101337,USER102655,968.77,Grocery,Android,Kolkata,16,0,
TXN109728,2026-09-14 16:53:47,USER101783,USER100621,1778.01,Utility Bills,Android,Chennai,16,0,
TXN109729,2026-09-14 16:55:54,USER101516,USER100794,250.73,Mobile Recharge,iOS,Kolkata,16,0,
TXN109730,2026-09-14 16:56:35,USER101633,USER102922,480.08,Fuel,Android,Bengaluru,16,0,
TXN109731,2026-09-14 16:57:22,USER100443,MERCH200110,236.21,Fuel,Android,Chennai,16,0,
TXN109732,2026-09-14 16:57:53,USER102833,USER102078,181.33,Utility Bills,Android,Bengaluru,16,0,
TXN109733,2026-09-14 16:58:17,USER102844,USER102099,350.56,Grocery,iOS,Hyderabad,16,0,
TXN109734,2026-09-14 16:58:36,USER100062,USER100035,472.8,Food & Dining,Android,Mumbai,16,0,
TXN109735,2026-09-14 16:59:54,USER102713,USER101987,706.5,Grocery,Android,Mumbai,16,0,
TXN109736,2026-09-14 17:00:41,USER100643,MERCH200914,278.8,Fuel,Android,Jaipur,17,0,
TXN109737,2026-09-14 17:00:41,USER102499,USER101815,280.66,Travel,Android,Mumbai,17,0,
TXN109738,2026-09-14 17:01:18,USER102587,MERCH200042,11.84,Fuel,Android,Pune,17,0,
TXN109739,2026-09-14 17:04:20,USER101768,MERCH200169,873.34,Mobile Recharge,Android,Hyderabad,17,0,
TXN109740,2026-09-14 17:04:56,USER102702,MERCH201461,765.53,Healthcare,Android,Lucknow,17,0,
TXN109741,2026-09-14 17:05:35,USER102439,MERCH201001,112.39,Entertainment,Android,Pune,17,0,
TXN109742,2026-09-14 17:07:29,USER100851,MERCH201309,188.67,Grocery,Android,Kolkata,17,0,
TXN109743,2026-09-14 17:09:23,USER102349,USER101435,1173.25,Healthcare,Android,Mumbai,17,0,
TXN109744,2026-09-14 17:10:21,USER100511,MERCH201139,556.29,Travel,Android,Kolkata,17,0,
TXN109745,2026-09-14 17:10:24,USER102461,USER101253,57.76,P2P Transfer,Android,Bengaluru,17,0,
TXN109746,2026-09-14 17:10:25,USER100072,MERCH201453,512.59,Shopping,Android,Mumbai,17,0,
TXN109747,2026-09-14 17:12:38,USER102200,USER101454,278.93,P2P Transfer,Android,Bengaluru,17,0,
TXN109748,2026-09-14 17:13:20,USER101867,USER101475,1771.3,Entertainment,Android,Delhi,17,0,
TXN109749,2026-09-14 17:14:34,USER101874,MERCH200218,65.08,Travel,Android,Hyderabad,17,0,
TXN109750,2026-09-14 17:14:43,USER100958,USER100264,1723.91,Utility Bills,Android,Chennai,17,0,
TXN109751,2026-09-14 17:17:53,USER101950,USER102866,562.88,Healthcare,Android,Patna,17,0,
TXN109752,2026-09-14 17:18:19,USER101239,USER100406,99.94,Utility Bills,Android,Pune,17,0,
TXN109753,2026-09-14 17:19:02,USER102684,USER100919,617.05,Utility Bills,Android,Kolkata,17,0,
TXN109754,2026-09-14 17:21:55,USER100810,MERCH201098,32.73,Food & Dining,Android,Delhi,17,0,
TXN109755,2026-09-14 17:24:42,USER100120,USER101432,2292.19,Utility Bills,Android,Chennai,17,0,
TXN109756,2026-09-14 17:30:31,USER102259,MERCH200530,616.19,Fuel,Android,Pune,17,0,
TXN109757,2026-09-14 17:31:43,USER101871,USER102505,2322.13,P2P Transfer,iOS,Kolkata,17,0,
TXN109758,2026-09-14 17:32:25,USER102198,MERCH200935,316.54,Entertainment,Android,Delhi,17,0,
TXN109759,2026-09-14 17:32:54,USER100960,MERCH201278,123.5,P2P Transfer,Android,Chennai,17,0,
TXN109760,2026-09-14 17:35:16,USER100026,USER100951,297.92,Utility Bills,Android,Kolkata,17,0,
TXN109761,2026-09-14 17:35:41,USER101500,USER101671,92.38,Fuel,iOS,Pune,17,0,
TXN109762,2026-09-14 17:36:49,USER100813,USER101172,360.51,Travel,Android,Bengaluru,17,0,
TXN109763,2026-09-14 17:42:39,USER101286,USER100109,2940.57,Mobile Recharge,Android,Patna,17,0,
TXN109764,2026-09-14 17:43:26,USER101621,USER102998,739.69,Entertainment,Android,Lucknow,17,0,
TXN109765,2026-09-14 17:44:53,USER100767,USER101608,292.68,Fuel,Android,Ahmedabad,17,0,
TXN109766,2026-09-14 17:45:05,USER101516,MERCH200516,202.52,Entertainment,iOS,Bengaluru,17,0,
TXN109767,2026-09-14 17:46:18,USER100712,MERCH200342,442.22,Grocery,Android,Ahmedabad,17,0,
TXN109768,2026-09-14 17:47:31,USER101974,USER100877,383.82,Utility Bills,Android,Hyderabad,17,0,
TXN109769,2026-09-14 17:49:13,USER101533,MERCH200401,2207.4,Entertainment,Android,Hyderabad,17,0,
TXN109770,2026-09-14 17:52:06,USER102535,MERCH200441,49.45,Grocery,Android,Bengaluru,17,0,
TXN109771,2026-09-14 17:52:21,USER102179,USER102931,208.14,Travel,Android,Bengaluru,17,0,
TXN109772,2026-09-14 17:52:58,USER100826,USER100358,268.22,Grocery,Android,Bengaluru,17,0,
TXN109773,2026-09-14 17:54:25,USER100195,USER102550,137.28,Utility Bills,Android,Mumbai,17,0,
TXN109774,2026-09-14 17:59:08,USER100935,USER100422,551.48,Fuel,Android,Bengaluru,17,0,
TXN109775,2026-09-14 17:59:24,USER101257,USER102242,413.68,Utility Bills,Android,Kolkata,17,0,
TXN109776,2026-09-14 17:59:28,USER101924,USER100779,72.29,Fuel,Android,Patna,17,0,
TXN109777,2026-09-14 18:01:08,USER102791,MERCH201312,552.43,Grocery,Android,Hyderabad,18,0,
TXN109778,2026-09-14 18:01:33,USER100113,USER102189,191.55,P2P Transfer,iOS,Chennai,18,0,
TXN109779,2026-09-14 18:02:26,USER101403,MERCH200620,1079.64,Mobile Recharge,Android,Pune,18,0,
TXN109780,2026-09-14 18:03:00,USER100402,MERCH200389,1491.75,Mobile Recharge,Android,Jaipur,18,0,
TXN109781,2026-09-14 18:03:26,USER100499,MERCH200191,263.86,Utility Bills,Android,Pune,18,0,
TXN109782,2026-09-14 18:04:28,USER100855,MERCH200022,386.97,Fuel,Android,Bengaluru,18,0,
TXN109783,2026-09-14 18:05:00,USER100107,USER102670,593.38,Travel,Android,Patna,18,0,
TXN109784,2026-09-14 18:07:41,USER101207,USER102176,251.53,P2P Transfer,Android,Kolkata,18,0,
TXN109785,2026-09-14 18:08:34,USER101344,USER100306,2343.26,Utility Bills,Android,Pune,18,0,
TXN109786,2026-09-14 18:09:13,USER102396,MERCH200283,189.76,Mobile Recharge,Android,Delhi,18,0,
TXN109787,2026-09-14 18:09:56,USER101595,MERCH200723,324.27,Healthcare,Android,Bengaluru,18,0,
TXN109788,2026-09-14 18:18:17,USER102338,MERCH200720,95.12,Healthcare,Android,Bengaluru,18,0,
TXN109789,2026-09-14 18:18:36,USER101466,USER100321,191.91,Entertainment,Android,Lucknow,18,0,
TXN109790,2026-09-14 18:18:49,USER100480,USER101973,178.68,Food & Dining,Android,Bengaluru,18,0,
TXN109791,2026-09-14 18:19:14,USER102952,USER102022,130.62,Healthcare,Android,Indore,18,0,
TXN109792,2026-09-14 18:20:06,USER101097,USER100789,219.96,Grocery,iOS,Pune,18,0,
TXN109793,2026-09-14 18:23:05,USER101298,MERCH200859,114.77,Food & Dining,iOS,Bengaluru,18,0,
TXN109794,2026-09-14 18:23:13,USER100078,MERCH200417,1755.69,Mobile Recharge,Android,Indore,18,0,
TXN109795,2026-09-14 18:26:23,USER102956,USER100258,213.04,Entertainment,Android,Jaipur,18,0,
TXN109796,2026-09-14 18:29:01,USER100209,MERCH201425,195.71,P2P Transfer,iOS,Jaipur,18,0,
TXN109797,2026-09-14 18:31:27,USER100533,MERCH201047,1261.28,Grocery,Android,Jaipur,18,0,
TXN109798,2026-09-14 18:31:55,USER100967,MERCH200162,572.91,Entertainment,iOS,Jaipur,18,0,
TXN109799,2026-09-14 18:34:37,USER101565,USER102508,123.96,Fuel,Android,Chennai,18,0,
TXN109800,2026-09-14 18:34:43,USER101663,USER100349,295.85,P2P Transfer,iOS,Mumbai,18,0,
TXN109801,2026-09-14 18:36:05,USER102090,MERCH200254,875.45,Entertainment,iOS,Jaipur,18,0,
TXN109802,2026-09-14 18:36:19,USER102354,USER101037,54.81,Entertainment,Android,Chennai,18,0,
TXN109803,2026-09-14 18:36:29,USER100076,USER101706,824.59,P2P Transfer,Android,Delhi,18,0,
TXN109804,2026-09-14 18:36:31,USER101324,MERCH200555,231.67,Utility Bills,iOS,Mumbai,18,0,
TXN109805,2026-09-14 18:38:01,USER101517,USER102165,164.07,Utility Bills,Android,Delhi,18,0,
TXN109806,2026-09-14 18:39:45,USER101512,USER101251,536.3,Travel,Android,Ahmedabad,18,0,
TXN109807,2026-09-14 18:40:56,USER100527,USER100423,136.48,Grocery,Android,Delhi,18,0,
TXN109808,2026-09-14 18:42:23,USER100555,USER101179,170.62,P2P Transfer,Android,Delhi,18,0,
TXN109809,2026-09-14 18:43:35,USER102030,USER102737,820.15,Utility Bills,Android,Mumbai,18,0,
TXN109810,2026-09-14 18:45:10,USER100654,MERCH200152,173.25,Shopping,Android,Bengaluru,18,0,
TXN109811,2026-09-14 18:46:14,USER101889,MERCH200541,830.11,Shopping,Android,Delhi,18,0,
TXN109812,2026-09-14 18:50:20,USER102216,MERCH200640,3882.06,Food & Dining,Android,Kolkata,18,0,
TXN109813,2026-09-14 18:50:21,USER100139,USER101297,291.41,Shopping,Android,Kolkata,18,0,
TXN109814,2026-09-14 18:51:19,USER101074,MERCH200946,729.12,Entertainment,Android,Chennai,18,0,
TXN109815,2026-09-14 18:53:23,USER100588,USER101428,793.02,Grocery,iOS,Hyderabad,18,0,
TXN109816,2026-09-14 18:53:36,USER100010,USER101958,695.74,Grocery,Android,Chennai,18,0,
TXN109817,2026-09-14 18:53:36,USER100827,USER100247,319.25,Mobile Recharge,Android,Hyderabad,18,0,
TXN109818,2026-09-14 18:55:42,USER102445,USER100996,530.2,Food & Dining,Android,Delhi,18,0,
TXN109819,2026-09-14 18:56:17,USER100393,MERCH200292,943.14,Travel,Android,Lucknow,18,0,
TXN109820,2026-09-14 18:59:13,USER102074,USER100884,233.07,Grocery,Android,Bengaluru,18,0,
TXN109821,2026-09-14 19:00:01,USER101568,MERCH201189,138.53,Mobile Recharge,Android,Hyderabad,19,0,
TXN109822,2026-09-14 19:00:12,USER101854,USER101180,101.91,Utility Bills,Android,Delhi,19,0,
TXN109823,2026-09-14 19:00:14,USER101898,USER100511,91.85,Healthcare,Android,Ahmedabad,19,0,
TXN109824,2026-09-14 19:00:50,USER100006,USER101211,203.64,Utility Bills,Android,Lucknow,19,0,
TXN109825,2026-09-14 19:02:18,USER100923,USER102265,1223.78,Utility Bills,Android,Lucknow,19,0,
TXN109826,2026-09-14 19:02:33,USER100561,USER100750,99999.0,Entertainment,iOS,Mumbai,19,1,round_number
TXN109827,2026-09-14 19:02:48,USER102502,MERCH201490,892.36,Utility Bills,Android,Pune,19,0,
TXN109828,2026-09-14 19:03:49,USER101274,USER100966,544.18,Food & Dining,Android,Kolkata,19,0,
TXN109829,2026-09-14 19:04:54,USER100076,MERCH200062,600.07,Utility Bills,Android,Indore,19,0,
TXN109830,2026-09-14 19:07:41,USER102410,USER102687,222.22,Mobile Recharge,Android,Hyderabad,19,0,
TXN109831,2026-09-14 19:09:40,USER101436,USER101434,126.89,Mobile Recharge,iOS,Hyderabad,19,0,
TXN109832,2026-09-14 19:10:47,USER102330,USER100746,138.2,Travel,iOS,Bengaluru,19,0,
TXN109833,2026-09-14 19:11:02,USER102730,MERCH201387,853.62,Food & Dining,Android,Pune,19,0,
TXN109834,2026-09-14 19:11:56,USER102925,USER101851,29.17,Utility Bills,Android,Chennai,19,0,
TXN109835,2026-09-14 19:12:45,USER100337,MERCH200733,92.16,Entertainment,Android,Mumbai,19,0,
TXN109836,2026-09-14 19:13:54,USER100092,MERCH200400,382.77,Food & Dining,Android,Mumbai,19,0,
TXN109837,2026-09-14 19:14:29,USER102418,USER101291,94.81,Healthcare,Android,Hyderabad,19,0,
TXN109838,2026-09-14 19:15:30,USER100737,USER101986,262.34,P2P Transfer,iOS,Delhi,19,0,
TXN109839,2026-09-14 19:16:21,USER100070,MERCH200232,1178.96,Travel,iOS,Bengaluru,19,0,
TXN109840,2026-09-14 19:16:25,USER102770,USER102446,88.13,Mobile Recharge,iOS,Bengaluru,19,0,
TXN109841,2026-09-14 19:17:37,USER102395,MERCH200436,13921.16,Entertainment,iOS,Hyderabad,19,0,
TXN109842,2026-09-14 19:19:46,USER100488,USER102136,412.69,Food & Dining,iOS,Delhi,19,0,
TXN109843,2026-09-14 19:20:09,USER101726,MERCH200539,181.64,Travel,Android,Mumbai,19,0,
TXN109844,2026-09-14 19:20:23,USER102360,USER100992,256.84,Travel,Android,Pune,19,0,
TXN109845,2026-09-14 19:21:24,USER102366,USER101324,2023.09,Utility Bills,Android,Bengaluru,19,0,
TXN109846,2026-09-14 19:21:27,USER102991,MERCH200308,128.1,Mobile Recharge,iOS,Mumbai,19,0,
TXN109847,2026-09-14 19:22:20,USER102264,USER100729,847.56,Food & Dining,Android,Hyderabad,19,0,
TXN109848,2026-09-14 19:22:30,USER102497,MERCH200120,162.14,Entertainment,Android,Indore,19,0,
TXN109849,2026-09-14 19:22:56,USER102680,USER100152,505.05,Entertainment,Android,Delhi,19,0,
TXN109850,2026-09-14 19:24:12,USER101692,USER100438,265.78,Fuel,Android,Mumbai,19,0,
TXN109851,2026-09-14 19:24:34,USER100703,USER101797,436.71,Fuel,iOS,Jaipur,19,0,
TXN109852,2026-09-14 19:24:40,USER102941,MERCH200049,20000.0,Entertainment,Android,Hyderabad,19,1,round_number
TXN109853,2026-09-14 19:25:41,USER100607,MERCH200476,118.43,Healthcare,iOS,Chennai,19,0,
TXN109854,2026-09-14 19:27:17,USER102725,MERCH200093,59.97,P2P Transfer,Android,Hyderabad,19,0,
TXN109855,2026-09-14 19:27:29,USER100595,USER100487,322.15,Travel,Android,Delhi,19,0,
TXN109856,2026-09-14 19:28:04,USER102119,USER102178,705.86,P2P Transfer,Android,Lucknow,19,0,
TXN109857,2026-09-14 19:29:18,USER101313,USER100945,23.12,Food & Dining,Android,Indore,19,0,
TXN109858,2026-09-14 19:29:37,USER102906,MERCH201020,121.02,Food & Dining,Android,Bengaluru,19,0,
TXN109859,2026-09-14 19:30:30,USER100142,USER100277,177.56,Grocery,Android,Chennai,19,0,
TXN109860,2026-09-14 19:30:31,USER101252,USER101017,225.35,Utility Bills,Android,Ahmedabad,19,0,
TXN109861,2026-09-14 19:31:39,USER101514,USER100977,172.01,Shopping,Android,Mumbai,19,0,
TXN109862,2026-09-14 19:35:00,USER100150,MERCH200015,444.23,P2P Transfer,Android,Mumbai,19,0,
TXN109863,2026-09-14 19:35:09,USER100834,USER101076,175.81,Travel,Android,Hyderabad,19,0,
TXN109864,2026-09-14 19:35:25,USER101257,USER102815,163.58,Grocery,Android,Ahmedabad,19,0,
TXN109865,2026-09-14 19:37:27,USER102500,USER100197,1996.22,Mobile Recharge,iOS,Delhi,19,0,
TXN109866,2026-09-14 19:37:39,USER100935,MERCH200601,246.7,Healthcare,Android,Chennai,19,0,
TXN109867,2026-09-14 19:37:40,USER102332,USER101731,462.98,Fuel,Android,Mumbai,19,0,
TXN109868,2026-09-14 19:39:44,USER100450,MERCH200904,1265.78,P2P Transfer,Android,Delhi,19,0,
TXN109869,2026-09-14 19:41:05,USER102603,MERCH200758,816.23,Shopping,Android,Hyderabad,19,0,
TXN109870,2026-09-14 19:42:38,USER101153,MERCH201197,267.3,Travel,Android,Bengaluru,19,0,
TXN109871,2026-09-14 19:43:16,USER102697,USER100229,843.5,Healthcare,Android,Delhi,19,0,
TXN109872,2026-09-14 19:43:22,USER100382,USER101544,68.74,Food & Dining,iOS,Jaipur,19,0,
TXN109873,2026-09-14 19:43:50,USER101396,USER100707,1045.62,Fuel,Android,Delhi,19,0,
TXN109874,2026-09-14 19:44:12,USER102435,USER102915,309.51,Fuel,Android,Chennai,19,0,
TXN109875,2026-09-14 19:45:51,USER102213,USER102533,362.91,Fuel,Android,Mumbai,19,0,
TXN109876,2026-09-14 19:46:21,USER101387,USER100922,708.31,Shopping,Android,Lucknow,19,0,
TXN109877,2026-09-14 19:47:02,USER101272,USER102452,620.99,Mobile Recharge,Android,Hyderabad,19,0,
TXN109878,2026-09-14 19:47:19,USER102394,USER100616,198.71,Travel,Android,Pune,19,0,
TXN109879,2026-09-14 19:47:43,USER101001,MERCH200721,716.04,Travel,Android,Mumbai,19,0,
TXN109880,2026-09-14 19:51:46,USER100862,USER102714,360.16,Healthcare,Android,Hyderabad,19,0,
TXN109881,2026-09-14 19:51:55,USER100083,USER101361,2758.65,Mobile Recharge,Android,Delhi,19,0,
TXN109882,2026-09-14 19:52:16,USER100149,MERCH200893,404.52,Travel,Android,Mumbai,19,0,
TXN109883,2026-09-14 19:53:31,USER101218,USER101031,530.83,Entertainment,Android,Hyderabad,19,0,
TXN109884,2026-09-14 19:55:35,USER102647,USER101992,208.05,Grocery,Android,Chennai,19,0,
TXN109885,2026-09-14 19:56:25,USER101199,USER101094,2264.61,Travel,Android,Kolkata,19,0,
TXN109886,2026-09-14 19:58:07,USER101869,USER101440,1286.64,P2P Transfer,iOS,Jaipur,19,0,
TXN109887,2026-09-14 19:58:53,USER100537,USER100220,104.93,Utility Bills,Android,Pune,19,0,
TXN109888,2026-09-14 19:59:38,USER101496,USER102060,169.09,Utility Bills,Android,Delhi,19,0,
TXN109889,2026-09-14 20:00:14,USER101575,USER102117,51.2,P2P Transfer,Android,Pune,20,0,
TXN109890,2026-09-14 20:00:37,USER100939,USER102639,899.26,Fuel,iOS,Mumbai,20,0,
TXN109891,2026-09-14 20:04:58,USER101175,MERCH200757,63.26,Shopping,Android,Indore,20,0,
TXN109892,2026-09-14 20:06:00,USER100820,USER102851,404.69,Grocery,iOS,Mumbai,20,0,
TXN109893,2026-09-14 20:06:31,USER102148,USER102557,265.65,Healthcare,Android,Patna,20,0,
TXN109894,2026-09-14 20:08:13,USER102962,USER100638,366.45,Healthcare,Android,Pune,20,0,
TXN109895,2026-09-14 20:09:16,USER100494,USER101297,595.57,Healthcare,Android,Chennai,20,0,
TXN109896,2026-09-14 20:10:09,USER101492,MERCH201161,1044.61,Travel,Android,Hyderabad,20,0,
TXN109897,2026-09-14 20:11:22,USER102177,MERCH200596,330.56,Fuel,iOS,Delhi,20,0,
TXN109898,2026-09-14 20:11:34,USER102842,USER100750,72.69,Healthcare,Android,Delhi,20,0,
TXN109899,2026-09-14 20:16:11,USER101987,USER100612,190.36,Healthcare,Android,Jaipur,20,0,
TXN109900,2026-09-14 20:16:25,USER101758,USER100388,175.05,Healthcare,Android,Delhi,20,0,
TXN109901,2026-09-14 20:16:37,USER101184,MERCH201048,231.4,Entertainment,Android,Delhi,20,0,
TXN109902,2026-09-14 20:19:04,USER100521,USER102057,2878.24,Food & Dining,Android,Bengaluru,20,0,
TXN109903,2026-09-14 20:20:22,USER102435,MERCH200195,77.1,Healthcare,Android,Bengaluru,20,0,
TXN109904,2026-09-14 20:20:56,USER100931,USER101253,123.67,Food & Dining,Android,Ahmedabad,20,0,
TXN109905,2026-09-14 20:22:24,USER101043,MERCH200811,194.89,Mobile Recharge,Android,Mumbai,20,0,
TXN109906,2026-09-14 20:23:25,USER102007,USER100168,1504.56,Fuel,iOS,Delhi,20,0,
TXN109907,2026-09-14 20:26:31,USER100513,USER100079,331.29,Grocery,Android,Jaipur,20,0,
TXN109908,2026-09-14 20:26:35,USER102137,MERCH201024,261.37,Entertainment,Android,Ahmedabad,20,0,
TXN109909,2026-09-14 20:29:36,USER100644,USER102943,597.18,Food & Dining,Android,Pune,20,0,
TXN109910,2026-09-14 20:30:25,USER101487,USER100401,1821.76,P2P Transfer,Android,Mumbai,20,0,
TXN109911,2026-09-14 20:31:31,USER102758,USER102020,87.96,P2P Transfer,Android,Mumbai,20,0,
TXN109912,2026-09-14 20:32:34,USER101062,MERCH200819,382.44,Mobile Recharge,Android,Hyderabad,20,0,
TXN109913,2026-09-14 20:36:10,USER102211,USER102957,169.72,Grocery,Android,Mumbai,20,0,
TXN109914,2026-09-14 20:36:59,USER102031,USER100166,835.49,P2P Transfer,Android,Delhi,20,0,
TXN109915,2026-09-14 20:37:27,USER100672,USER100700,563.84,Entertainment,iOS,Mumbai,20,0,
TXN109916,2026-09-14 20:38:59,USER101692,MERCH200314,190.34,Fuel,Android,Bengaluru,20,0,
TXN109917,2026-09-14 20:39:08,USER101757,USER100053,210.99,Utility Bills,Android,Mumbai,20,0,
TXN109918,2026-09-14 20:39:43,USER102169,MERCH200507,729.73,Food & Dining,Android,Indore,20,0,
TXN109919,2026-09-14 20:41:08,USER102756,USER102697,257.53,Food & Dining,Android,Bengaluru,20,0,
TXN109920,2026-09-14 20:42:27,USER101916,USER101853,122.7,Fuel,Android,Ahmedabad,20,0,
TXN109921,2026-09-14 20:43:19,USER101364,USER102911,177.01,Mobile Recharge,Android,Delhi,20,0,
TXN109922,2026-09-14 20:43:40,USER101568,MERCH201064,1042.96,Food & Dining,Android,Bengaluru,20,0,
TXN109923,2026-09-14 20:46:01,USER100476,MERCH201344,1182.46,P2P Transfer,Android,Pune,20,0,
TXN109924,2026-09-14 20:47:08,USER101203,MERCH200228,134.58,Food & Dining,Android,Kolkata,20,0,
TXN109925,2026-09-14 20:48:05,USER102440,USER101993,119.21,Entertainment,Android,Kolkata,20,0,
TXN109926,2026-09-14 20:48:24,USER102243,MERCH201081,164.87,Entertainment,Android,Delhi,20,0,
TXN109927,2026-09-14 20:49:02,USER102661,USER102360,197.66,Travel,Android,Delhi,20,0,
TXN109928,2026-09-14 20:51:11,USER101370,MERCH201467,155.89,Utility Bills,Android,Mumbai,20,0,
TXN109929,2026-09-14 20:55:15,USER101119,USER102895,752.79,Food & Dining,Android,Kolkata,20,0,
TXN109930,2026-09-14 20:56:05,USER102372,USER100237,3295.38,Entertainment,iOS,Mumbai,20,0,
TXN109931,2026-09-14 20:56:19,USER100042,MERCH200830,259.9,Healthcare,iOS,Bengaluru,20,0,
TXN109932,2026-09-14 20:59:11,USER102718,MERCH200736,455.77,Travel,Android,Jaipur,20,0,
TXN109933,2026-09-14 21:00:40,USER102245,USER102405,654.9,Fuel,Android,Hyderabad,21,0,
TXN109934,2026-09-14 21:01:10,USER101705,USER101459,296.82,Entertainment,Android,Kolkata,21,0,
TXN109935,2026-09-14 21:01:40,USER102756,USER100788,183.16,Utility Bills,Android,Chennai,21,0,
TXN109936,2026-09-14 21:04:02,USER101289,MERCH200542,201.08,Utility Bills,Android,Bengaluru,21,0,
TXN109937,2026-09-14 21:07:57,USER102945,MERCH200492,87.88,P2P Transfer,Android,Delhi,21,0,
TXN109938,2026-09-14 21:09:42,USER101053,MERCH201064,167.74,Fuel,Android,Indore,21,0,
TXN109939,2026-09-14 21:09:42,USER102529,MERCH200680,594.39,Fuel,Android,Jaipur,21,0,
TXN109940,2026-09-14 21:11:20,USER102017,MERCH200548,245.07,Travel,iOS,Lucknow,21,0,
TXN109941,2026-09-14 21:16:06,USER102123,MERCH201466,31.85,Grocery,Android,Ahmedabad,21,0,
TXN109942,2026-09-14 21:17:14,USER102013,MERCH200976,141.63,Mobile Recharge,Android,Chennai,21,0,
TXN109943,2026-09-14 21:17:56,USER101777,USER102907,327.5,P2P Transfer,iOS,Ahmedabad,21,0,
TXN109944,2026-09-14 21:21:36,USER102222,USER101129,1422.27,Utility Bills,Android,Mumbai,21,0,
TXN109945,2026-09-14 21:22:33,USER100436,USER101159,158.71,Healthcare,Android,Mumbai,21,0,
TXN109946,2026-09-14 21:26:02,USER100718,MERCH201241,138.71,Food & Dining,iOS,Hyderabad,21,0,
TXN109947,2026-09-14 21:26:25,USER102309,USER100003,191.94,Shopping,Android,Bengaluru,21,0,
TXN109948,2026-09-14 21:28:10,USER102094,MERCH201449,125.1,Mobile Recharge,Android,Bengaluru,21,0,
TXN109949,2026-09-14 21:29:47,USER102825,USER101827,113.95,Grocery,Android,Mumbai,21,0,
TXN109950,2026-09-14 21:30:07,USER101543,MERCH200969,105.89,Utility Bills,iOS,Delhi,21,0,
TXN109951,2026-09-14 21:31:28,USER102482,USER102702,445.81,Mobile Recharge,iOS,Bengaluru,21,0,
TXN109952,2026-09-14 21:33:57,USER101983,USER101079,995.94,Travel,Android,Mumbai,21,0,
TXN109953,2026-09-14 21:34:14,USER101503,MERCH200842,102.97,Utility Bills,Android,Pune,21,0,
TXN109954,2026-09-14 21:36:36,USER100660,USER101051,169.07,P2P Transfer,Android,Pune,21,0,
TXN109955,2026-09-14 21:36:38,USER101157,USER100833,42.04,Food & Dining,Android,Mumbai,21,0,
TXN109956,2026-09-14 21:36:54,USER102361,MERCH200038,139.54,Entertainment,Android,Mumbai,21,0,
TXN109957,2026-09-14 21:38:02,USER102879,USER100390,914.71,Travel,Android,Hyderabad,21,0,
TXN109958,2026-09-14 21:39:17,USER102087,USER100388,412.97,Food & Dining,Android,Delhi,21,0,
TXN109959,2026-09-14 21:46:21,USER102625,USER102085,336.72,Entertainment,Android,Bengaluru,21,0,
TXN109960,2026-09-14 21:50:37,USER100346,USER101336,271.09,Travel,Android,Mumbai,21,0,
TXN109961,2026-09-14 21:51:47,USER100459,MERCH200528,283.44,Healthcare,Android,Hyderabad,21,0,
TXN109962,2026-09-14 21:59:21,USER102012,USER101441,522.82,Utility Bills,Android,Hyderabad,21,0,
TXN109963,2026-09-14 22:06:50,USER101092,USER102893,463.97,Entertainment,Android,Hyderabad,22,0,
TXN109964,2026-09-14 22:10:46,USER101610,USER102794,1181.19,Mobile Recharge,Android,Delhi,22,0,
TXN109965,2026-09-14 22:13:19,USER101131,USER100953,231.07,Entertainment,Android,Jaipur,22,0,
TXN109966,2026-09-14 22:14:10,USER102220,USER102692,16.11,Grocery,iOS,Bengaluru,22,0,
TXN109967,2026-09-14 22:16:58,USER101255,USER101135,2360.88,Food & Dining,Android,Bengaluru,22,0,
TXN109968,2026-09-14 22:17:10,USER101115,USER101111,323.66,Healthcare,Android,Mumbai,22,0,
TXN109969,2026-09-14 22:19:34,USER102373,USER101159,247.98,Mobile Recharge,Android,Patna,22,0,
TXN109970,2026-09-14 22:21:13,USER101567,USER102570,154.42,Healthcare,Android,Hyderabad,22,0,
TXN109971,2026-09-14 22:21:58,USER101308,USER101733,128.84,Entertainment,Android,Bengaluru,22,0,
TXN109972,2026-09-14 22:22:29,USER100532,USER102648,1483.66,Fuel,Android,Bengaluru,22,0,
TXN109973,2026-09-14 22:22:45,USER101991,USER102897,573.21,Mobile Recharge,Android,Bengaluru,22,0,
TXN109974,2026-09-14 22:23:53,USER101745,USER102362,195.57,Food & Dining,Android,Mumbai,22,0,
TXN109975,2026-09-14 22:24:43,USER101688,MERCH201152,564.44,Travel,iOS,Ahmedabad,22,0,
TXN109976,2026-09-14 22:27:29,USER100160,USER102635,373.78,Travel,iOS,Hyderabad,22,0,
TXN109977,2026-09-14 22:29:32,USER102432,USER101496,103.71,Grocery,Android,Chennai,22,0,
TXN109978,2026-09-14 22:31:39,USER101967,USER102274,61.02,Fuel,Android,Lucknow,22,0,
TXN109979,2026-09-14 22:36:14,USER101790,USER101804,161.13,P2P Transfer,Android,Bengaluru,22,0,
TXN109980,2026-09-14 22:36:29,USER100692,USER102953,185.64,Travel,Android,Pune,22,0,
TXN109981,2026-09-14 22:36:44,USER101731,MERCH200882,597.71,Fuel,Android,Chennai,22,0,
TXN109982,2026-09-14 22:37:35,USER102578,USER101920,2268.35,Food & Dining,Android,Mumbai,22,0,
TXN109983,2026-09-14 22:38:38,USER102774,USER101516,54.8,Shopping,Android,Delhi,22,0,
TXN109984,2026-09-14 22:39:43,USER102694,USER102840,154.95,Fuel,Android,Chennai,22,0,
TXN109985,2026-09-14 22:41:27,USER100044,USER101824,286.48,Travel,Android,Hyderabad,22,0,
TXN109986,2026-09-14 22:43:47,USER100834,MERCH201042,756.57,Grocery,Android,Lucknow,22,0,
TXN109987,2026-09-14 22:51:16,USER101089,USER101683,2333.7,Travel,Android,Kolkata,22,0,
TXN109988,2026-09-14 22:52:39,USER102719,USER100893,648.93,P2P Transfer,Android,Indore,22,0,
TXN109989,2026-09-14 22:55:25,USER101780,MERCH201442,170.43,Utility Bills,Android,Hyderabad,22,0,
TXN109990,2026-09-14 22:59:21,USER101057,MERCH200565,613.34,Fuel,Android,Lucknow,22,0,
TXN109991,2026-09-14 23:05:54,USER101961,MERCH200915,143.61,Mobile Recharge,iOS,Hyderabad,23,0,
TXN109992,2026-09-14 23:23:31,USER101406,USER101314,699.44,Fuel,Android,Patna,23,0,
TXN109993,2026-09-14 23:24:48,USER102271,USER102854,158.53,Entertainment,Android,Hyderabad,23,0,
TXN109994,2026-09-14 23:30:35,USER101978,MERCH201289,727.26,Utility Bills,Android,Indore,23,0,
TXN109995,2026-09-14 23:35:45,USER100580,USER100929,358.37,Mobile Recharge,Android,Bengaluru,23,0,
TXN109996,2026-09-14 23:37:10,USER100387,USER102591,412.04,Shopping,Android,Mumbai,23,0,
TXN109997,2026-09-14 23:48:39,USER100563,USER101977,554.74,Food & Dining,Android,Ahmedabad,23,0,
TXN109998,2026-09-14 23:50:04,USER102294,USER102639,354.31,P2P Transfer,Android,Hyderabad,23,0,
TXN109999,2026-09-14 23:54:30,USER101237,USER101550,56.73,Fuel,Android,Mumbai,23,0,
TXN110000,2026-09-14 23:58:13,USER100054,MERCH200544,97.12,P2P Transfer,Android,Bengaluru,23,0,
